2024-05-25 13:39:48.692 [CLSECHO(374969)]CLSRSC-0567: Beginning Oracle Grid Infrastructure configuration.
2024-05-25 13:39:55.934 [OCRCONFIG(378067)]CRS-2101: The OLR was formatted using version 4.
2024-05-25 13:40:00.539 [CLSCFG(378086)]CRS-4750: Multicast is enabled.
2024-05-25 13:40:07.530 [CRSCTL(378302)]CRS-1013: The OCR location in an ASM disk group is inaccessible. Details in /u01/app/oracle/diag/crs/hannvzdlrasvr02/crs/trace/crsctl_378302.trc.
2024-05-25 13:40:10.853 [OHASD(379419)]CRS-8500: Oracle Clusterware OHASD process is starting with operating system process ID 379419
2024-05-25 13:40:10.893 [OHASD(379419)]CRS-0714: Oracle Clusterware Release 19.0.0.0.0.
2024-05-25 13:40:10.897 [OHASD(379419)]CRS-2112: The OLR service started on node hannvzdlrasvr02.
2024-05-25 13:40:10.917 [OHASD(379419)]CRS-1301: Oracle High Availability Service started on node hannvzdlrasvr02.
2024-05-25 13:40:16.993 [CRSCTL(379242)]CRS-1013: The OCR location in an ASM disk group is inaccessible. Details in /u01/app/oracle/diag/crs/hannvzdlrasvr02/crs/trace/crsctl_379242.trc.
2024-05-25 13:40:20.695 [CLSECHO(383368)]ACFS-9300: ADVM/ACFS distribution files found.
2024-05-25 13:40:20.866 [CLSECHO(383460)]ACFS-9314: Removing previous ADVM/ACFS installation.
2024-05-25 13:40:24.658 [CLSECHO(383843)]ACFS-9315: Previous ADVM/ACFS components successfully removed.
2024-05-25 13:40:24.704 [CLSECHO(383865)]ACFS-9294: updating file /etc/sysconfig/oracledrivers.conf
2024-05-25 13:40:24.761 [CLSECHO(383895)]ACFS-9307: Installing requested ADVM/ACFS software.
2024-05-25 13:40:24.779 [CLSECHO(383903)]ACFS-9503: ADVM and ACFS driver media location is '/u01/app/19.0.0.0/grid/usm/install/Oracle/EL8UEK/x86_64/5.4.17-2011.0.7/5.4.17-2011.0.7-x86_64/bin'
2024-05-25 13:40:25.680 [CLSECHO(384332)]ACFS-9294: updating file /etc/sysconfig/oracledrivers.conf
2024-05-25 13:40:25.708 [CLSECHO(384340)]ACFS-9308: Loading installed ADVM/ACFS drivers.
2024-05-25 13:40:25.724 [CLSECHO(384348)]ACFS-9321: Creating udev for ADVM/ACFS.
2024-05-25 13:40:25.741 [CLSECHO(384356)]ACFS-9323: Creating module dependencies - this may take some time.
2024-05-25 13:40:29.546 [CLSECHO(384707)]ACFS-9154: Loading 'oracleoks.ko' driver.
2024-05-25 13:40:30.004 [CLSECHO(384819)]ACFS-9154: Loading 'oracleadvm.ko' driver.
2024-05-25 13:40:30.580 [CLSECHO(385012)]ACFS-9154: Loading 'oracleacfs.ko' driver.
2024-05-25 13:40:31.551 [CLSECHO(385174)]ACFS-9327: Verifying ADVM/ACFS devices.
2024-05-25 13:40:31.613 [CLSECHO(385208)]ACFS-9156: Detecting control device '/dev/asm/.asm_ctl_spec'.
2024-05-25 13:40:31.649 [CLSECHO(385228)]ACFS-9156: Detecting control device '/dev/ofsctl'.
2024-05-25 13:40:33.634 [CLSECHO(387629)]ACFS-9309: ADVM/ACFS installation correctness verified.
2024-05-25 13:40:35.233 [CLSECHO(388575)]Can't find message for prod[usm] fac[OKA] & msg id [9550]
2024-05-25 13:40:36.273 [OHASD(379419)]CRS-2791: Starting shutdown of Oracle High Availability Services-managed resources on 'hannvzdlrasvr02'
2024-05-25 13:40:36.274 [OHASD(379419)]CRS-2793: Shutdown of Oracle High Availability Services-managed resources on 'hannvzdlrasvr02' has completed
2024-05-25 13:40:39.213 [OHASD(389344)]CRS-8500: Oracle Clusterware OHASD process is starting with operating system process ID 389344
2024-05-25 13:40:39.251 [OHASD(389344)]CRS-0714: Oracle Clusterware Release 19.0.0.0.0.
2024-05-25 13:40:39.255 [OHASD(389344)]CRS-2112: The OLR service started on node hannvzdlrasvr02.
2024-05-25 13:40:39.379 [OHASD(389344)]CRS-1301: Oracle High Availability Service started on node hannvzdlrasvr02.
2024-05-25 13:40:39.706 [ORAROOTAGENT(390137)]CRS-8500: Oracle Clusterware ORAROOTAGENT process is starting with operating system process ID 390137
2024-05-25 13:40:39.720 [CSSDMONITOR(390170)]CRS-8500: Oracle Clusterware CSSDMONITOR process is starting with operating system process ID 390170
2024-05-25 13:40:39.721 [CSSDAGENT(390162)]CRS-8500: Oracle Clusterware CSSDAGENT process is starting with operating system process ID 390162
2024-05-25 13:40:39.725 [ORAAGENT(390148)]CRS-8500: Oracle Clusterware ORAAGENT process is starting with operating system process ID 390148
2024-05-25 13:40:42.420 [OHASD(389344)]CRS-2791: Starting shutdown of Oracle High Availability Services-managed resources on 'hannvzdlrasvr02'
2024-05-25 13:40:42.631 [OHASD(389344)]CRS-2793: Shutdown of Oracle High Availability Services-managed resources on 'hannvzdlrasvr02' has completed
2024-05-25 13:40:42.636 [ORAROOTAGENT(390137)]CRS-5822: Agent '/u01/app/19.0.0.0/grid/bin/orarootagent_root' disconnected from server. Details at (:CRSAGF00117:) {0:1:3} in /u01/app/oracle/diag/crs/hannvzdlrasvr02/crs/trace/ohasd_orarootagent_root.trc.
2024-05-25 13:40:45.372 [OHASD(391651)]CRS-8500: Oracle Clusterware OHASD process is starting with operating system process ID 391651
2024-05-25 13:40:45.412 [OHASD(391651)]CRS-0714: Oracle Clusterware Release 19.0.0.0.0.
2024-05-25 13:40:45.417 [OHASD(391651)]CRS-2112: The OLR service started on node hannvzdlrasvr02.
2024-05-25 13:40:45.511 [OHASD(391651)]CRS-1301: Oracle High Availability Service started on node hannvzdlrasvr02.
2024-05-25 13:40:45.834 [ORAROOTAGENT(392200)]CRS-8500: Oracle Clusterware ORAROOTAGENT process is starting with operating system process ID 392200
2024-05-25 13:40:45.844 [CSSDMONITOR(392221)]CRS-8500: Oracle Clusterware CSSDMONITOR process is starting with operating system process ID 392221
2024-05-25 13:40:45.844 [CSSDAGENT(392216)]CRS-8500: Oracle Clusterware CSSDAGENT process is starting with operating system process ID 392216
2024-05-25 13:40:45.851 [ORAAGENT(392210)]CRS-8500: Oracle Clusterware ORAAGENT process is starting with operating system process ID 392210
2024-05-25 13:40:46.393 [ORAAGENT(392341)]CRS-8500: Oracle Clusterware ORAAGENT process is starting with operating system process ID 392341
2024-05-25 13:40:46.615 [MDNSD(392369)]CRS-8500: Oracle Clusterware MDNSD process is starting with operating system process ID 392369
2024-05-25 13:40:46.606 [EVMD(392368)]CRS-8500: Oracle Clusterware EVMD process is starting with operating system process ID 392368
2024-05-25 13:40:47.633 [GPNPD(392495)]CRS-8500: Oracle Clusterware GPNPD process is starting with operating system process ID 392495
2024-05-25 13:40:48.532 [GPNPD(392495)]CRS-2328: GPNPD started on node hannvzdlrasvr02. 
2024-05-25 13:40:48.652 [GIPCD(392594)]CRS-8500: Oracle Clusterware GIPCD process is starting with operating system process ID 392594
2024-05-25 13:40:52.792 [OSYSMOND(392924)]CRS-8500: Oracle Clusterware OSYSMOND process is starting with operating system process ID 392924
2024-05-25 13:40:52.794 [CSSDMONITOR(392922)]CRS-8500: Oracle Clusterware CSSDMONITOR process is starting with operating system process ID 392922
2024-05-25 13:40:53.111 [CSSDAGENT(393026)]CRS-8500: Oracle Clusterware CSSDAGENT process is starting with operating system process ID 393026
2024-05-25 13:40:58.935 [OCSSD(393063)]CRS-8500: Oracle Clusterware OCSSD process is starting with operating system process ID 393063
2024-05-25 13:40:59.973 [OCSSD(393063)]CRS-1713: CSSD daemon is started in hub mode
2024-05-25 13:41:09.773 [OCSSD(393063)]CRS-1707: Lease acquisition for node hannvzdlrasvr02 number 2 completed
2024-05-25 13:41:10.852 [OCSSD(393063)]CRS-1621: The IPMI configuration data for this node stored in the Oracle registry is incomplete; details at (:CSSNK00002:) in /u01/app/oracle/diag/crs/hannvzdlrasvr02/crs/trace/ocssd.trc
2024-05-25 13:41:10.853 [OCSSD(393063)]CRS-1617: The information required to do node kill for node hannvzdlrasvr02 is incomplete; details at (:CSSNM00004:) in /u01/app/oracle/diag/crs/hannvzdlrasvr02/crs/trace/ocssd.trc
2024-05-25 13:41:10.888 [OCSSD(393063)]CRS-1605: CSSD voting file is online: o/10.9.27.33;10.9.27.34/CATALOG_CD_04_hannvzdlracel01; details in /u01/app/oracle/diag/crs/hannvzdlrasvr02/crs/trace/ocssd.trc.
2024-05-25 13:41:10.892 [OCSSD(393063)]CRS-1605: CSSD voting file is online: o/10.9.27.35;10.9.27.36/CATALOG_CD_03_hannvzdlracel02; details in /u01/app/oracle/diag/crs/hannvzdlrasvr02/crs/trace/ocssd.trc.
2024-05-25 13:41:10.897 [OCSSD(393063)]CRS-1605: CSSD voting file is online: o/10.9.27.49;10.9.27.50/CATALOG_CD_08_hannvzdlracel09; details in /u01/app/oracle/diag/crs/hannvzdlrasvr02/crs/trace/ocssd.trc.
2024-05-25 13:41:10.910 [OCSSD(393063)]CRS-1605: CSSD voting file is online: o/10.9.27.51;10.9.27.52/CATALOG_CD_03_hannvzdlracel10; details in /u01/app/oracle/diag/crs/hannvzdlrasvr02/crs/trace/ocssd.trc.
2024-05-25 13:41:10.916 [OCSSD(393063)]CRS-1605: CSSD voting file is online: o/10.9.27.53;10.9.27.54/CATALOG_CD_03_hannvzdlracel11; details in /u01/app/oracle/diag/crs/hannvzdlrasvr02/crs/trace/ocssd.trc.
2024-05-25 13:41:12.778 [OCSSD(393063)]CRS-1601: CSSD Reconfiguration complete. Active nodes are hannvzdlrasvr01 hannvzdlrasvr02 .
2024-05-25 13:41:13.851 [OCSSD(393063)]CRS-1720: Cluster Synchronization Services daemon (CSSD) is ready for operation.
2024-05-25 13:41:14.438 [OCTSSD(394174)]CRS-8500: Oracle Clusterware OCTSSD process is starting with operating system process ID 394174
2024-05-25 13:41:15.285 [OCTSSD(394174)]CRS-2403: The Cluster Time Synchronization Service on host hannvzdlrasvr02 is in observer mode.
2024-05-25 13:41:16.491 [OCTSSD(394174)]CRS-2407: The new Cluster Time Synchronization Service reference node is host hannvzdlrasvr01.
2024-05-25 13:41:16.491 [OCTSSD(394174)]CRS-2401: The Cluster Time Synchronization Service started on host hannvzdlrasvr02.
2024-05-25 13:41:46.139 [CRSD(395414)]CRS-8500: Oracle Clusterware CRSD process is starting with operating system process ID 395414
2024-05-25 13:41:48.416 [CRSD(395414)]CRS-1012: The OCR service started on node hannvzdlrasvr02.
2024-05-25 13:41:49.441 [CRSD(395414)]CRS-1201: CRSD started on node hannvzdlrasvr02.
2024-05-25 13:41:49.727 [ORAROOTAGENT(395558)]CRS-8500: Oracle Clusterware ORAROOTAGENT process is starting with operating system process ID 395558
2024-05-25 13:41:49.750 [ORAAGENT(395548)]CRS-8500: Oracle Clusterware ORAAGENT process is starting with operating system process ID 395548
2024-05-25 13:56:12.149 [CLSECHO(58932)]AFD-0654: AFD is not supported on Exadata systems
2024-05-25 14:34:31.941 [OHASD(391651)]CRS-2791: Starting shutdown of Oracle High Availability Services-managed resources on 'hannvzdlrasvr02'
2024-05-25 14:34:39.964 [ORAROOTAGENT(395558)]CRS-5822: Agent '/u01/app/19.0.0.0/grid/bin/orarootagent_root' disconnected from server. Details at (:CRSAGF00117:) {0:1:7} in /u01/app/oracle/diag/crs/hannvzdlrasvr02/crs/trace/crsd_orarootagent_root.trc.
2024-05-25 14:34:42.832 [MDNSD(392369)]CRS-5602: mDNS service stopping by request.
2024-05-25 14:34:43.441 [MDNSD(392369)]CRS-8504: Oracle Clusterware MDNSD process with operating system process ID 392369 is exiting
2024-05-25 14:35:18.531 [OCTSSD(394174)]CRS-2405: The Cluster Time Synchronization Service on host hannvzdlrasvr02 is shutdown by user
2024-05-25 14:35:18.531 [OCTSSD(394174)]CRS-8504: Oracle Clusterware OCTSSD process with operating system process ID 394174 is exiting
2024-05-25 14:35:19.539 [OCSSD(393063)]CRS-1603: CSSD on node hannvzdlrasvr02 has been shut down.
2024-05-25 14:35:22.036 [ORAROOTAGENT(187729)]CRS-8500: Oracle Clusterware ORAROOTAGENT process is starting with operating system process ID 187729
2024-05-25 14:35:22.543 [GPNPD(392495)]CRS-2329: GPNPD on node hannvzdlrasvr02 shut down. 
2024-05-25 14:35:23.548 [OHASD(391651)]CRS-2793: Shutdown of Oracle High Availability Services-managed resources on 'hannvzdlrasvr02' has completed
2024-05-25 14:35:23.556 [ORAROOTAGENT(187729)]CRS-5822: Agent '/u01/app/19.0.0.0/grid/bin/orarootagent_root' disconnected from server. Details at (:CRSAGF00117:) {0:8:4} in /u01/app/oracle/diag/crs/hannvzdlrasvr02/crs/trace/ohasd_orarootagent_root.trc.
2024-05-25 14:38:18.382 [OHASD(198346)]CRS-8500: Oracle Clusterware OHASD process is starting with operating system process ID 198346
2024-05-25 14:38:18.421 [OHASD(198346)]CRS-0714: Oracle Clusterware Release 19.0.0.0.0.
2024-05-25 14:38:18.427 [OHASD(198346)]CRS-2112: The OLR service started on node hannvzdlrasvr02.
2024-05-25 14:38:18.538 [OHASD(198346)]CRS-1301: Oracle High Availability Service started on node hannvzdlrasvr02.
2024-05-25 14:38:18.538 [OHASD(198346)]CRS-8017: location: /etc/oracle/lastgasp has 2 reboot advisory log files, 0 were announced and 0 errors occurred
2024-05-25 14:38:18.861 [ORAROOTAGENT(198657)]CRS-8500: Oracle Clusterware ORAROOTAGENT process is starting with operating system process ID 198657
2024-05-25 14:38:18.871 [CSSDMONITOR(198681)]CRS-8500: Oracle Clusterware CSSDMONITOR process is starting with operating system process ID 198681
2024-05-25 14:38:18.871 [CSSDAGENT(198676)]CRS-8500: Oracle Clusterware CSSDAGENT process is starting with operating system process ID 198676
2024-05-25 14:38:18.877 [ORAAGENT(198670)]CRS-8500: Oracle Clusterware ORAAGENT process is starting with operating system process ID 198670
2024-05-25 14:38:19.420 [ORAAGENT(198879)]CRS-8500: Oracle Clusterware ORAAGENT process is starting with operating system process ID 198879
2024-05-25 14:38:19.642 [MDNSD(198929)]CRS-8500: Oracle Clusterware MDNSD process is starting with operating system process ID 198929
2024-05-25 14:38:19.642 [EVMD(198927)]CRS-8500: Oracle Clusterware EVMD process is starting with operating system process ID 198927
2024-05-25 14:38:20.657 [GPNPD(199160)]CRS-8500: Oracle Clusterware GPNPD process is starting with operating system process ID 199160
2024-05-25 14:38:21.552 [GPNPD(199160)]CRS-2328: GPNPD started on node hannvzdlrasvr02. 
2024-05-25 14:38:21.674 [GIPCD(199488)]CRS-8500: Oracle Clusterware GIPCD process is starting with operating system process ID 199488
2024-05-25 14:38:25.853 [OSYSMOND(200616)]CRS-8500: Oracle Clusterware OSYSMOND process is starting with operating system process ID 200616
2024-05-25 14:38:25.856 [CSSDMONITOR(200614)]CRS-8500: Oracle Clusterware CSSDMONITOR process is starting with operating system process ID 200614
2024-05-25 14:38:26.169 [CSSDAGENT(200722)]CRS-8500: Oracle Clusterware CSSDAGENT process is starting with operating system process ID 200722
2024-05-25 14:38:32.000 [OCSSD(200811)]CRS-8500: Oracle Clusterware OCSSD process is starting with operating system process ID 200811
2024-05-25 14:38:33.040 [OCSSD(200811)]CRS-1713: CSSD daemon is started in hub mode
2024-05-25 14:38:34.466 [OCSSD(200811)]CRS-1707: Lease acquisition for node hannvzdlrasvr02 number 2 completed
2024-05-25 14:38:35.554 [OCSSD(200811)]CRS-1621: The IPMI configuration data for this node stored in the Oracle registry is incomplete; details at (:CSSNK00002:) in /u01/app/oracle/diag/crs/hannvzdlrasvr02/crs/trace/ocssd.trc
2024-05-25 14:38:35.555 [OCSSD(200811)]CRS-1617: The information required to do node kill for node hannvzdlrasvr02 is incomplete; details at (:CSSNM00004:) in /u01/app/oracle/diag/crs/hannvzdlrasvr02/crs/trace/ocssd.trc
2024-05-25 14:38:35.590 [OCSSD(200811)]CRS-1605: CSSD voting file is online: o/10.9.27.33;10.9.27.34/CATALOG_CD_04_hannvzdlracel01; details in /u01/app/oracle/diag/crs/hannvzdlrasvr02/crs/trace/ocssd.trc.
2024-05-25 14:38:35.594 [OCSSD(200811)]CRS-1605: CSSD voting file is online: o/10.9.27.35;10.9.27.36/CATALOG_CD_03_hannvzdlracel02; details in /u01/app/oracle/diag/crs/hannvzdlrasvr02/crs/trace/ocssd.trc.
2024-05-25 14:38:35.598 [OCSSD(200811)]CRS-1605: CSSD voting file is online: o/10.9.27.49;10.9.27.50/CATALOG_CD_08_hannvzdlracel09; details in /u01/app/oracle/diag/crs/hannvzdlrasvr02/crs/trace/ocssd.trc.
2024-05-25 14:38:35.613 [OCSSD(200811)]CRS-1605: CSSD voting file is online: o/10.9.27.51;10.9.27.52/CATALOG_CD_03_hannvzdlracel10; details in /u01/app/oracle/diag/crs/hannvzdlrasvr02/crs/trace/ocssd.trc.
2024-05-25 14:38:35.618 [OCSSD(200811)]CRS-1605: CSSD voting file is online: o/10.9.27.53;10.9.27.54/CATALOG_CD_03_hannvzdlracel11; details in /u01/app/oracle/diag/crs/hannvzdlrasvr02/crs/trace/ocssd.trc.
2024-05-25 14:38:39.705 [OCSSD(200811)]CRS-1601: CSSD Reconfiguration complete. Active nodes are hannvzdlrasvr01 hannvzdlrasvr02 .
2024-05-25 14:38:41.492 [OCTSSD(203784)]CRS-8500: Oracle Clusterware OCTSSD process is starting with operating system process ID 203784
2024-05-25 14:38:41.775 [OCSSD(200811)]CRS-1720: Cluster Synchronization Services daemon (CSSD) is ready for operation.
2024-05-25 14:38:42.339 [OCTSSD(203784)]CRS-2403: The Cluster Time Synchronization Service on host hannvzdlrasvr02 is in observer mode.
2024-05-25 14:38:43.522 [OCTSSD(203784)]CRS-2407: The new Cluster Time Synchronization Service reference node is host hannvzdlrasvr01.
2024-05-25 14:38:43.522 [OCTSSD(203784)]CRS-2401: The Cluster Time Synchronization Service started on host hannvzdlrasvr02.
2024-05-25 14:39:12.882 [CRSD(208179)]CRS-8500: Oracle Clusterware CRSD process is starting with operating system process ID 208179
2024-05-25 14:39:15.139 [CRSD(208179)]CRS-1012: The OCR service started on node hannvzdlrasvr02.
2024-05-25 14:39:16.161 [CRSD(208179)]CRS-1201: CRSD started on node hannvzdlrasvr02.
2024-05-25 14:39:16.460 [ORAAGENT(208349)]CRS-8500: Oracle Clusterware ORAAGENT process is starting with operating system process ID 208349
2024-05-25 14:39:16.487 [ORAROOTAGENT(208359)]CRS-8500: Oracle Clusterware ORAROOTAGENT process is starting with operating system process ID 208359
2024-05-25 14:40:46.045 [CLSECHO(233335)]AFD-0654: AFD is not supported on Exadata systems
2024-05-25 14:50:53.217 [CLSECHO(357016)]AFD-0654: AFD is not supported on Exadata systems
2024-05-25 15:00:46.458 [CLSECHO(99587)]AFD-0654: AFD is not supported on Exadata systems
2024-05-25 15:15:16.867 [OHASD(198346)]CRS-2791: Starting shutdown of Oracle High Availability Services-managed resources on 'hannvzdlrasvr02'
2024-05-25 15:17:25.907 [ORAROOTAGENT(208359)]CRS-5822: Agent '/u01/app/19.0.0.0/grid/bin/orarootagent_root' disconnected from server. Details at (:CRSAGF00117:) {0:2:15} in /u01/app/oracle/diag/crs/hannvzdlrasvr02/crs/trace/crsd_orarootagent_root.trc.
2024-05-25 15:17:28.551 [MDNSD(198929)]CRS-5602: mDNS service stopping by request.
2024-05-25 15:17:29.159 [MDNSD(198929)]CRS-8504: Oracle Clusterware MDNSD process with operating system process ID 198929 is exiting
2024-05-25 15:18:00.564 [OCTSSD(203784)]CRS-2405: The Cluster Time Synchronization Service on host hannvzdlrasvr02 is shutdown by user
2024-05-25 15:18:00.565 [OCTSSD(203784)]CRS-8504: Oracle Clusterware OCTSSD process with operating system process ID 203784 is exiting
2024-05-25 15:18:01.573 [OCSSD(200811)]CRS-1603: CSSD on node hannvzdlrasvr02 has been shut down.
2024-05-25 15:18:04.074 [ORAROOTAGENT(163779)]CRS-8500: Oracle Clusterware ORAROOTAGENT process is starting with operating system process ID 163779
2024-05-25 15:18:04.578 [GPNPD(199160)]CRS-2329: GPNPD on node hannvzdlrasvr02 shut down. 
2024-05-25 15:18:05.582 [OHASD(198346)]CRS-2793: Shutdown of Oracle High Availability Services-managed resources on 'hannvzdlrasvr02' has completed
2024-05-25 15:18:05.589 [ORAROOTAGENT(163779)]CRS-5822: Agent '/u01/app/19.0.0.0/grid/bin/orarootagent_root' disconnected from server. Details at (:CRSAGF00117:) {0:8:5} in /u01/app/oracle/diag/crs/hannvzdlrasvr02/crs/trace/ohasd_orarootagent_root.trc.
2024-05-25 15:21:12.992 [OHASD(42260)]CRS-8500: Oracle Clusterware OHASD process is starting with operating system process ID 42260
2024-05-25 15:21:13.031 [OHASD(42260)]CRS-0714: Oracle Clusterware Release 19.0.0.0.0.
2024-05-25 15:21:13.038 [OHASD(42260)]CRS-2112: The OLR service started on node hannvzdlrasvr02.
2024-05-25 15:21:13.160 [OHASD(42260)]CRS-1301: Oracle High Availability Service started on node hannvzdlrasvr02.
2024-05-25 15:21:13.160 [OHASD(42260)]CRS-8017: location: /etc/oracle/lastgasp has 2 reboot advisory log files, 0 were announced and 0 errors occurred
2024-05-25 15:21:13.537 [ORAROOTAGENT(59352)]CRS-8500: Oracle Clusterware ORAROOTAGENT process is starting with operating system process ID 59352
2024-05-25 15:21:13.557 [ORAAGENT(59428)]CRS-8500: Oracle Clusterware ORAAGENT process is starting with operating system process ID 59428
2024-05-25 15:21:13.571 [CSSDAGENT(59454)]CRS-8500: Oracle Clusterware CSSDAGENT process is starting with operating system process ID 59454
2024-05-25 15:21:13.573 [CSSDMONITOR(59473)]CRS-8500: Oracle Clusterware CSSDMONITOR process is starting with operating system process ID 59473
2024-05-25 15:21:13.921 [ORAROOTAGENT(59352)]CRS-5016: Process "/u01/app/19.0.0.0/grid/bin/acfsload" spawned by agent "ORAROOTAGENT" for action "check" failed: details at "(:CLSN00010:)" in "/u01/app/oracle/diag/crs/hannvzdlrasvr02/crs/trace/ohasd_orarootagent_root.trc"
2024-05-25 15:21:13.996 [ORAAGENT(61070)]CRS-8500: Oracle Clusterware ORAAGENT process is starting with operating system process ID 61070
2024-05-25 15:21:14.036 [CLSECHO(61489)]ACFS-9391: Checking for existing ADVM/ACFS installation.
2024-05-25 15:21:14.062 [CLSECHO(61543)]ACFS-9392: Validating ADVM/ACFS installation files for operating system.
2024-05-25 15:21:14.080 [CLSECHO(61609)]ACFS-9393: Verifying ASM Administrator setup.
2024-05-25 15:21:14.101 [CLSECHO(61676)]ACFS-9308: Loading installed ADVM/ACFS drivers.
2024-05-25 15:21:14.221 [MDNSD(61585)]CRS-8500: Oracle Clusterware MDNSD process is starting with operating system process ID 61585
2024-05-25 15:21:14.224 [EVMD(61581)]CRS-8500: Oracle Clusterware EVMD process is starting with operating system process ID 61581
2024-05-25 15:21:14.652 [CLSECHO(62911)]ACFS-9154: Loading 'oracleoks.ko' driver.
2024-05-25 15:21:15.149 [CLSECHO(64002)]ACFS-9154: Loading 'oracleadvm.ko' driver.
2024-05-25 15:21:15.236 [GPNPD(63906)]CRS-8500: Oracle Clusterware GPNPD process is starting with operating system process ID 63906
2024-05-25 15:21:15.756 [CLSECHO(64987)]ACFS-9154: Loading 'oracleacfs.ko' driver.
2024-05-25 15:21:16.130 [GPNPD(63906)]CRS-2328: GPNPD started on node hannvzdlrasvr02. 
2024-05-25 15:21:16.254 [GIPCD(65554)]CRS-8500: Oracle Clusterware GIPCD process is starting with operating system process ID 65554
2024-05-25 15:21:17.248 [CLSECHO(66763)]CRS-10001: ACFS-9325:     Driver OS kernel version = 5.4.17-2011.0.7.el8uek.x86_64.
ACFS-9326:     Driver build number = 210918.
ACFS-9212:     Driver build version = 19.0.0.0.0 (19.13.0.0.0).
ACFS-9547:     Driver available build number = 210918.
ACFS-9548:     Driver available build version = 19.0.0.0.0 (19.13.0.0.0).
ACFS-9549:     Kernel and command versions.
Kernel:
    Build version: 19.0.0.0.0
    Build full version: 19.13.0.0.0
    Build hash:    9256567290
    Bug numbers:   NoTransactionInformation
Commands:
    Build version: 19.0.0.0.0
    Build full version: 19.13.0.0.0
    Build hash:    9256567290
    Bug numbers:   NoTransactionInformation
2024-05-25 15:21:17.308 [CLSECHO(66826)]ACFS-9327: Verifying ADVM/ACFS devices.
2024-05-25 15:21:17.325 [CLSECHO(66848)]ACFS-9156: Detecting control device '/dev/asm/.asm_ctl_spec'.
2024-05-25 15:21:17.347 [CLSECHO(66874)]ACFS-9156: Detecting control device '/dev/ofsctl'.
2024-05-25 15:21:17.657 [CLSECHO(67178)]ACFS-9294: updating file /etc/sysconfig/oracledrivers.conf
2024-05-25 15:21:17.675 [CLSECHO(67203)]ACFS-9322: completed
2024-05-25 15:21:20.107 [OSYSMOND(69610)]CRS-8500: Oracle Clusterware OSYSMOND process is starting with operating system process ID 69610
2024-05-25 15:21:20.107 [CSSDMONITOR(69603)]CRS-8500: Oracle Clusterware CSSDMONITOR process is starting with operating system process ID 69603
2024-05-25 15:21:20.422 [CSSDAGENT(69833)]CRS-8500: Oracle Clusterware CSSDAGENT process is starting with operating system process ID 69833
2024-05-25 15:21:26.250 [OCSSD(69864)]CRS-8500: Oracle Clusterware OCSSD process is starting with operating system process ID 69864
2024-05-25 15:21:27.290 [OCSSD(69864)]CRS-1713: CSSD daemon is started in hub mode
2024-05-25 15:21:28.711 [OCSSD(69864)]CRS-1707: Lease acquisition for node hannvzdlrasvr02 number 2 completed
2024-05-25 15:21:29.803 [OCSSD(69864)]CRS-1621: The IPMI configuration data for this node stored in the Oracle registry is incomplete; details at (:CSSNK00002:) in /u01/app/oracle/diag/crs/hannvzdlrasvr02/crs/trace/ocssd.trc
2024-05-25 15:21:29.804 [OCSSD(69864)]CRS-1617: The information required to do node kill for node hannvzdlrasvr02 is incomplete; details at (:CSSNM00004:) in /u01/app/oracle/diag/crs/hannvzdlrasvr02/crs/trace/ocssd.trc
2024-05-25 15:21:29.839 [OCSSD(69864)]CRS-1605: CSSD voting file is online: o/10.9.27.33;10.9.27.34/CATALOG_CD_04_hannvzdlracel01; details in /u01/app/oracle/diag/crs/hannvzdlrasvr02/crs/trace/ocssd.trc.
2024-05-25 15:21:29.843 [OCSSD(69864)]CRS-1605: CSSD voting file is online: o/10.9.27.35;10.9.27.36/CATALOG_CD_03_hannvzdlracel02; details in /u01/app/oracle/diag/crs/hannvzdlrasvr02/crs/trace/ocssd.trc.
2024-05-25 15:21:29.848 [OCSSD(69864)]CRS-1605: CSSD voting file is online: o/10.9.27.49;10.9.27.50/CATALOG_CD_08_hannvzdlracel09; details in /u01/app/oracle/diag/crs/hannvzdlrasvr02/crs/trace/ocssd.trc.
2024-05-25 15:21:29.868 [OCSSD(69864)]CRS-1605: CSSD voting file is online: o/10.9.27.51;10.9.27.52/CATALOG_CD_03_hannvzdlracel10; details in /u01/app/oracle/diag/crs/hannvzdlrasvr02/crs/trace/ocssd.trc.
2024-05-25 15:21:29.873 [OCSSD(69864)]CRS-1605: CSSD voting file is online: o/10.9.27.53;10.9.27.54/CATALOG_CD_03_hannvzdlracel11; details in /u01/app/oracle/diag/crs/hannvzdlrasvr02/crs/trace/ocssd.trc.
2024-05-25 15:21:33.729 [OCSSD(69864)]CRS-1601: CSSD Reconfiguration complete. Active nodes are hannvzdlrasvr01 hannvzdlrasvr02 .
2024-05-25 15:21:35.747 [OCTSSD(80726)]CRS-8500: Oracle Clusterware OCTSSD process is starting with operating system process ID 80726
2024-05-25 15:21:35.801 [OCSSD(69864)]CRS-1720: Cluster Synchronization Services daemon (CSSD) is ready for operation.
2024-05-25 15:21:36.591 [OCTSSD(80726)]CRS-2403: The Cluster Time Synchronization Service on host hannvzdlrasvr02 is in observer mode.
2024-05-25 15:21:37.779 [OCTSSD(80726)]CRS-2407: The new Cluster Time Synchronization Service reference node is host hannvzdlrasvr01.
2024-05-25 15:21:37.779 [OCTSSD(80726)]CRS-2401: The Cluster Time Synchronization Service started on host hannvzdlrasvr02.
2024-05-25 15:22:15.742 [CRSD(84698)]CRS-8500: Oracle Clusterware CRSD process is starting with operating system process ID 84698
2024-05-25 15:22:18.091 [CRSD(84698)]CRS-1012: The OCR service started on node hannvzdlrasvr02.
2024-05-25 15:22:19.114 [CRSD(84698)]CRS-1201: CRSD started on node hannvzdlrasvr02.
2024-05-25 15:22:19.493 [ORAAGENT(84912)]CRS-8500: Oracle Clusterware ORAAGENT process is starting with operating system process ID 84912
2024-05-25 15:22:19.519 [ORAROOTAGENT(84922)]CRS-8500: Oracle Clusterware ORAROOTAGENT process is starting with operating system process ID 84922
2024-05-25 15:24:38.810 [CLSECHO(93595)]AFD-0654: AFD is not supported on Exadata systems
2024-05-25 15:25:19.610 [CVUD(92928)]CRS-10051: CVU found following errors with Clusterware setup : PRVG-6017 : OCR backup is located in the same disk group "+CATALOG" as OCR.
PRVG-6056 : Insufficient ASM instances found.  Expected 2 but found 1, on nodes "hannvzdlrasvr02".
PRVG-6056 : Insufficient ASM instances found.  Expected 2 but found 1, on nodes "hannvzdlrasvr02".
PRVG-2019 : Check for equivalence of user "oracle" from node "hannvzdlrasvr02" to node "hannvzdlrasvr01" failed

PRKC-1191 : Remote command execution setup check for node hannvzdlrasvr01 using shell /usr/bin/ssh failed.
ssh: connect to host hannvzdlrasvr01 port 22: Connection refused

2024-05-25 15:25:20.374 [OCTSSD(80726)]CRS-2407: The new Cluster Time Synchronization Service reference node is host hannvzdlrasvr02.
2024-05-25 15:25:23.085 [CRSD(84698)]CRS-5504: Node down event reported for node 'hannvzdlrasvr01'.
2024-05-25 15:25:23.086 [CRSD(84698)]CRS-2773: Server 'hannvzdlrasvr01' has been removed from pool 'Generic'.
2024-05-25 15:25:23.087 [CRSD(84698)]CRS-2773: Server 'hannvzdlrasvr01' has been removed from pool 'ora.zdlradb'.
2024-05-25 15:25:23.073 [OCSSD(69864)]CRS-1625: Node hannvzdlrasvr01, number 1, was shut down
2024-05-25 15:25:23.083 [OCSSD(69864)]CRS-1601: CSSD Reconfiguration complete. Active nodes are hannvzdlrasvr02 .
2024-05-25 15:25:37.397 [GIPCD(65554)]CRS-7503: The Oracle Grid Infrastructure process 'gipcd' observed communication issues between node 'hannvzdlrasvr02' and node 'hannvzdlrasvr01', interface list of local node 'hannvzdlrasvr02' is '10.9.27.31:29861;10.9.27.32:56514;', interface list of remote node 'hannvzdlrasvr01' is '10.9.27.30:44578;10.9.27.29:35278;'.
2024-05-25 15:26:20.198 [OLOGGERD(111901)]CRS-8500: Oracle Clusterware OLOGGERD process is starting with operating system process ID 111901
2024-05-25 15:28:54.143 [OCSSD(69864)]CRS-1601: CSSD Reconfiguration complete. Active nodes are hannvzdlrasvr01 hannvzdlrasvr02 .
2024-05-25 15:29:46.631 [CRSD(84698)]CRS-2772: Server 'hannvzdlrasvr01' has been assigned to pool 'Generic'.
2024-05-25 15:29:46.632 [CRSD(84698)]CRS-2772: Server 'hannvzdlrasvr01' has been assigned to pool 'ora.zdlradb'.
2024-05-25 21:24:37.965 [CLSECHO(329487)]AFD-0654: AFD is not supported on Exadata systems
2024-05-25 21:25:43.593 [CVUD(329080)]CRS-10051: CVU found following errors with Clusterware setup : PRVG-6017 : OCR backup is located in the same disk group "+CATALOG" as OCR.

2024-05-26 03:15:41.894 [CLSECHO(190018)]AFD-0654: AFD is not supported on Exadata systems
2024-05-26 03:24:39.921 [CLSECHO(240437)]AFD-0654: AFD is not supported on Exadata systems
2024-05-26 09:24:39.083 [CLSECHO(58802)]AFD-0654: AFD is not supported on Exadata systems
2024-05-26 15:24:41.071 [CLSECHO(272643)]AFD-0654: AFD is not supported on Exadata systems
2024-05-26 21:24:40.091 [CLSECHO(67201)]AFD-0654: AFD is not supported on Exadata systems
2024-05-27 03:24:38.124 [CLSECHO(329405)]AFD-0654: AFD is not supported on Exadata systems
2024-05-27 09:24:38.183 [CLSECHO(148650)]AFD-0654: AFD is not supported on Exadata systems
2024-05-27 15:24:39.267 [CLSECHO(362149)]AFD-0654: AFD is not supported on Exadata systems
2024-05-27 21:24:38.295 [CLSECHO(155956)]AFD-0654: AFD is not supported on Exadata systems
2024-05-28 03:24:39.303 [CLSECHO(29743)]AFD-0654: AFD is not supported on Exadata systems
2024-05-28 09:24:40.382 [CLSECHO(247361)]AFD-0654: AFD is not supported on Exadata systems
2024-05-28 15:24:38.404 [CLSECHO(61831)]AFD-0654: AFD is not supported on Exadata systems
2024-05-28 21:24:39.409 [CLSECHO(255287)]AFD-0654: AFD is not supported on Exadata systems
2024-05-29 03:24:39.513 [CLSECHO(121275)]AFD-0654: AFD is not supported on Exadata systems
2024-05-29 09:24:38.514 [CLSECHO(313430)]AFD-0654: AFD is not supported on Exadata systems
2024-05-29 15:24:40.644 [CLSECHO(150112)]AFD-0654: AFD is not supported on Exadata systems
2024-05-29 21:24:38.596 [CLSECHO(345496)]AFD-0654: AFD is not supported on Exadata systems
2024-05-30 03:24:38.628 [CLSECHO(219746)]AFD-0654: AFD is not supported on Exadata systems
2024-05-30 09:24:38.576 [CLSECHO(37321)]AFD-0654: AFD is not supported on Exadata systems
2024-05-30 15:24:38.628 [CLSECHO(249387)]AFD-0654: AFD is not supported on Exadata systems
2024-05-30 21:24:40.754 [CLSECHO(45361)]AFD-0654: AFD is not supported on Exadata systems
2024-05-31 03:24:40.806 [CLSECHO(309502)]AFD-0654: AFD is not supported on Exadata systems
2024-05-31 09:24:38.887 [CLSECHO(105204)]AFD-0654: AFD is not supported on Exadata systems
2024-05-31 15:24:39.036 [CLSECHO(339945)]AFD-0654: AFD is not supported on Exadata systems
2024-05-31 21:24:38.978 [CLSECHO(136241)]AFD-0654: AFD is not supported on Exadata systems
2024-06-01 03:24:39.006 [CLSECHO(8513)]AFD-0654: AFD is not supported on Exadata systems
2024-06-01 09:24:39.089 [CLSECHO(202303)]AFD-0654: AFD is not supported on Exadata systems
2024-06-01 15:24:39.075 [CLSECHO(43078)]AFD-0654: AFD is not supported on Exadata systems
2024-06-01 21:24:40.162 [CLSECHO(236801)]AFD-0654: AFD is not supported on Exadata systems
2024-06-02 03:16:03.040 [CLSECHO(97356)]AFD-0654: AFD is not supported on Exadata systems
2024-06-02 03:24:39.157 [CLSECHO(146376)]AFD-0654: AFD is not supported on Exadata systems
2024-06-02 09:24:40.286 [CLSECHO(364832)]AFD-0654: AFD is not supported on Exadata systems
2024-06-02 15:24:39.319 [CLSECHO(178603)]AFD-0654: AFD is not supported on Exadata systems
2024-06-02 21:24:40.426 [CLSECHO(373273)]AFD-0654: AFD is not supported on Exadata systems
2024-06-03 03:24:39.492 [CLSECHO(238282)]AFD-0654: AFD is not supported on Exadata systems
2024-06-03 09:24:40.604 [CLSECHO(31942)]AFD-0654: AFD is not supported on Exadata systems
2024-06-03 15:24:39.651 [CLSECHO(268766)]AFD-0654: AFD is not supported on Exadata systems
2024-06-03 21:24:40.666 [CLSECHO(63133)]AFD-0654: AFD is not supported on Exadata systems
2024-06-04 03:24:39.695 [CLSECHO(337300)]AFD-0654: AFD is not supported on Exadata systems
2024-06-04 09:24:39.757 [CLSECHO(133589)]AFD-0654: AFD is not supported on Exadata systems
2024-06-04 15:24:43.753 [CLSECHO(370232)]AFD-0654: AFD is not supported on Exadata systems
2024-06-04 21:24:41.816 [CLSECHO(166997)]AFD-0654: AFD is not supported on Exadata systems
2024-06-05 03:24:40.817 [CLSECHO(33870)]AFD-0654: AFD is not supported on Exadata systems
2024-06-05 09:24:40.883 [CLSECHO(250471)]AFD-0654: AFD is not supported on Exadata systems
2024-06-05 15:24:39.994 [CLSECHO(65631)]AFD-0654: AFD is not supported on Exadata systems
2024-06-05 21:24:43.013 [CLSECHO(260045)]AFD-0654: AFD is not supported on Exadata systems
2024-06-06 03:24:41.068 [CLSECHO(135595)]AFD-0654: AFD is not supported on Exadata systems
2024-06-06 09:24:40.055 [CLSECHO(329926)]AFD-0654: AFD is not supported on Exadata systems
2024-06-06 15:24:40.086 [CLSECHO(166836)]AFD-0654: AFD is not supported on Exadata systems
2024-06-06 21:24:41.102 [CLSECHO(364005)]AFD-0654: AFD is not supported on Exadata systems
2024-06-07 03:24:41.125 [CLSECHO(229463)]AFD-0654: AFD is not supported on Exadata systems
2024-06-07 09:24:42.155 [CLSECHO(50190)]AFD-0654: AFD is not supported on Exadata systems
2024-06-07 15:24:40.200 [CLSECHO(263809)]AFD-0654: AFD is not supported on Exadata systems
2024-06-07 21:24:44.294 [CLSECHO(59762)]AFD-0654: AFD is not supported on Exadata systems
2024-06-08 03:24:40.314 [CLSECHO(335368)]AFD-0654: AFD is not supported on Exadata systems
2024-06-08 09:24:43.370 [CLSECHO(152250)]AFD-0654: AFD is not supported on Exadata systems
2024-06-08 15:24:40.387 [CLSECHO(365270)]AFD-0654: AFD is not supported on Exadata systems
2024-06-08 21:24:40.431 [CLSECHO(159766)]AFD-0654: AFD is not supported on Exadata systems
2024-06-09 03:16:27.830 [CLSECHO(21516)]AFD-0654: AFD is not supported on Exadata systems
2024-06-09 03:24:41.528 [CLSECHO(71648)]AFD-0654: AFD is not supported on Exadata systems
2024-06-09 09:24:41.636 [CLSECHO(289418)]AFD-0654: AFD is not supported on Exadata systems
2024-06-09 15:24:41.670 [CLSECHO(104107)]AFD-0654: AFD is not supported on Exadata systems
2024-06-09 21:24:41.732 [CLSECHO(297535)]AFD-0654: AFD is not supported on Exadata systems
2024-06-10 03:24:42.790 [CLSECHO(160602)]AFD-0654: AFD is not supported on Exadata systems
2024-06-10 09:24:40.987 [CLSECHO(378974)]AFD-0654: AFD is not supported on Exadata systems
2024-06-10 15:24:44.869 [CLSECHO(191760)]AFD-0654: AFD is not supported on Exadata systems
2024-06-10 21:24:43.931 [CLSECHO(386364)]AFD-0654: AFD is not supported on Exadata systems
2024-06-11 03:24:41.994 [CLSECHO(260841)]AFD-0654: AFD is not supported on Exadata systems
2024-06-11 09:24:42.007 [CLSECHO(79622)]AFD-0654: AFD is not supported on Exadata systems
2024-06-11 15:24:42.116 [CLSECHO(293447)]AFD-0654: AFD is not supported on Exadata systems
2024-06-11 21:24:43.181 [CLSECHO(88481)]AFD-0654: AFD is not supported on Exadata systems
2024-06-12 03:24:44.143 [CLSECHO(354321)]AFD-0654: AFD is not supported on Exadata systems
2024-06-12 09:24:42.434 [CLSECHO(174094)]AFD-0654: AFD is not supported on Exadata systems
2024-06-12 15:24:41.247 [CLSECHO(389135)]AFD-0654: AFD is not supported on Exadata systems
2024-06-12 21:24:41.314 [CLSECHO(190424)]AFD-0654: AFD is not supported on Exadata systems
2024-06-13 03:24:42.356 [CLSECHO(68145)]AFD-0654: AFD is not supported on Exadata systems
2024-06-13 09:24:41.362 [CLSECHO(289629)]AFD-0654: AFD is not supported on Exadata systems
2024-06-13 15:24:43.420 [CLSECHO(106854)]AFD-0654: AFD is not supported on Exadata systems
2024-06-13 21:24:41.452 [CLSECHO(304667)]AFD-0654: AFD is not supported on Exadata systems
2024-06-14 03:24:41.506 [CLSECHO(172345)]AFD-0654: AFD is not supported on Exadata systems
2024-06-14 09:24:43.561 [CLSECHO(393141)]AFD-0654: AFD is not supported on Exadata systems
2024-06-14 15:24:43.629 [CLSECHO(209131)]AFD-0654: AFD is not supported on Exadata systems
2024-06-14 21:24:41.670 [CLSECHO(7711)]AFD-0654: AFD is not supported on Exadata systems
2024-06-15 03:24:41.644 [CLSECHO(284893)]AFD-0654: AFD is not supported on Exadata systems
2024-06-15 09:24:45.668 [CLSECHO(84221)]AFD-0654: AFD is not supported on Exadata systems
2024-06-15 15:24:41.676 [CLSECHO(323392)]AFD-0654: AFD is not supported on Exadata systems
2024-06-15 21:24:41.763 [CLSECHO(121138)]AFD-0654: AFD is not supported on Exadata systems
2024-06-16 03:15:59.666 [CLSECHO(382649)]AFD-0654: AFD is not supported on Exadata systems
2024-06-16 03:24:41.805 [CLSECHO(35312)]AFD-0654: AFD is not supported on Exadata systems
2024-06-16 09:24:41.842 [CLSECHO(254685)]AFD-0654: AFD is not supported on Exadata systems
2024-06-16 15:24:41.936 [CLSECHO(70329)]AFD-0654: AFD is not supported on Exadata systems
2024-06-16 21:24:42.923 [CLSECHO(271233)]AFD-0654: AFD is not supported on Exadata systems
2024-06-17 03:24:42.992 [CLSECHO(139125)]AFD-0654: AFD is not supported on Exadata systems
2024-06-17 09:24:42.065 [CLSECHO(336097)]AFD-0654: AFD is not supported on Exadata systems
2024-06-17 15:24:43.080 [CLSECHO(176292)]AFD-0654: AFD is not supported on Exadata systems
2024-06-17 15:26:09.066 [CVUD(175696)]CRS-10051: CVU found following errors with Clusterware setup : PRVG-6017 : OCR backup is located in the same disk group "+CATALOG" as OCR.
PRVG-10048 : Name "hannvzdlrasvr01" was not resolved to an address of the specified type by name servers "10.9.75.6".

2024-06-17 21:24:42.133 [CLSECHO(373695)]AFD-0654: AFD is not supported on Exadata systems
2024-06-17 21:25:51.481 [CVUD(373272)]CRS-10051: CVU found following errors with Clusterware setup : PRVG-6017 : OCR backup is located in the same disk group "+CATALOG" as OCR.

2024-06-18 03:24:42.154 [CLSECHO(250236)]AFD-0654: AFD is not supported on Exadata systems
2024-06-18 09:24:43.299 [CLSECHO(72446)]AFD-0654: AFD is not supported on Exadata systems
2024-06-18 09:26:20.165 [CVUD(71889)]CRS-10051: CVU found following errors with Clusterware setup : PRVG-6017 : OCR backup is located in the same disk group "+CATALOG" as OCR.
PRVG-10048 : Name "hannvzdlrasvr01" was not resolved to an address of the specified type by name servers "10.9.75.6".
PRVG-10048 : Name "hannvzdlrasvr02" was not resolved to an address of the specified type by name servers "10.9.75.6".

2024-06-18 15:24:42.267 [CLSECHO(287259)]AFD-0654: AFD is not supported on Exadata systems
2024-06-18 15:26:02.127 [CVUD(286784)]CRS-10051: CVU found following errors with Clusterware setup : PRVG-6017 : OCR backup is located in the same disk group "+CATALOG" as OCR.
PRVG-10048 : Name "hannvzdlrasvr01" was not resolved to an address of the specified type by name servers "10.9.75.6".

2024-06-18 21:24:42.383 [CLSECHO(85850)]AFD-0654: AFD is not supported on Exadata systems
2024-06-18 21:25:48.292 [CVUD(85375)]CRS-10051: CVU found following errors with Clusterware setup : PRVG-6017 : OCR backup is located in the same disk group "+CATALOG" as OCR.

2024-06-19 03:24:43.356 [CLSECHO(377455)]AFD-0654: AFD is not supported on Exadata systems
2024-06-19 09:24:43.431 [CLSECHO(176644)]AFD-0654: AFD is not supported on Exadata systems
2024-06-19 09:26:21.397 [CVUD(176081)]CRS-10051: CVU found following errors with Clusterware setup : PRVG-6017 : OCR backup is located in the same disk group "+CATALOG" as OCR.
PRVG-10048 : Name "hannvzdlrasvr01" was not resolved to an address of the specified type by name servers "10.9.75.6".
PRVG-10048 : Name "hannvzdlrasvr02" was not resolved to an address of the specified type by name servers "10.9.75.6".

2024-06-19 15:24:43.459 [CLSECHO(390974)]AFD-0654: AFD is not supported on Exadata systems
2024-06-19 15:26:15.344 [CVUD(390406)]CRS-10051: CVU found following errors with Clusterware setup : PRVG-6017 : OCR backup is located in the same disk group "+CATALOG" as OCR.

2024-06-19 21:24:42.468 [CLSECHO(188502)]AFD-0654: AFD is not supported on Exadata systems
2024-06-20 03:24:42.563 [CLSECHO(65242)]AFD-0654: AFD is not supported on Exadata systems
2024-06-20 09:24:42.591 [CLSECHO(286618)]AFD-0654: AFD is not supported on Exadata systems
2024-06-20 09:26:44.345 [CVUD(286120)]CRS-10051: CVU found following errors with Clusterware setup : PRVG-6017 : OCR backup is located in the same disk group "+CATALOG" as OCR.
PRVG-10048 : Name "hannvzdlrasvr02" was not resolved to an address of the specified type by name servers "10.9.75.6".

2024-06-20 15:24:44.681 [CLSECHO(104589)]AFD-0654: AFD is not supported on Exadata systems
2024-06-20 15:26:15.587 [CVUD(103847)]CRS-10051: CVU found following errors with Clusterware setup : PRVG-6017 : OCR backup is located in the same disk group "+CATALOG" as OCR.
PRVG-10048 : Name "hannvzdlrasvr01" was not resolved to an address of the specified type by name servers "10.9.75.6".

2024-06-20 21:24:42.671 [CLSECHO(301413)]AFD-0654: AFD is not supported on Exadata systems
2024-06-20 21:25:47.840 [CVUD(301002)]CRS-10051: CVU found following errors with Clusterware setup : PRVG-6017 : OCR backup is located in the same disk group "+CATALOG" as OCR.

2024-06-21 03:24:42.712 [CLSECHO(167654)]AFD-0654: AFD is not supported on Exadata systems
2024-06-21 09:24:42.770 [CLSECHO(390513)]AFD-0654: AFD is not supported on Exadata systems
2024-06-21 15:24:42.708 [CLSECHO(207091)]AFD-0654: AFD is not supported on Exadata systems
2024-06-21 15:26:26.978 [CVUD(206618)]CRS-10051: CVU found following errors with Clusterware setup : PRVG-6017 : OCR backup is located in the same disk group "+CATALOG" as OCR.
PRVG-10048 : Name "hannvzdlrasvr01" was not resolved to an address of the specified type by name servers "10.9.75.6".

2024-06-21 21:24:43.847 [CLSECHO(5818)]AFD-0654: AFD is not supported on Exadata systems
2024-06-21 21:25:52.405 [CVUD(5310)]CRS-10051: CVU found following errors with Clusterware setup : PRVG-6017 : OCR backup is located in the same disk group "+CATALOG" as OCR.

2024-06-22 03:24:43.877 [CLSECHO(281073)]AFD-0654: AFD is not supported on Exadata systems
2024-06-22 09:24:43.004 [CLSECHO(78247)]AFD-0654: AFD is not supported on Exadata systems
2024-06-22 09:26:28.648 [CVUD(77817)]CRS-10051: CVU found following errors with Clusterware setup : PRVG-6017 : OCR backup is located in the same disk group "+CATALOG" as OCR.
PRVG-10048 : Name "hannvzdlrasvr01" was not resolved to an address of the specified type by name servers "10.9.75.6".
PRVG-10048 : Name "hannvzdlrasvr02" was not resolved to an address of the specified type by name servers "10.9.75.6".

2024-06-22 15:24:42.972 [CLSECHO(317097)]AFD-0654: AFD is not supported on Exadata systems
2024-06-22 15:25:49.434 [CVUD(316202)]CRS-10051: CVU found following errors with Clusterware setup : PRVG-6017 : OCR backup is located in the same disk group "+CATALOG" as OCR.

2024-06-22 21:24:42.950 [CLSECHO(117749)]AFD-0654: AFD is not supported on Exadata systems
2024-06-23 03:16:18.309 [CLSECHO(381155)]AFD-0654: AFD is not supported on Exadata systems
2024-06-23 03:24:45.039 [CLSECHO(30994)]AFD-0654: AFD is not supported on Exadata systems
2024-06-23 09:24:43.072 [CLSECHO(252098)]AFD-0654: AFD is not supported on Exadata systems
2024-06-23 15:24:43.113 [CLSECHO(68929)]AFD-0654: AFD is not supported on Exadata systems
2024-06-23 21:24:47.227 [CLSECHO(266223)]AFD-0654: AFD is not supported on Exadata systems
2024-06-24 03:24:43.226 [CLSECHO(135157)]AFD-0654: AFD is not supported on Exadata systems
2024-06-24 09:24:44.298 [CLSECHO(357748)]AFD-0654: AFD is not supported on Exadata systems
2024-06-24 09:26:35.356 [CVUD(357158)]CRS-10051: CVU found following errors with Clusterware setup : PRVG-6017 : OCR backup is located in the same disk group "+CATALOG" as OCR.
PRVG-10048 : Name "hannvzdlrasvr01" was not resolved to an address of the specified type by name servers "10.9.75.6".
PRVG-10048 : Name "hannvzdlrasvr02" was not resolved to an address of the specified type by name servers "10.9.75.6".

2024-06-24 15:24:43.371 [CLSECHO(174130)]AFD-0654: AFD is not supported on Exadata systems
2024-06-24 15:26:06.552 [CVUD(173683)]CRS-10051: CVU found following errors with Clusterware setup : PRVG-6017 : OCR backup is located in the same disk group "+CATALOG" as OCR.

2024-06-24 21:24:43.518 [CLSECHO(373659)]AFD-0654: AFD is not supported on Exadata systems
2024-06-25 03:24:43.431 [CLSECHO(251595)]AFD-0654: AFD is not supported on Exadata systems
2024-06-25 09:24:44.412 [CLSECHO(50258)]AFD-0654: AFD is not supported on Exadata systems
2024-06-25 15:24:43.467 [CLSECHO(286774)]AFD-0654: AFD is not supported on Exadata systems
2024-06-25 15:26:22.794 [CVUD(286346)]CRS-10051: CVU found following errors with Clusterware setup : PRVG-6017 : OCR backup is located in the same disk group "+CATALOG" as OCR.
PRVG-10048 : Name "hannvzdlrasvr01" was not resolved to an address of the specified type by name servers "10.9.75.6".
PRVG-10048 : Name "hannvzdlrasvr02" was not resolved to an address of the specified type by name servers "10.9.75.6".

2024-06-25 21:24:45.458 [CLSECHO(87174)]AFD-0654: AFD is not supported on Exadata systems
2024-06-25 21:25:58.638 [CVUD(86539)]CRS-10051: CVU found following errors with Clusterware setup : PRVG-6017 : OCR backup is located in the same disk group "+CATALOG" as OCR.

2024-06-26 03:24:43.492 [CLSECHO(354620)]AFD-0654: AFD is not supported on Exadata systems
2024-06-26 09:24:44.113 [CLSECHO(176769)]AFD-0654: AFD is not supported on Exadata systems
2024-06-26 15:24:44.513 [CLSECHO(393024)]AFD-0654: AFD is not supported on Exadata systems
2024-06-26 21:24:46.508 [CLSECHO(324879)]AFD-0654: AFD is not supported on Exadata systems
2024-06-27 03:24:43.609 [CLSECHO(294454)]AFD-0654: AFD is not supported on Exadata systems
2024-06-27 09:24:44.604 [CLSECHO(193862)]AFD-0654: AFD is not supported on Exadata systems
2024-06-27 15:24:43.655 [CLSECHO(85839)]AFD-0654: AFD is not supported on Exadata systems
2024-06-27 15:26:20.835 [CVUD(85418)]CRS-10051: CVU found following errors with Clusterware setup : PRVG-6017 : OCR backup is located in the same disk group "+CATALOG" as OCR.
PRVG-10048 : Name "hannvzdlrasvr01" was not resolved to an address of the specified type by name servers "10.9.75.6".

2024-06-27 21:24:45.704 [CLSECHO(361501)]AFD-0654: AFD is not supported on Exadata systems
2024-06-27 21:25:59.265 [CVUD(360929)]CRS-10051: CVU found following errors with Clusterware setup : PRVG-6017 : OCR backup is located in the same disk group "+CATALOG" as OCR.

2024-06-28 03:24:43.724 [CLSECHO(307828)]AFD-0654: AFD is not supported on Exadata systems
2024-06-28 09:24:43.761 [CLSECHO(181446)]AFD-0654: AFD is not supported on Exadata systems
2024-06-28 09:26:23.522 [CVUD(181029)]CRS-10051: CVU found following errors with Clusterware setup : PRVG-6017 : OCR backup is located in the same disk group "+CATALOG" as OCR.
PRVG-10048 : Name "hannvzdlrasvr01" was not resolved to an address of the specified type by name servers "10.9.75.6".

2024-06-28 15:24:44.802 [CLSECHO(93698)]AFD-0654: AFD is not supported on Exadata systems
2024-06-28 15:26:25.020 [CVUD(93137)]CRS-10051: CVU found following errors with Clusterware setup : PRVG-6017 : OCR backup is located in the same disk group "+CATALOG" as OCR.
PRVG-10048 : Name "hannvzdlrasvr01" was not resolved to an address of the specified type by name servers "10.9.75.6".
PRVG-10048 : Name "hannvzdlrasvr02" was not resolved to an address of the specified type by name servers "10.9.75.6".

2024-06-28 21:24:47.857 [CLSECHO(367611)]AFD-0654: AFD is not supported on Exadata systems
2024-06-28 21:25:54.264 [CVUD(366956)]CRS-10051: CVU found following errors with Clusterware setup : PRVG-6017 : OCR backup is located in the same disk group "+CATALOG" as OCR.

2024-06-29 03:24:43.806 [CLSECHO(326323)]AFD-0654: AFD is not supported on Exadata systems
2024-06-29 09:24:44.868 [CLSECHO(197480)]AFD-0654: AFD is not supported on Exadata systems
2024-06-29 15:24:44.883 [CLSECHO(112476)]AFD-0654: AFD is not supported on Exadata systems
2024-06-29 21:24:44.917 [CLSECHO(388443)]AFD-0654: AFD is not supported on Exadata systems
2024-06-30 03:16:23.602 [CLSECHO(330638)]AFD-0654: AFD is not supported on Exadata systems
2024-06-30 03:24:44.913 [CLSECHO(380476)]AFD-0654: AFD is not supported on Exadata systems
2024-06-30 09:24:44.075 [CLSECHO(277055)]AFD-0654: AFD is not supported on Exadata systems
2024-06-30 15:24:46.066 [CLSECHO(165834)]AFD-0654: AFD is not supported on Exadata systems
2024-06-30 21:24:46.128 [CLSECHO(42373)]AFD-0654: AFD is not supported on Exadata systems
2024-07-01 03:24:45.161 [CLSECHO(388338)]AFD-0654: AFD is not supported on Exadata systems
2024-07-01 09:24:48.284 [CLSECHO(283839)]AFD-0654: AFD is not supported on Exadata systems
2024-07-01 15:24:45.311 [CLSECHO(173033)]AFD-0654: AFD is not supported on Exadata systems
2024-07-01 15:26:09.109 [CVUD(172554)]CRS-10051: CVU found following errors with Clusterware setup : PRVG-6017 : OCR backup is located in the same disk group "+CATALOG" as OCR.
PRVG-10048 : Name "hannvzdlrasvr01" was not resolved to an address of the specified type by name servers "10.9.75.6".
PRVG-10048 : Name "hannvzdlrasvr02" was not resolved to an address of the specified type by name servers "10.9.75.6".

2024-07-01 21:24:48.300 [CLSECHO(49502)]AFD-0654: AFD is not supported on Exadata systems
2024-07-01 21:26:01.353 [CVUD(48896)]CRS-10051: CVU found following errors with Clusterware setup : PRVG-6017 : OCR backup is located in the same disk group "+CATALOG" as OCR.

2024-07-02 03:24:45.310 [CLSECHO(6194)]AFD-0654: AFD is not supported on Exadata systems
2024-07-02 09:24:44.433 [CLSECHO(300385)]AFD-0654: AFD is not supported on Exadata systems
2024-07-02 09:26:19.522 [CVUD(299894)]CRS-10051: CVU found following errors with Clusterware setup : PRVG-6017 : OCR backup is located in the same disk group "+CATALOG" as OCR.
PRVG-10048 : Name "hannvzdlrasvr02" was not resolved to an address of the specified type by name servers "10.9.75.6".

2024-07-02 15:24:44.442 [CLSECHO(190237)]AFD-0654: AFD is not supported on Exadata systems
2024-07-02 15:26:21.175 [CVUD(189753)]CRS-10051: CVU found following errors with Clusterware setup : PRVG-6017 : OCR backup is located in the same disk group "+CATALOG" as OCR.
PRVG-10048 : Name "hannvzdlrasvr01" was not resolved to an address of the specified type by name servers "10.9.75.6".
PRVG-10048 : Name "hannvzdlrasvr02" was not resolved to an address of the specified type by name servers "10.9.75.6".

2024-07-02 21:24:45.528 [CLSECHO(66726)]AFD-0654: AFD is not supported on Exadata systems
2024-07-02 21:25:52.776 [CVUD(66226)]CRS-10051: CVU found following errors with Clusterware setup : PRVG-6017 : OCR backup is located in the same disk group "+CATALOG" as OCR.

2024-07-03 03:24:44.529 [CLSECHO(13812)]AFD-0654: AFD is not supported on Exadata systems
2024-07-03 09:24:44.557 [CLSECHO(286588)]AFD-0654: AFD is not supported on Exadata systems
2024-07-03 09:26:14.790 [CVUD(286152)]CRS-10051: CVU found following errors with Clusterware setup : PRVG-6017 : OCR backup is located in the same disk group "+CATALOG" as OCR.
PRVG-10048 : Name "hannvzdlrasvr02" was not resolved to an address of the specified type by name servers "10.9.75.6".

2024-07-03 15:24:44.663 [CLSECHO(198600)]AFD-0654: AFD is not supported on Exadata systems
2024-07-03 15:26:11.810 [CVUD(198169)]CRS-10051: CVU found following errors with Clusterware setup : PRVG-6017 : OCR backup is located in the same disk group "+CATALOG" as OCR.
PRVG-10048 : Name "hannvzdlrasvr01" was not resolved to an address of the specified type by name servers "10.9.75.6".
PRVG-10048 : Name "hannvzdlrasvr02" was not resolved to an address of the specified type by name servers "10.9.75.6".

2024-07-03 21:24:46.648 [CLSECHO(74469)]AFD-0654: AFD is not supported on Exadata systems
2024-07-03 21:25:55.735 [CVUD(73891)]CRS-10051: CVU found following errors with Clusterware setup : PRVG-6017 : OCR backup is located in the same disk group "+CATALOG" as OCR.

2024-07-04 03:24:44.733 [CLSECHO(31285)]AFD-0654: AFD is not supported on Exadata systems
2024-07-04 09:24:45.796 [CLSECHO(326768)]AFD-0654: AFD is not supported on Exadata systems
2024-07-04 09:26:19.104 [CVUD(326334)]CRS-10051: CVU found following errors with Clusterware setup : PRVG-6017 : OCR backup is located in the same disk group "+CATALOG" as OCR.
PRVG-10048 : Name "hannvzdlrasvr01" was not resolved to an address of the specified type by name servers "10.9.75.6".
PRVG-10048 : Name "hannvzdlrasvr02" was not resolved to an address of the specified type by name servers "10.9.75.6".

2024-07-04 15:24:45.844 [CLSECHO(215295)]AFD-0654: AFD is not supported on Exadata systems
2024-07-04 21:24:45.844 [CLSECHO(92881)]AFD-0654: AFD is not supported on Exadata systems
2024-07-04 21:25:53.301 [CVUD(92232)]CRS-10051: CVU found following errors with Clusterware setup : PRVG-6017 : OCR backup is located in the same disk group "+CATALOG" as OCR.

2024-07-05 03:24:44.818 [CLSECHO(38777)]AFD-0654: AFD is not supported on Exadata systems
2024-07-05 09:24:44.827 [CLSECHO(334865)]AFD-0654: AFD is not supported on Exadata systems
2024-07-05 09:26:27.950 [CVUD(334235)]CRS-10051: CVU found following errors with Clusterware setup : PRVG-6017 : OCR backup is located in the same disk group "+CATALOG" as OCR.
PRVG-10048 : Name "hannvzdlrasvr01" was not resolved to an address of the specified type by name servers "10.9.75.6".
PRVG-10048 : Name "hannvzdlrasvr02" was not resolved to an address of the specified type by name servers "10.9.75.6".

2024-07-05 15:24:46.049 [CLSECHO(224362)]AFD-0654: AFD is not supported on Exadata systems
2024-07-05 15:26:07.915 [CVUD(223859)]CRS-10051: CVU found following errors with Clusterware setup : PRVG-6017 : OCR backup is located in the same disk group "+CATALOG" as OCR.
PRVG-10048 : Name "hannvzdlrasvr01" was not resolved to an address of the specified type by name servers "10.9.75.6".

2024-07-05 21:24:45.048 [CLSECHO(102594)]AFD-0654: AFD is not supported on Exadata systems
2024-07-05 21:25:48.486 [CVUD(102169)]CRS-10051: CVU found following errors with Clusterware setup : PRVG-6017 : OCR backup is located in the same disk group "+CATALOG" as OCR.

2024-07-06 03:24:45.021 [CLSECHO(57966)]AFD-0654: AFD is not supported on Exadata systems
2024-07-06 09:24:45.166 [CLSECHO(353937)]AFD-0654: AFD is not supported on Exadata systems
2024-07-06 15:24:45.150 [CLSECHO(243449)]AFD-0654: AFD is not supported on Exadata systems
2024-07-06 21:23:21.725 [OCSSD(69864)]CRS-1735: Fence request issued for an entity node 1 with a timeout of 180000.
2024-07-06 21:24:16.007 [OCSSD(69864)]CRS-1625: Node hannvzdlrasvr01, number 1, was shut down
2024-07-06 21:24:16.020 [CRSD(84698)]CRS-5504: Node down event reported for node 'hannvzdlrasvr01'.
2024-07-06 21:24:16.022 [CRSD(84698)]CRS-2773: Server 'hannvzdlrasvr01' has been removed from pool 'Generic'.
2024-07-06 21:24:16.022 [CRSD(84698)]CRS-2773: Server 'hannvzdlrasvr01' has been removed from pool 'ora.zdlradb'.
2024-07-06 21:24:16.018 [OCSSD(69864)]CRS-1601: CSSD Reconfiguration complete. Active nodes are hannvzdlrasvr02 .
2024-07-06 21:24:28.612 [OHASD(42260)]CRS-2791: Starting shutdown of Oracle High Availability Services-managed resources on 'hannvzdlrasvr02'
2024-07-06 21:24:28.620 [ORAROOTAGENT(84922)]CRS-5024: Unmounting file system "/osbcat"
2024-07-06 21:24:28.624 [ORAROOTAGENT(84922)]CRS-5024: Unmounting file system "/raacfs/raadmin"
2024-07-06 21:24:29.526 [ORAROOTAGENT(84922)]CRS-5025: File system "/osbcat" unmounted
2024-07-06 21:24:29.533 [ORAROOTAGENT(84922)]CRS-5025: File system "/raacfs/raadmin" unmounted
2024-07-06 21:24:42.735 [ORAROOTAGENT(84922)]CRS-5822: Agent '/u01/app/19.0.0.0/grid/bin/orarootagent_root' disconnected from server. Details at (:CRSAGF00117:) {0:2:16} in /u01/app/oracle/diag/crs/hannvzdlrasvr02/crs/trace/crsd_orarootagent_root.trc.
2024-07-06 21:24:42.735 [ORAAGENT(84912)]CRS-5822: Agent '/u01/app/19.0.0.0/grid/bin/oraagent_oracle' disconnected from server. Details at (:CRSAGF00117:) {0:1:26} in /u01/app/oracle/diag/crs/hannvzdlrasvr02/crs/trace/crsd_oraagent_oracle.trc.
2024-07-06 21:24:45.555 [MDNSD(61585)]CRS-5602: mDNS service stopping by request.
2024-07-06 21:24:45.998 [MDNSD(61585)]CRS-8504: Oracle Clusterware MDNSD process with operating system process ID 61585 is exiting
2024-07-06 21:25:05.046 [OCSSD(69864)]CRS-1601: CSSD Reconfiguration complete. Active nodes are hannvzdlrasvr01 hannvzdlrasvr02 .
2024-07-06 21:25:22.876 [OCTSSD(80726)]CRS-2405: The Cluster Time Synchronization Service on host hannvzdlrasvr02 is shutdown by user
2024-07-06 21:25:22.876 [OCTSSD(80726)]CRS-8504: Oracle Clusterware OCTSSD process with operating system process ID 80726 is exiting
2024-07-06 21:25:23.883 [OCSSD(69864)]CRS-1603: CSSD on node hannvzdlrasvr02 has been shut down.
2024-07-06 21:25:26.408 [ORAROOTAGENT(114053)]CRS-8500: Oracle Clusterware ORAROOTAGENT process is starting with operating system process ID 114053
2024-07-06 21:25:26.890 [GPNPD(63906)]CRS-2329: GPNPD on node hannvzdlrasvr02 shut down. 
2024-07-06 21:25:27.895 [OHASD(42260)]CRS-2793: Shutdown of Oracle High Availability Services-managed resources on 'hannvzdlrasvr02' has completed
2024-07-06 21:25:27.938 [ORAROOTAGENT(114053)]CRS-5822: Agent '/u01/app/19.0.0.0/grid/bin/orarootagent_root' disconnected from server. Details at (:CRSAGF00117:) {0:8:5} in /u01/app/oracle/diag/crs/hannvzdlrasvr02/crs/trace/ohasd_orarootagent_root.trc.
2024-07-06 21:25:27.938 [ORAAGENT(61070)]CRS-5822: Agent '/u01/app/19.0.0.0/grid/bin/oraagent_oracle' disconnected from server. Details at (:CRSAGF00117:) {0:5:43} in /u01/app/oracle/diag/crs/hannvzdlrasvr02/crs/trace/ohasd_oraagent_oracle.trc.
2024-07-06 21:25:44.816 [OHASD(115565)]CRS-8500: Oracle Clusterware OHASD process is starting with operating system process ID 115565
2024-07-06 21:25:44.856 [OHASD(115565)]CRS-0714: Oracle Clusterware Release 19.0.0.0.0.
2024-07-06 21:25:44.862 [OHASD(115565)]CRS-2112: The OLR service started on node hannvzdlrasvr02.
2024-07-06 21:25:44.954 [OHASD(115565)]CRS-1301: Oracle High Availability Service started on node hannvzdlrasvr02.
2024-07-06 21:25:44.954 [OHASD(115565)]CRS-8017: location: /etc/oracle/lastgasp has 2 reboot advisory log files, 0 were announced and 0 errors occurred
2024-07-06 21:25:45.287 [ORAROOTAGENT(115759)]CRS-8500: Oracle Clusterware ORAROOTAGENT process is starting with operating system process ID 115759
2024-07-06 21:25:45.300 [CSSDAGENT(115776)]CRS-8500: Oracle Clusterware CSSDAGENT process is starting with operating system process ID 115776
2024-07-06 21:25:45.300 [CSSDMONITOR(115780)]CRS-8500: Oracle Clusterware CSSDMONITOR process is starting with operating system process ID 115780
2024-07-06 21:25:45.307 [ORAAGENT(115769)]CRS-8500: Oracle Clusterware ORAAGENT process is starting with operating system process ID 115769
2024-07-06 21:25:45.851 [ORAAGENT(115871)]CRS-8500: Oracle Clusterware ORAAGENT process is starting with operating system process ID 115871
2024-07-06 21:25:46.081 [MDNSD(115895)]CRS-8500: Oracle Clusterware MDNSD process is starting with operating system process ID 115895
2024-07-06 21:25:46.079 [EVMD(115894)]CRS-8500: Oracle Clusterware EVMD process is starting with operating system process ID 115894
2024-07-06 21:25:47.098 [GPNPD(115959)]CRS-8500: Oracle Clusterware GPNPD process is starting with operating system process ID 115959
2024-07-06 21:25:47.992 [GPNPD(115959)]CRS-2328: GPNPD started on node hannvzdlrasvr02. 
2024-07-06 21:25:48.117 [GIPCD(116045)]CRS-8500: Oracle Clusterware GIPCD process is starting with operating system process ID 116045
2024-07-06 21:25:52.289 [OSYSMOND(116866)]CRS-8500: Oracle Clusterware OSYSMOND process is starting with operating system process ID 116866
2024-07-06 21:25:52.287 [CSSDMONITOR(116864)]CRS-8500: Oracle Clusterware CSSDMONITOR process is starting with operating system process ID 116864
2024-07-06 21:25:52.608 [CSSDAGENT(116899)]CRS-8500: Oracle Clusterware CSSDAGENT process is starting with operating system process ID 116899
2024-07-06 21:25:58.439 [OCSSD(116930)]CRS-8500: Oracle Clusterware OCSSD process is starting with operating system process ID 116930
2024-07-06 21:25:59.478 [OCSSD(116930)]CRS-1713: CSSD daemon is started in hub mode
2024-07-06 21:26:00.922 [OCSSD(116930)]CRS-1707: Lease acquisition for node hannvzdlrasvr02 number 2 completed
2024-07-06 21:26:02.009 [OCSSD(116930)]CRS-1621: The IPMI configuration data for this node stored in the Oracle registry is incomplete; details at (:CSSNK00002:) in /u01/app/oracle/diag/crs/hannvzdlrasvr02/crs/trace/ocssd.trc
2024-07-06 21:26:02.009 [OCSSD(116930)]CRS-1617: The information required to do node kill for node hannvzdlrasvr02 is incomplete; details at (:CSSNM00004:) in /u01/app/oracle/diag/crs/hannvzdlrasvr02/crs/trace/ocssd.trc
2024-07-06 21:26:02.045 [OCSSD(116930)]CRS-1605: CSSD voting file is online: o/10.9.27.33;10.9.27.34/CATALOG_CD_04_hannvzdlracel01; details in /u01/app/oracle/diag/crs/hannvzdlrasvr02/crs/trace/ocssd.trc.
2024-07-06 21:26:02.050 [OCSSD(116930)]CRS-1605: CSSD voting file is online: o/10.9.27.35;10.9.27.36/CATALOG_CD_03_hannvzdlracel02; details in /u01/app/oracle/diag/crs/hannvzdlrasvr02/crs/trace/ocssd.trc.
2024-07-06 21:26:02.055 [OCSSD(116930)]CRS-1605: CSSD voting file is online: o/10.9.27.49;10.9.27.50/CATALOG_CD_08_hannvzdlracel09; details in /u01/app/oracle/diag/crs/hannvzdlrasvr02/crs/trace/ocssd.trc.
2024-07-06 21:26:02.073 [OCSSD(116930)]CRS-1605: CSSD voting file is online: o/10.9.27.51;10.9.27.52/CATALOG_CD_03_hannvzdlracel10; details in /u01/app/oracle/diag/crs/hannvzdlrasvr02/crs/trace/ocssd.trc.
2024-07-06 21:26:02.078 [OCSSD(116930)]CRS-1605: CSSD voting file is online: o/10.9.27.53;10.9.27.54/CATALOG_CD_03_hannvzdlracel11; details in /u01/app/oracle/diag/crs/hannvzdlrasvr02/crs/trace/ocssd.trc.
2024-07-06 21:26:06.018 [OCSSD(116930)]CRS-1601: CSSD Reconfiguration complete. Active nodes are hannvzdlrasvr01 hannvzdlrasvr02 .
2024-07-06 21:26:07.936 [OCTSSD(118693)]CRS-8500: Oracle Clusterware OCTSSD process is starting with operating system process ID 118693
2024-07-06 21:26:08.089 [OCSSD(116930)]CRS-1720: Cluster Synchronization Services daemon (CSSD) is ready for operation.
2024-07-06 21:26:08.779 [OCTSSD(118693)]CRS-2403: The Cluster Time Synchronization Service on host hannvzdlrasvr02 is in observer mode.
2024-07-06 21:26:09.977 [OCTSSD(118693)]CRS-2407: The new Cluster Time Synchronization Service reference node is host hannvzdlrasvr01.
2024-07-06 21:26:09.978 [OCTSSD(118693)]CRS-2401: The Cluster Time Synchronization Service started on host hannvzdlrasvr02.
2024-07-06 21:26:37.271 [OLOGGERD(123518)]CRS-8500: Oracle Clusterware OLOGGERD process is starting with operating system process ID 123518
2024-07-06 21:26:39.887 [CRSD(123626)]CRS-8500: Oracle Clusterware CRSD process is starting with operating system process ID 123626
2024-07-06 21:26:42.120 [CRSD(123626)]CRS-1012: The OCR service started on node hannvzdlrasvr02.
2024-07-06 21:26:42.142 [CRSD(123626)]CRS-1201: CRSD started on node hannvzdlrasvr02.
2024-07-06 21:26:43.194 [ORAROOTAGENT(123744)]CRS-8500: Oracle Clusterware ORAROOTAGENT process is starting with operating system process ID 123744
2024-07-06 21:26:43.222 [ORAAGENT(123754)]CRS-8500: Oracle Clusterware ORAAGENT process is starting with operating system process ID 123754
2024-07-07 03:16:10.229 [CLSECHO(27903)]AFD-0654: AFD is not supported on Exadata systems
2024-07-14 03:16:38.169 [CLSECHO(201341)]AFD-0654: AFD is not supported on Exadata systems
2024-07-21 03:16:31.382 [CLSECHO(322334)]AFD-0654: AFD is not supported on Exadata systems
2024-07-28 03:09:59.706 [CLSECHO(497)]AFD-0654: AFD is not supported on Exadata systems
2024-07-30T15:39:57.523712+07:00
Non critical error DIA-48113 caught while writing to trace file "/u01/app/oracle/diag/crs/hannvzdlrasvr02/crs/trace/gipcd.trc"
Error message: 
Writing to the above trace file is disabled for now...
2024-07-30T15:40:02.423453+07:00
Non critical error DIA-48180 caught while writing to trace file "/u01/app/oracle/diag/crs/hannvzdlrasvr02/crs/trace/olsnodes_184541.trc"
Error message: Linux-x86_64 Error: 28: No space left on device
Additional information: 1
Writing to the above trace file is disabled for now...
2024-07-30T15:40:15.021324+07:00
Non critical error DIA-48113 caught while writing to trace file "/u01/app/oracle/diag/crs/hannvzdlrasvr02/crs/trace/osysmond.trc"
Error message: 
Writing to the above trace file is disabled for now...
2024-07-30T15:40:15.260001+07:00
Non critical error DIA-48113 caught while writing to trace file "/u01/app/oracle/diag/crs/hannvzdlrasvr02/crs/trace/ohasd_cssdmonitor_root.trc"
Error message: 
Writing to the above trace file is disabled for now...
2024-07-30T15:40:16.195458+07:00
Non critical error DIA-48113 caught while writi2024-07-30T15:40:19.522868+07:00
Non critical error DIA-48113 caught while writing to trace file "/u01/app/oracle/diag/crs/hannvzdlrasvr02/crs/trace/octssd.trc"
Error message: 
Writing to the above trace file is disabled for now...
2024-07-30T15:40:20.253205+07:00
Non critical error DIA-48113 caught while writing to trace metadata file (.trm)
Trace file name: "/u01/app/oracle/diag/crs/hannvzdlrasvr02/crs/trace/ohasd_cssdagent_root.trc"
Error message: 
Writing to trace metadata is disabled for now...
2024-07-30T15:40:29.526618+07:00
Non critical error DIA-48113 caught while writing to trace file "/u01/app/oracle/diag/crs/hannvzdlrasvr02/crs/trace/crsd_oraagent_oracle.trc"
Error message: 
Writing to the above trace file is disabled for now...
2024-07-30T15:40:32.626524+07:00
Non critical error DIA-48113 caught while writing to trace file "/u01/app/oracle/diag/crs/hannvzdlrasvr02/crs/trace/ocssd.trc"
Error message: 
Writing to the above trace file is disabled for now...
2024-07-30T15:40:34.270285+07:00
Non critical error DIA-48113 caught while writing to trace file "/u01/app/oracle/diag/crs/hannvzdlrasvr02/crs/trace/ohasd_cssdagent_root.trc"
Error message: 
Writing to the above trace file is disabled for now...
2024-07-30T15:40:34.715335+07:00
Non critical error DIA-48113 caught while writing to trace file "/u01/app/oracle/diag/crs/hannvzdlrasvr02/crs/trace/ohasd.trc"
Error message: 
Writing to the above trace file is disabled for now...
2024-07-30T15:40:53.177466+07:00
Non critical error DIA-48113 caught while writing to trace file "/u01/app/oracle/diag/crs/hannvzdlrasvr02/crs/trace/crsd.trc"
Error message: 
Writing to the above trace file is disabled for now...
2024-07-30T15:41:40.188200+07:00
Non critical error DIA-48113 caught while writing to trace file "/u01/app/oracle/diag/crs/hannvzdlrasvr02/crs/trace/diskmon.trc"
Error message: 
Writing to the above trace file is disabled for now...
2024-07-30T15:41:42.600870+07:00
Non critical error DIA-48181 caught while writing to trace file "/u01/app/oracle/diag/crs/hannvzdlrasvr02/crs/trace/osysmond.trc"
Error message: Linux-x86_64 Error: 28: No space left on device
Additional information: 1
Writing to the above trace file is disabled for now...
2024-07-30T15:41:50.588251+07:00
Non critical error DIA-48113 caught while writing to trace file "/u01/app/oracle/diag/crs/hannvzdlrasvr02/crs/trace/ohasd_oraagent_oracle.trc"
Error message: 
Writing to the above trace file is disabled for now...
2024-07-30T15:41:55.113390+07:00
Non critical error DIA-48113 caught while writing to trace file "/u01/app/oracle/diag/crs/hannvzdlrasvr02/crs/trace/ologgerd.trc"
Error message: 
Writing to the above trace file is disabled for now...
2024-07-30T15:43:53.270335+07:00
Non critical error DIA-48113 caught while writing to trace file "/u01/app/oracle/diag/crs/hannvzdlrasvr02/crs/trace/gpnpd.trc"
Error message: 
Writing to the above trace file is disabled for now...
2024-07-30T15:45:17.897650+07:00
Non critical error DIA-48113 caught while writing to trace file "/u01/app/oracle/diag/crs/hannvzdlrasvr02/crs/trace/evmd.trc"
Error message: 
Writing to the above trace file is disabled for now...
2024-07-30T15:45:18.219519+07:00
Non critical error DIA-48113 caught while writing to trace file "/u01/app/oracle/diag/crs/hannvzdlrasvr02/crs/trace/crsd_orarootagent_root.trc"
Error message: 
Writing to the above trace file is disabled for now...
2024-07-30T15:50:03.751576+07:00
Non critical error DIA-48180 caught while writing to trace file "/u01/app/oracle/diag/crs/hannvzdlrasvr02/crs/trace/olsnodes_214123.trc"
Error message: Linux-x86_64 Error: 28: No space left on device
Additional information: 1
Writing to the above trace file is disabled for now...
2024-07-30T16:00:03.297046+07:00
Non critical error DIA-48180 caught while writing to trace file "/u01/app/oracle/diag/crs/hannvzdlrasvr02/crs/trace/olsnodes_239718.trc"
Error message: Linux-x86_64 Error: 28: No space left on device
Additional information: 1
Writing to the above trace file is disabled for now...
2024-07-30T16:10:03.053262+07:00
Non critical err2024-07-30T20:00:03.379905+07:00
Non critical error DIA-48180 caught while writing to trace file "/u01/app/oracle/diag/crs/hannvzdlrasvr02/crs/trace/olsnodes_85218.trc"
Error message: Linux-x86_64 Error: 28: No space left on device
Additional information: 1
Writing to the above trace file is disabled for now...
2024-07-30T20:10:03.159932+07:00
Non critical error DIA-48180 caught while writing to trace file "/u01/app/oracle/diag/crs/hannvzdlrasvr02/crs/trace/olsnodes_110731.trc"
Error message: Linux-x86_64 Error: 28: No space left on device
Additional information: 1
Writing to the above trace file is disabled for now...
2024-07-30T20:20:02.926978+07:00
Non critical error DIA-48180 caught while writing to trace file "/u01/app/oracle/diag/crs/hannvzdlrasvr02/crs/trace/olsnodes_138252.trc"
Error message: Linux-x86_64 Error: 28: No space left on device
Additional information: 1
Writing to the above trace file is disabled for now...
2024-07-30T20:30:03.974780+07:00
Non critical error DIA-48180 caught while writing to trace file "/u01/app/oracle/diag/crs/hannvzdlrasvr02/crs/trace/olsnodes_165969.trc"
Error message: Linux-x86_64 Error: 28: No space left on device
Additional information: 1
Writing to the above trace file is disabled for now...
2024-07-30T20:40:03.773796+07:00
Non critical error DIA-48180 caught while writing to trace file "/u01/app/oracle/diag/crs/hannvzdlrasvr02/crs/trace/olsnodes_192913.trc"
Error message: Linux-x86_64 Error: 28: No space left on device
Additional information: 1
Writing to the above trace file is disabled for now...
2024-07-30T20:50:03.538619+07:00
Non critical error DIA-48180 caught while writing to trace file "/u01/app/oracle/diag/crs/hannvzdlrasvr02/crs/trace/olsnodes_219928.trc"
Error message: Linux-x86_64 Error: 28: No space left on device
Additional information: 1
Writing to the above trace file is disabled for now...
2024-07-30T21:00:03.602683+07:00
Non critical error DIA-48180 caught while writing to trace file "/u01/app/oracle/diag/crs/hannvzdlrasvr02/crs/trace/olsnodes_247467.trc"
Error message: Linux-x86_64 Error: 28: No space left on device
Additional information: 1
Writing to the above trace file is disabled for now...
2024-07-30T21:10:02.917653+07:00
Non critical error DIA-48180 caught while writing to trace file "/u01/app/oracle/diag/crs/hannvzdlrasvr02/crs/trace/olsnodes_272914.trc"
Error message: Linux-x86_64 Error: 28: No space left on device
Additional information: 1
Writing to the above trace file is disabled for now...
2024-07-30T21:20:02.692315+07:00
Non critical error DIA-48180 caught while writing to trace file "/u01/app/oracle/diag/crs/hannvzdlrasvr02/crs/trace/olsnodes_299596.trc"
Error message: Linux-x86_64 Error: 28: No space left on device
Additional information: 1
Writing to the above trace file is disabled for now...
2024-07-30T21:30:03.742847+07:00
Non critical error DIA-48180 caught while writing to trace file "/u01/app/oracle/diag/crs/hannvzdlrasvr02/crs/trace/olsnodes_327361.trc"
Error message: Linux-x86_64 Error: 28: No space left on device
Additional information: 1
Writing to the above trace file is disabled for now...
2024-07-30T21:40:03.528252+07:00
Non critical error DIA-48180 caught while writing to trace file "/u01/app/oracle/diag/crs/hannvzdlrasvr02/crs/trace/olsnodes_354316.trc"
Error message: Linux-x86_64 Error: 28: No space left on device
Additional information: 1
Writing to the above trace file is disabled for now...
2024-07-30T21:50:03.373349+07:00
Non critical error DIA-48180 caught while writing to trace file "/u01/app/oracle/diag/crs/hannvzdlrasvr02/crs/trace/olsnodes_380940.trc"
Error message: Linux-x86_64 Error: 28: No space left on device
Additional information: 1
Writing to the above trace file is disabled for now...
2024-07-30T22:00:03.571343+07:00
Non critical error DIA-48180 caught while writing to trace file "/u01/app/oracle/diag/crs/hannvzdlrasvr02/crs/trace/olsnodes_7803.trc"
Error message: Linux-x86_64 Error: 28: No space left on device
Additional information: 1
Writing to the above trace file is disabled for now...
2024-07-30T22:10:2024-07-31T23:50:03.006536+07:00
Non critical error DIA-48180 caught while writing to trace file "/u01/app/oracle/diag/crs/hannvzdlrasvr02/crs/trace/olsnodes_246450.trc"
Error message: Linux-x86_64 Error: 28: No space left on device
Additional information: 1
Writing to the above trace file is disabled for now...
2024-08-01T00:00:04.033019+07:00
Non critical error DIA-48180 caught while writing to trace file "/u01/app/oracle/diag/crs/hannvzdlrasvr02/crs/trace/olsnodes_271643.trc"
Error message: Linux-x86_64 Error: 28: No space left on device
Additional information: 1
Writing to the above trace file is disabled for now...
2024-08-01T00:10:04.262518+07:00
Non critical error DIA-48180 caught while writing to trace file "/u01/app/oracle/diag/crs/hannvzdlrasvr02/crs/trace/olsnodes_298413.trc"
Error message: Linux-x86_64 Error: 28: No space left on device
Additional information: 1
Writing to the above trace file is disabled for now...
2024-08-01T00:30:03.093260+07:00
Non critical error DIA-48180 caught while writing to trace file "/u01/app/oracle/diag/crs/hannvzdlrasvr02/crs/trace/olsnodes_353049.trc"
Error message: Linux-x86_64 Error: 28: No space left on device
Additional information: 1
Writing to the above trace file is disabled for now...
2024-08-01T00:40:02.846526+07:00
Non critical error DIA-48180 caught while writing to trace file "/u01/app/oracle/diag/crs/hannvzdlrasvr02/crs/trace/olsnodes_379869.trc"
Error message: Linux-x86_64 Error: 28: No space left on device
Additional information: 1
Writing to the above trace file is disabled for now...
2024-08-01T00:50:03.618325+07:00
Non critical error DIA-48180 caught while writing to trace file "/u01/app/oracle/diag/crs/hannvzdlrasvr02/crs/trace/olsnodes_8142.trc"
Error message: Linux-x86_64 Error: 28: No space left on device
Additional information: 1
Writing to the above trace file is disabled for now...
2024-08-01T01:00:03.699733+07:00
Non critical error DIA-48180 caught while writing to trace file "/u01/app/oracle/diag/crs/hannvzdlrasvr02/crs/trace/olsnodes_33478.trc"
Error message: Linux-x86_64 Error: 28: No space left on device
Additional information: 1
Writing to the above trace file is disabled for now...
2024-08-01T01:10:02.935792+07:00
Non critical error DIA-48180 caught while writing to trace file "/u01/app/oracle/diag/crs/hannvzdlrasvr02/crs/trace/olsnodes_60348.trc"
Error message: Linux-x86_64 Error: 28: No space left on device
Additional information: 1
Writing to the above trace file is disabled for now...
2024-08-01T01:20:03.694904+07:00
Non critical error DIA-48180 caught while writing to trace file "/u01/app/oracle/diag/crs/hannvzdlrasvr02/crs/trace/olsnodes_88336.trc"
Error message: Linux-x86_64 Error: 28: No space left on device
Additional information: 1
Writing to the above trace file is disabled for now...
2024-08-01T01:30:03.805626+07:00
Non critical error DIA-48180 caught while writing to trace file "/u01/app/oracle/diag/crs/hannvzdlrasvr02/crs/trace/olsnodes_115226.trc"
Error message: Linux-x86_64 Error: 28: No space left on device
Additional information: 1
Writing to the above trace file is disabled for now...
2024-08-01T01:40:03.573199+07:00
Non critical error DIA-48180 caught while writing to trace file "/u01/app/oracle/diag/crs/hannvzdlrasvr02/crs/trace/olsnodes_142597.trc"
Error message: Linux-x86_64 Error: 28: No space left on device
Additional information: 1
Writing to the above trace file is disabled for now...
2024-08-01T01:50:02.358373+07:00
Non critical error DIA-48180 caught while writing to trace file "/u01/app/oracle/diag/crs/hannvzdlrasvr02/crs/trace/olsnodes_168528.trc"
Error message: Linux-x86_64 Error: 28: No space left on device
Additional information: 1
Writing to the above trace file is disabled for now...
2024-08-01T02:00:02.403941+07:00
Non critical error DIA-48180 caught while writing to trace file "/u01/app/oracle/diag/crs/hannvzdlrasvr02/crs/trace/olsnodes_195181.trc"
Error message: Linux-x86_64 Error: 28: No space left on device
Additional information: 1
Writing to the above trace file is disabled for now...
2024-08-01T02:10:032024-08-03 10:40:38.402 [ORAROOTAGENT(123744)]CRS-5024: Unmounting file system "/raacfs/raadmin"
2024-08-03 10:40:38.405 [ORAROOTAGENT(123744)]CRS-5024: Unmounting file system "/osbcat"
2024-08-03 10:40:38.908 [ORAROOTAGENT(123744)]CRS-5025: File system "/osbcat" unmounted
2024-08-03 10:40:39.707 [ORAROOTAGENT(123744)]CRS-5025: File system "/raacfs/raadmin" unmounted
2024-08-03 10:43:38.399 [ORAAGENT(123754)]CRS-5818: Aborted command 'stop' for resource 'ora.chad'. Details at (:CRSAGF00113:) {2:27333:1757} in /u01/app/oracle/diag/crs/hannvzdlrasvr02/crs/trace/crsd_oraagent_oracle.trc.
2024-08-03 10:43:38.420 [ORAAGENT(123754)]CRS-5017: The resource action "ora.chad stop" encountered the following error: 
2024-08-03 10:43:38.420+action for daemon aborted. For details refer to "(:CLSN00108:)" in "/u01/app/oracle/diag/crs/hannvzdlrasvr02/crs/trace/crsd_oraagent_oracle.trc".
2024-08-03 10:43:56.904 [ORAAGENT(123754)]CRS-5822: Agent '/u01/app/19.0.0.0/grid/bin/oraagent_oracle' disconnected from server. Details at (:CRSAGF00117:) {0:2:61} in /u01/app/oracle/diag/crs/hannvzdlrasvr02/crs/trace/crsd_oraagent_oracle.trc.
2024-08-03 10:43:56.905 [ORAROOTAGENT(123744)]CRS-5822: Agent '/u01/app/19.0.0.0/grid/bin/orarootagent_root' disconnected from server. Details at (:CRSAGF00117:) {0:1:15} in /u01/app/oracle/diag/crs/hannvzdlrasvr02/crs/trace/crsd_orarootagent_root.trc.
2024-08-03 10:43:57.911 [OCTSSD(118693)]CRS-2405: The Cluster Time Synchronization Service on host hannvzdlrasvr02 is shutdown by user
2024-08-03 10:43:57.912 [OCTSSD(118693)]CRS-8504: Oracle Clusterware OCTSSD process with operating system process ID 118693 is exiting
2024-08-03 10:44:30.582 [OCSSD(116930)]CRS-1603: CSSD on node hannvzdlrasvr02 has been shut down.
2024-08-03 10:44:33.128 [ORAROOTAGENT(390736)]CRS-8500: Oracle Clusterware ORAROOTAGENT process is starting with operating system process ID 390736
2024-08-03 10:44:40.006 [ORAROOTAGENT(390908)]CRS-8500: Oracle Clusterware ORAROOTAGENT process is starting with operating system process ID 390908
2024-08-03 10:46:07.574 [OSYSMOND(394477)]CRS-8500: Oracle Clusterware OSYSMOND process is starting with operating system process ID 394477
2024-08-03 10:46:07.576 [CSSDMONITOR(394478)]CRS-8500: Oracle Clusterware CSSDMONITOR process is starting with operating system process ID 394478
2024-08-03 10:46:07.581 [EVMD(394487)]CRS-8500: Oracle Clusterware EVMD process is starting with operating system process ID 394487
2024-08-03 10:46:07.902 [CSSDAGENT(394524)]CRS-8500: Oracle Clusterware CSSDAGENT process is starting with operating system process ID 394524
2024-08-03 10:46:13.733 [OCSSD(394569)]CRS-8500: Oracle Clusterware OCSSD process is starting with operating system process ID 394569
2024-08-03 10:46:14.772 [OCSSD(394569)]CRS-1713: CSSD daemon is started in hub mode
2024-08-03 10:46:16.238 [OCSSD(394569)]CRS-1707: Lease acquisition for node hannvzdlrasvr02 number 2 completed
2024-08-03 10:46:17.321 [OCSSD(394569)]CRS-1621: The IPMI configuration data for this node stored in the Oracle registry is incomplete; details at (:CSSNK00002:) in /u01/app/oracle/diag/crs/hannvzdlrasvr02/crs/trace/ocssd.trc
2024-08-03 10:46:17.321 [OCSSD(394569)]CRS-1617: The information required to do node kill for node hannvzdlrasvr02 is incomplete; details at (:CSSNM00004:) in /u01/app/oracle/diag/crs/hannvzdlrasvr02/crs/trace/ocssd.trc
2024-08-03 10:46:17.357 [OCSSD(394569)]CRS-1605: CSSD voting file is online: o/10.9.27.33;10.9.27.34/CATALOG_CD_04_hannvzdlracel01; details in /u01/app/oracle/diag/crs/hannvzdlrasvr02/crs/trace/ocssd.trc.
2024-08-03 10:46:17.362 [OCSSD(394569)]CRS-1605: CSSD voting file is online: o/10.9.27.35;10.9.27.36/CATALOG_CD_03_hannvzdlracel02; details in /u01/app/oracle/diag/crs/hannvzdlrasvr02/crs/trace/ocssd.trc.
2024-08-03 10:46:17.367 [OCSSD(394569)]CRS-1605: CSSD voting file is online: o/10.9.27.49;10.9.27.50/CATALOG_CD_08_hannvzdlracel09; details in /u01/app/oracle/diag/crs/hannvzdlrasvr02/crs/trace/ocssd.trc.
2024-08-03 10:46:17.383 [OCSSD(394569)]CRS-1605: CSSD voting file is online: o/10.9.27.51;10.9.27.52/CATALOG_CD_03_hannvzdlracel10; details in /u01/app/oracle/diag/crs/hannvzdlrasvr02/crs/trace/ocssd.trc.
2024-08-03 10:46:17.387 [OCSSD(394569)]CRS-1605: CSSD voting file is online: o/10.9.27.53;10.9.27.54/CATALOG_CD_03_hannvzdlracel11; details in /u01/app/oracle/diag/crs/hannvzdlrasvr02/crs/trace/ocssd.trc.
2024-08-03 10:46:26.569 [OCSSD(394569)]CRS-1601: CSSD Reconfiguration complete. Active nodes are hannvzdlrasvr01 hannvzdlrasvr02 .
2024-08-03 10:46:28.229 [OCTSSD(397717)]CRS-8500: Oracle Clusterware OCTSSD process is starting with operating system process ID 397717
2024-08-03 10:46:28.638 [OCSSD(394569)]CRS-1720: Cluster Synchronization Services daemon (CSSD) is ready for operation.
2024-08-03 10:46:29.075 [OCTSSD(397717)]CRS-2403: The Cluster Time Synchronization Service on host hannvzdlrasvr02 is in observer mode.
2024-08-03 10:46:30.261 [OCTSSD(397717)]CRS-2407: The new Cluster Time Synchronization Service reference node is host hannvzdlrasvr01.
2024-08-03 10:46:30.262 [OCTSSD(397717)]CRS-2401: The Cluster Time Synchronization Service started on host hannvzdlrasvr02.
2024-08-03 10:46:40.092 [ORAROOTAGENT(390908)]CRS-5019: All OCR locations are on ASM disk groups [CATALOG], and none of these disk groups are mounted. Details are at "(:CLSN00140:)" in "/u01/app/oracle/diag/crs/hannvzdlrasvr02/crs/trace/ohasd_orarootagent_root.trc".
2024-08-03 10:47:09.740 [CRSD(399602)]CRS-8500: Oracle Clusterware CRSD process is starting with operating system process ID 399602
2024-08-03 10:47:12.973 [CRSD(399602)]CRS-1012: The OCR service started on node hannvzdlrasvr02.
2024-08-03 10:47:13.009 [CRSD(399602)]CRS-1201: CRSD started on node hannvzdlrasvr02.
2024-08-03 10:47:13.661 [ORAROOTAGENT(399933)]CRS-8500: Oracle Clusterware ORAROOTAGENT process is starting with operating system process ID 399933
2024-08-03 10:47:13.690 [ORAAGENT(399943)]CRS-8500: Oracle Clusterware ORAAGENT process is starting with operating system process ID 399943
2024-08-03 10:49:34.176 [CLSECHO(18409)]AFD-0654: AFD is not supported on Exadata systems
2024-08-03 10:50:04.466 [CLSECHO(22328)]ACFS-9316: Valid ADVM/ACFS distribution media detected at: '/u01/app/19.0.0.0/grid/usm/install/Oracle/EL8UEK/x86_64/5.4.17-2011.0.7/5.4.17-2011.0.7-x86_64/bin'
2024-08-04 03:16:27.443 [CLSECHO(4275)]AFD-0654: AFD is not supported on Exadata systems
2024-08-04T05:32:46.052914+07:00
Non critical error DIA-48113 caught while writing to trace metadata file (.trm)
Trace file name: "/u01/app/oracle/diag/crs/hannvzdlrasvr02/crs/trace/octssd.trc"
Error message: 
Writing to trace metadata is disabled for now...
2024-08-04T05:33:30.443057+07:00
Non critical error DIA-48113 caught while writing to trace metadata file (.trm)
Trace file name: "/u01/app/oracle/diag/crs/hannvzdlrasvr02/crs/trace/ocssd.trc"
Error message: 
Writing to trace metadata is disabled for now...
2024-08-04T05:34:07.585685+07:00
Non critical error DIA-48113 caught while writing to trace file "/u01/app/oracle/diag/crs/hannvzdlrasvr02/crs/trace/diskmon.trc"
Error message: 
Writing to the above trace file is disabled for now...
2024-08-04T05:34:09.719262+07:00
Non critical error DIA-48113 caught while writing to trace file "/u01/app/oracle/diag/crs/hannvzdlrasvr02/crs/trace/ohasd_orarootagent_root.trc"
Error message: 
Writing to the above trace file is disabled for now...
2024-08-04T05:34:14.060093+07:00
Non critical error DIA-48113 caught while writing to trace file "/u01/app/oracle/diag/crs/hannvzdlrasvr02/crs/trace/octssd.trc"
Error message: 
Writing to the above trace file is disabled for now...
2024-08-04T05:34:31.906631+07:00
Non critical error DIA-48113 caught while writing to trace file "/u01/app/oracle/diag/crs/hannvzdlrasvr02/crs/trace/crsd_oraagent_oracle.trc"
Error message: 
Writing to the above trace file is disabled for now...
2024-08-04T05:34:42.381979+07:00
Non critical error DIA-48113 caught while writing to trace file "/u01/app/oracle/diag/crs/hannvzdlrasvr02/crs/trace/ocssd.trc"
Error message: 
Writing to the above trace file is disabled for now...
2024-08-04T05:34:45.109643+07:00
Non critical error DIA-48113 caught while writing to trace file "/u01/app/oracle/diag/crs/hannvzdlrasvr02/crs/trace/osysmond.trc"
Error message: 
Writing to the above trace file is disabled for now...
2024-08-04T05:35:00.087016+07:00
Non critical error DIA-48113 caught while writing to trace metadata file (.trm)
Trace file name: "/u01/app/oracle/diag/crs/hannvzdlrasvr02/crs/trace/ohasd_cssdmonitor_root.trc"
Error message: 
Writing to trace metadata is disabled for now...
2024-08-04T05:35:07.075945+07:00
Non critical error DIA-48113 caught while writing to trace file "/u01/app/oracle/diag/crs/hannvzdlrasvr02/crs/trace/ohasd_cssdagent_root.trc"
Error message: 
Writing to the above trace file is disabled for now...
2024-08-04T05:35:13.780740+07:00
Non critical error DIA-48113 caught while writing to trace file "/u01/app/oracle/diag/crs/hannvzdlrasvr02/crs/trace/crsd.trc"
Error message: 
Writing to the above trace file is disabled for now...
2024-08-04T05:35:55.100735+07:00
Non critical error DIA-48113 caught while writing to trace file "/u01/app/oracle/diag/crs/hannvzdlrasvr02/crs/trace/ohasd_cssdmonitor_root.trc"
Error message: 
Writing to the above trace file is disabled for now...
2024-08-04T05:40:01.310262+07:00
Non critical error DIA-48113 caught while writing to trace file "/u01/app/oracle/diag/crs/hannvzdlrasvr02/crs/trace/osysmond.trc"
Error message: 
Writing to the above trace file is disabled for now...
2024-08-04T05:40:03.595657+07:00
Non critical error DIA-48180 caught while writing to trace file "/u01/app/oracle/diag/crs/hannvzdlrasvr02/crs/trace/olsnodes_8004.trc"
Error message: Linux-x86_64 Error: 28: No space left on device
Additional information: 1
Writing to the above trace file is disabled for now...
2024-08-04T05:40:21.802026+07:00
Non critical error DIA-48113 caught while writing to trace file "/u01/app/oracle/diag/crs/hannvzdlrasvr02/crs/trace/evmd.trc"
Error message: 
Writing to the above trace file is disabled for now...
2024-08-04T05:40:43.657894+07:00
Non critical error DIA-48113 caught while writing to trace file "/u01/app/oracle/diag/crs/hannvzdlrasvr02/crs/trace/crsd_orarootagent_root.trc"
Error message: 
Writing to the above trace file is disabled for now...
2024-08-04T05:50:03.419533+07:00
Non critical error DIA-48180 caught while writing to trace file "/u01/app/oracle/diag/crs/hannvzdlrasvr02/crs/trace/olsnodes_37064.trc"
Error message: Linux-x86_64 Error: 28: No space left on device
Additional information: 1
Writing to the above trace file is disabled for now...
2024-08-04T06:00:03.500074+07:00
Non critical error DIA-48180 caught while writing to trace file "/u01/app/oracle/diag/crs/hannvzdlrasvr02/crs/trace/olsnodes_62098.trc"
Error message: Linux-x86_64 Error: 28: No space left on device
Additional information: 1
Writing to the above trace file is disabled for now...
2024-08-04T06:10:03.921963+07:00
Non critical error DIA-48180 caught while writing to trace file "/u01/app/oracle/diag/crs/hannvzdlrasvr02/crs/trace/olsnodes_100641.trc"
Error message: Linux-x86_64 Error: 28: No space left on device
Additional information: 1
Writing to the above trace file is disabled for now...
2024-08-04T06:20:03.348330+07:00
Non critical error DIA-48180 caught while writing to trace file "/u01/app/oracle/diag/crs/hannvzdlrasvr02/crs/trace/olsnodes_131421.trc"
Error message: Linux-x86_64 Error: 28: No space left on device
Additional information: 1
Writing to the above trace file is disabled for now...
2024-08-04T06:30:03.467124+07:00
Non critical error DIA-48180 caught while writing to trace file "/u01/app/oracle/diag/crs/hannvzdlrasvr02/crs/trace/olsnodes_155911.trc"
Error message: Linux-x86_64 Error: 28: No space left on device
Additional information: 1
Writing to the above trace file is disabled for now...
2024-08-04T06:40:03.419640+07:00
Non critical error DIA-48180 caught while writing to trace file "/u01/app/oracle/diag/crs/hannvzdlrasvr02/crs/trace/olsnodes_184479.trc"
Error message: Linux-x86_64 Error: 28: No space left on device
Additional information: 1
Writing to the above trace file is disabled for now...
20242024-08-07T10:50:04.104715+07:00
Non critical error DIA-48180 caught while writing to trace file "/u01/app/oracle/diag/crs/hannvzdlrasvr02/crs/trace/olsnodes_159486.trc"
Error message: Linux-x86_64 Error: 28: No space left on device
Additional information: 1
Writing to the above trace file is disabled for now...
2024-08-07T11:00:02.696876+07:00
Non critical error DIA-48180 caught while writing to trace file "/u01/app/oracle/diag/crs/hannvzdlrasvr02/crs/trace/olsnodes_183918.trc"
Error message: Linux-x86_64 Error: 28: No space left on device
Additional information: 1
Writing to the above trace file is disabled for now...
2024-08-07T11:10:04.189421+07:00
Non critical error DIA-48180 caught while writing to trace file "/u01/app/oracle/diag/crs/hannvzdlrasvr02/crs/trace/olsnodes_235868.trc"
Error message: Linux-x86_64 Error: 28: No space left on device
Additional information: 1
Writing to the above trace file is disabled for now...
2024-08-07T11:20:02.782216+07:00
Non critical error DIA-48180 caught while writing to trace file "/u01/app/oracle/diag/crs/hannvzdlrasvr02/crs/trace/olsnodes_268552.trc"
Error message: Linux-x86_64 Error: 28: No space left on device
Additional information: 1
Writing to the above trace file is disabled for now...
2024-08-07T11:30:02.812620+07:00
Non critical error DIA-48180 caught while writing to trace file "/u01/app/oracle/diag/crs/hannvzdlrasvr02/crs/trace/olsnodes_293093.trc"
Error message: Linux-x86_64 Error: 28: No space left on device
Additional information: 1
Writing to the above trace file is disabled for now...
2024-08-07T11:40:03.087768+07:00
Non critical error DIA-48180 caught while writing to trace file "/u01/app/oracle/diag/crs/hannvzdlrasvr02/crs/trace/olsnodes_328065.trc"
Error message: Linux-x86_64 Error: 28: No space left on device
Additional information: 1
Writing to the above trace file is disabled for now...
2024-08-07T11:50:03.587169+07:00
Non critical error DIA-48180 caught while writing to trace file "/u01/app/oracle/diag/crs/hannvzdlrasvr02/crs/trace/olsnodes_356275.trc"
Error message: Linux-x86_64 Error: 28: No space left on device
Additional information: 1
Writing to the above trace file is disabled for now...
2024-08-07T12:00:03.628161+07:00
Non critical error DIA-48180 caught while writing to trace file "/u01/app/oracle/diag/crs/hannvzdlrasvr02/crs/trace/olsnodes_381214.trc"
Error message: Linux-x86_64 Error: 28: No space left on device
Additional information: 1
Writing to the above trace file is disabled for now...
2024-08-07T12:10:03.487377+07:00
Non critical error DIA-48180 caught while writing to trace file "/u01/app/oracle/diag/crs/hannvzdlrasvr02/crs/trace/olsnodes_16488.trc"
Error message: Linux-x86_64 Error: 28: No space left on device
Additional information: 1
Writing to the above trace file is disabled for now...
2024-08-07T12:20:03.440490+07:00
Non critical error DIA-48180 caught while writing to trace file "/u01/app/oracle/diag/crs/hannvzdlrasvr02/crs/trace/olsnodes_42848.trc"
Error message: Linux-x86_64 Error: 28: No space left on device
Additional information: 1
Writing to the above trace file is disabled for now...
2024-08-07T12:30:03.459484+07:00
Non critical error DIA-48180 caught while writing to trace file "/u01/app/oracle/diag/crs/hannvzdlrasvr02/crs/trace/olsnodes_65975.trc"
Error message: Linux-x86_64 Error: 28: No space left on device
Additional information: 1
Writing to the above trace file is disabled for now...
2024-08-07T12:40:03.211184+07:00
Non critical error DIA-48180 caught while writing to trace file "/u01/app/oracle/diag/crs/hannvzdlrasvr02/crs/trace/olsnodes_91565.trc"
Error message: Linux-x86_64 Error: 28: No space left on device
Additional information: 1
Writing to the above trace file is disabled for now...
2024-08-07T12:50:03.891408+07:00
Non critical error DIA-48180 caught while writing to trace file "/u01/app/oracle/diag/crs/hannvzdlrasvr02/crs/trace/olsnodes_116411.trc"
Error message: Linux-x86_64 Error: 28: No space left on device
Additional information: 1
Writing to the above trace file is disabled for now...
2024-08-07T13:00:02024-08-11 03:15:06.349 [CLSECHO(69039)]AFD-0654: AFD is not supported on Exadata systems
2024-08-14T11:40:03.112696+07:00
Non critical error DIA-48180 caught while writing to trace file "/u01/app/oracle/diag/crs/hannvzdlrasvr02/crs/trace/olsnodes_48344.trc"
Error message: Linux-x86_64 Error: 28: No space left on device
Additional information: 1
Writing to the above trace file is disabled for now...
2024-08-14T11:50:04.230548+07:00
Non critical error DIA-48180 caught while writing to trace file "/u01/app/oracle/diag/crs/hannvzdlrasvr02/crs/trace/olsnodes_84643.trc"
Error message: Linux-x86_64 Error: 28: No space left on device
Additional information: 1
Writing to the above trace file is disabled for now...
2024-08-14T12:00:03.219485+07:00
Non critical error DIA-48180 caught while writing to trace file "/u01/app/oracle/diag/crs/hannvzdlrasvr02/crs/trace/olsnodes_107353.trc"
Error message: Linux-x86_64 Error: 28: No space left on device
Additional information: 1
Writing to the above trace file is disabled for now...
2024-08-14T12:10:03.884115+07:00
Non critical error DIA-48180 caught while writing to trace file "/u01/app/oracle/diag/crs/hannvzdlrasvr02/crs/trace/olsnodes_157666.trc"
Error message: Linux-x86_64 Error: 28: No space left on device
Additional information: 1
Writing to the above trace file is disabled for now...
2024-08-14T12:20:04.111010+07:00
Non critical error DIA-48180 caught while writing to trace file "/u01/app/oracle/diag/crs/hannvzdlrasvr02/crs/trace/olsnodes_183172.trc"
Error message: Linux-x86_64 Error: 28: No space left on device
Additional information: 1
Writing to the above trace file is disabled for now...
2024-08-14T12:30:04.235717+07:00
Non critical error DIA-48180 caught while writing to trace file "/u01/app/oracle/diag/crs/hannvzdlrasvr02/crs/trace/olsnodes_207938.trc"
Error message: Linux-x86_64 Error: 28: No space left on device
Additional information: 1
Writing to the above trace file is disabled for now...
2024-08-14T12:40:03.002946+07:00
Non critical error DIA-48180 caught while writing to trace file "/u01/app/oracle/diag/crs/hannvzdlrasvr02/crs/trace/olsnodes_233924.trc"
Error message: Linux-x86_64 Error: 28: No space left on device
Additional information: 1
Writing to the above trace file is disabled for now...
2024-08-14T12:50:03.916271+07:00
Non critical error DIA-48180 caught while writing to trace file "/u01/app/oracle/diag/crs/hannvzdlrasvr02/crs/trace/olsnodes_258339.trc"
Error message: Linux-x86_64 Error: 28: No space left on device
Additional information: 1
Writing to the above trace file is disabled for now...
2024-08-14T13:00:03.974503+07:00
Non critical error DIA-48180 caught while writing to trace file "/u01/app/oracle/diag/crs/hannvzdlrasvr02/crs/trace/olsnodes_281152.trc"
Error message: Linux-x86_64 Error: 28: No space left on device
Additional information: 1
Writing to the above trace file is disabled for now...
2024-08-14T13:10:04.201970+07:00
Non critical error DIA-48180 caught while writing to trace file "/u01/app/oracle/diag/crs/hannvzdlrasvr02/crs/trace/olsnodes_306909.trc"
Error message: Linux-x86_64 Error: 28: No space left on device
Additional information: 1
Writing to the above trace file is disabled for now...
2024-08-14T13:20:02.703114+07:00
Non critical error DIA-48180 caught while writing to trace file "/u01/app/oracle/diag/crs/hannvzdlrasvr02/crs/trace/olsnodes_331388.trc"
Error message: Linux-x86_64 Error: 28: No space left on device
Additional information: 1
Writing to the above trace file is disabled for now...
2024-08-14T13:30:03.767242+07:00
Non critical error DIA-48180 caught while writing to trace file "/u01/app/oracle/diag/crs/hannvzdlrasvr02/crs/trace/olsnodes_355748.trc"
Error message: Linux-x86_64 Error: 28: No space left on device
Additional information: 1
Writing to the above trace file is disabled for now...
2024-08-14T13:40:03.532984+07:00
Non critical error DIA-48180 caught while writing to trace file "/u01/app/oracle/diag/crs/hannvzdlrasvr02/crs/trace/olsnodes_381484.trc"
Error message: Linux-x86_64 Error: 28: No space left on device
Additio2024-08-18 03:16:19.791 [CLSECHO(284823)]AFD-0654: AFD is not supported on Exadata systems
2024-08-21T05:40:03.236993+07:00
Non critical error DIA-48180 caught while writing to trace file "/u01/app/oracle/diag/crs/hannvzdlrasvr02/crs/trace/olsnodes_254031.trc"
Error message: Linux-x86_64 Error: 28: No space left on device
Additional information: 1
Writing to the above trace file is disabled for now...
2024-08-21T05:50:04.002272+07:00
Non critical error DIA-48180 caught while writing to trace file "/u01/app/oracle/diag/crs/hannvzdlrasvr02/crs/trace/olsnodes_282564.trc"
Error message: Linux-x86_64 Error: 28: No space left on device
Additional information: 1
Writing to the above trace file is disabled for now...
2024-08-21T06:00:03.036113+07:00
Non critical error DIA-48180 caught while writing to trace file "/u01/app/oracle/diag/crs/hannvzdlrasvr02/crs/trace/olsnodes_306909.trc"
Error message: Linux-x86_64 Error: 28: No space left on device
Additional information: 1
Writing to the above trace file is disabled for now...
2024-08-21T06:10:04.127175+07:00
Non critical error DIA-48180 caught while writing to trace file "/u01/app/oracle/diag/crs/hannvzdlrasvr02/crs/trace/olsnodes_332590.trc"
Error message: Linux-x86_64 Error: 28: No space left on device
Additional information: 1
Writing to the above trace file is disabled for now...
2024-08-21T06:20:04.240155+07:00
Non critical error DIA-48180 caught while writing to trace file "/u01/app/oracle/diag/crs/hannvzdlrasvr02/crs/trace/olsnodes_393950.trc"
Error message: Linux-x86_64 Error: 28: No space left on device
Additional information: 1
Writing to the above trace file is disabled for now...
2024-08-21T06:30:04.275630+07:00
Non critical error DIA-48180 caught while writing to trace file "/u01/app/oracle/diag/crs/hannvzdlrasvr02/crs/trace/olsnodes_19382.trc"
Error message: Linux-x86_64 Error: 28: No space left on device
Additional information: 1
Writing to the above trace file is disabled for now...
2024-08-21T06:40:03.663473+07:00
Non critical error DIA-48180 caught while writing to trace file "/u01/app/oracle/diag/crs/hannvzdlrasvr02/crs/trace/olsnodes_50042.trc"
Error message: Linux-x86_64 Error: 28: No space left on device
Additional information: 1
Writing to the above trace file is disabled for now...
2024-08-21T06:50:03.037981+07:00
Non critical error DIA-48180 caught while writing to trace file "/u01/app/oracle/diag/crs/hannvzdlrasvr02/crs/trace/olsnodes_93208.trc"
Error message: Linux-x86_64 Error: 28: No space left on device
Additional information: 1
Writing to the above trace file is disabled for now...
2024-08-21T07:00:04.094364+07:00
Non critical error DIA-48180 caught while writing to trace file "/u01/app/oracle/diag/crs/hannvzdlrasvr02/crs/trace/olsnodes_117584.trc"
Error message: Linux-x86_64 Error: 28: No space left on device
Additional information: 1
Writing to the above trace file is disabled for now...
2024-08-21T07:10:03.408044+07:00
Non critical error DIA-48180 caught while writing to trace file "/u01/app/oracle/diag/crs/hannvzdlrasvr02/crs/trace/olsnodes_145184.trc"
Error message: Linux-x86_64 Error: 28: No space left on device
Additional information: 1
Writing to the above trace file is disabled for now...
2024-08-21T07:20:03.215196+07:00
Non critical error DIA-48180 caught while writing to trace file "/u01/app/oracle/diag/crs/hannvzdlrasvr02/crs/trace/olsnodes_176568.trc"
Error message: Linux-x86_64 Error: 28: No space left on device
Additional information: 1
Writing to the above trace file is disabled for now...
2024-08-21T07:30:03.233513+07:00
Non critical error DIA-48180 caught while writing to trace file "/u01/app/oracle/diag/crs/hannvzdlrasvr02/crs/trace/olsnodes_201223.trc"
Error message: Linux-x86_64 Error: 28: No space left on device
Additional information: 1
Writing to the above trace file is disabled for now...
2024-08-21T07:40:03.195199+07:00
Non critical error DIA-48180 caught while writing to trace file "/u01/app/oracle/diag/crs/hannvzdlrasvr02/crs/trace/olsnodes_228399.trc"
Error message: Linux-x86_64 Error: 28: No space left on device
Additio2024-08-26 22:51:02.149 [CLSECHO(256491)]AFD-0654: AFD is not supported on Exadata systems
2024-08-27 22:24:07.621 [CLSECHO(381108)]AFD-0654: AFD is not supported on Exadata systems
2024-08-28 00:24:08.686 [CLSECHO(303167)]AFD-0654: AFD is not supported on Exadata systems
2024-08-28 22:28:11.886 [CLSECHO(238054)]AFD-0654: AFD is not supported on Exadata systems
2024-08-29T13:00:02.860832+07:00
Non critical error DIA-48180 caught while writing to trace file "/u01/app/oracle/diag/crs/hannvzdlrasvr02/crs/trace/olsnodes_359105.trc"
Error message: Linux-x86_64 Error: 28: No space left on device
Additional information: 1
Writing to the above trace file is disabled for now...
2024-08-29T13:10:02.935443+07:00
Non critical error DIA-48180 caught while writing to trace file "/u01/app/oracle/diag/crs/hannvzdlrasvr02/crs/trace/olsnodes_392907.trc"
Error message: Linux-x86_64 Error: 28: No space left on device
Additional information: 1
Writing to the above trace file is disabled for now...
2024-08-29T13:20:02.782094+07:00
Non critical error DIA-48180 caught while writing to trace file "/u01/app/oracle/diag/crs/hannvzdlrasvr02/crs/trace/olsnodes_23905.trc"
Error message: Linux-x86_64 Error: 28: No space left on device
Additional information: 1
Writing to the above trace file is disabled for now...
2024-08-29T13:30:02.851696+07:00
Non critical error DIA-48180 caught while writing to trace file "/u01/app/oracle/diag/crs/hannvzdlrasvr02/crs/trace/olsnodes_46938.trc"
Error message: Linux-x86_64 Error: 28: No space left on device
Additional information: 1
Writing to the above trace file is disabled for now...
2024-08-29T13:40:03.457131+07:00
Non critical error DIA-48180 caught while writing to trace file "/u01/app/oracle/diag/crs/hannvzdlrasvr02/crs/trace/olsnodes_75254.trc"
Error message: Linux-x86_64 Error: 28: No space left on device
Additional information: 1
Writing to the above trace file is disabled for now...
2024-08-29T13:50:02.365566+07:00
Non critical error DIA-48180 caught while writing to trace file "/u01/app/oracle/diag/crs/hannvzdlrasvr02/crs/trace/olsnodes_109961.trc"
Error message: Linux-x86_64 Error: 28: No space left on device
Additional information: 1
Writing to the above trace file is disabled for now...
2024-08-29T14:00:02.529749+07:00
Non critical error DIA-48180 caught while writing to trace file "/u01/app/oracle/diag/crs/hannvzdlrasvr02/crs/trace/olsnodes_134711.trc"
Error message: Linux-x86_64 Error: 28: No space left on device
Additional information: 1
Writing to the above trace file is disabled for now...
2024-08-29T14:10:03.437908+07:00
Non critical error DIA-48180 caught while writing to trace file "/u01/app/oracle/diag/crs/hannvzdlrasvr02/crs/trace/olsnodes_161348.trc"
Error message: Linux-x86_64 Error: 28: No space left on device
Additional information: 1
Writing to the above trace file is disabled for now...
2024-08-29T14:20:03.409896+07:00
Non critical error DIA-48180 caught while writing to trace file "/u01/app/oracle/diag/crs/hannvzdlrasvr02/crs/trace/olsnodes_191251.trc"
Error message: Linux-x86_64 Error: 28: No space left on device
Additional information: 1
Writing to the above trace file is disabled for now...
2024-08-29T14:30:02.945604+07:00
Non critical error DIA-48180 caught while writing to trace file "/u01/app/oracle/diag/crs/hannvzdlrasvr02/crs/trace/olsnodes_214244.trc"
Error message: Linux-x86_64 Error: 28: No space left on device
Additional information: 1
Writing to the above trace file is disabled for now...
2024-08-29T14:40:03.342132+07:00
Non critical error DIA-48180 caught while writing to trace file "/u01/app/oracle/diag/crs/hannvzdlrasvr02/crs/trace/olsnodes_239367.trc"
Error message: Linux-x86_64 Error: 28: No space left on device
Additional information: 1
Writing to the above trace file is disabled for now...
2024-08-29T14:50:02.896914+07:00
Non critical error DIA-48180 caught while writing to trace file "/u01/app/oracle/diag/crs/hannvzdlrasvr02/crs/trace/olsnodes_275277.trc"
Error message: Linux-x86_64 Error: 28: No space left on device
Additional information: 1
Writing to the above t2024-08-29 16:25:01.690 [CLSECHO(149942)]AFD-0654: AFD is not supported on Exadata systems
2024-08-30T11:50:03.358272+07:00
Non critical error DIA-48180 caught while writing to trace file "/u01/app/oracle/diag/crs/hannvzdlrasvr02/crs/trace/olsnodes_104586.trc"
Error message: Linux-x86_64 Error: 28: No space left on device
Additional information: 1
Writing to the above trace file is disabled for now...
2024-08-30T12:00:02.454580+07:00
Non critical error DIA-48180 caught while writing to trace file "/u01/app/oracle/diag/crs/hannvzdlrasvr02/crs/trace/olsnodes_127357.trc"
Error message: Linux-x86_64 Error: 28: No space left on device
Additional information: 1
Writing to the above trace file is disabled for now...
2024-08-30T12:10:03.838825+07:00
Non critical error DIA-48180 caught while writing to trace file "/u01/app/oracle/diag/crs/hannvzdlrasvr02/crs/trace/olsnodes_176791.trc"
Error message: Linux-x86_64 Error: 28: No space left on device
Additional information: 1
Writing to the above trace file is disabled for now...
2024-08-30T12:20:04.294505+07:00
Non critical error DIA-48180 caught while writing to trace file "/u01/app/oracle/diag/crs/hannvzdlrasvr02/crs/trace/olsnodes_206334.trc"
Error message: Linux-x86_64 Error: 28: No space left on device
Additional information: 1
Writing to the above trace file is disabled for now...
2024-08-30T12:30:02.325981+07:00
Non critical error DIA-48180 caught while writing to trace file "/u01/app/oracle/diag/crs/hannvzdlrasvr02/crs/trace/olsnodes_230794.trc"
Error message: Linux-x86_64 Error: 28: No space left on device
Additional information: 1
Writing to the above trace file is disabled for now...
2024-08-30T12:40:03.865951+07:00
Non critical error DIA-48180 caught while writing to trace file "/u01/app/oracle/diag/crs/hannvzdlrasvr02/crs/trace/olsnodes_257114.trc"
Error message: Linux-x86_64 Error: 28: No space left on device
Additional information: 1
Writing to the above trace file is disabled for now...
2024-08-30T12:50:02.504762+07:00
Non critical error DIA-48180 caught while writing to trace file "/u01/app/oracle/diag/crs/hannvzdlrasvr02/crs/trace/olsnodes_279875.trc"
Error message: Linux-x86_64 Error: 28: No space left on device
Additional information: 1
Writing to the above trace file is disabled for now...
2024-08-30T13:00:03.586819+07:00
Non critical error DIA-48180 caught while writing to trace file "/u01/app/oracle/diag/crs/hannvzdlrasvr02/crs/trace/olsnodes_305176.trc"
Error message: Linux-x86_64 Error: 28: No space left on device
Additional information: 1
Writing to the above trace file is disabled for now...
2024-08-30T13:10:03.859531+07:00
Non critical error DIA-48180 caught while writing to trace file "/u01/app/oracle/diag/crs/hannvzdlrasvr02/crs/trace/olsnodes_329493.trc"
Error message: Linux-x86_64 Error: 28: No space left on device
Additional information: 1
Writing to the above trace file is disabled for now...
2024-08-30T13:20:03.463389+07:00
Non critical error DIA-48180 caught while writing to trace file "/u01/app/oracle/diag/crs/hannvzdlrasvr02/crs/trace/olsnodes_353861.trc"
Error message: Linux-x86_64 Error: 28: No space left on device
Additional information: 1
Writing to the above trace file is disabled for now...
2024-08-30T13:30:03.550920+07:00
Non critical error DIA-48180 caught while writing to trace file "/u01/app/oracle/diag/crs/hannvzdlrasvr02/crs/trace/olsnodes_379363.trc"
Error message: Linux-x86_64 Error: 28: No space left on device
Additional information: 1
Writing to the above trace file is disabled for now...
2024-08-30T13:40:02.327368+07:00
Non critical error DIA-48180 caught while writing to trace file "/u01/app/oracle/diag/crs/hannvzdlrasvr02/crs/trace/olsnodes_4589.trc"
Error message: Linux-x86_64 Error: 28: No space left on device
Additional information: 1
Writing to the above trace file is disabled for now...
2024-08-30T13:50:02.510771+07:00
Non critical error DIA-48180 caught while writing to trace file "/u01/app/oracle/diag/crs/hannvzdlrasvr02/crs/trace/olsnodes_27420.trc"
Error message: Linux-x86_64 Error: 28: No space left on device
Additio2024-09-03 22:58:16.209 [CLSECHO(337963)]AFD-0654: AFD is not supported on Exadata systems
2024-09-04 01:06:38.309 [CLSECHO(277303)]AFD-0654: AFD is not supported on Exadata systems
2024-09-04 23:09:48.676 [CLSECHO(184994)]AFD-0654: AFD is not supported on Exadata systems
2024-09-05 06:24:27.445 [CLSECHO(200708)]AFD-0654: AFD is not supported on Exadata systems
2024-09-05 08:24:27.472 [CLSECHO(124522)]AFD-0654: AFD is not supported on Exadata systems
2024-09-05 16:27:18.526 [CLSECHO(187712)]AFD-0654: AFD is not supported on Exadata systems
2024-09-06T13:00:04.036086+07:00
Non critical error DIA-48180 caught while writing to trace file "/u01/app/oracle/diag/crs/hannvzdlrasvr02/crs/trace/olsnodes_111216.trc"
Error message: Linux-x86_64 Error: 28: No space left on device
Additional information: 1
Writing to the above trace file is disabled for now...
2024-09-06T13:10:03.848693+07:00
Non critical error DIA-48180 caught while writing to trace file "/u01/app/oracle/diag/crs/hannvzdlrasvr02/crs/trace/olsnodes_142714.trc"
Error message: Linux-x86_64 Error: 28: No space left on device
Additional information: 1
Writing to the above trace file is disabled for now...
2024-09-06T13:20:02.915269+07:00
Non critical error DIA-48180 caught while writing to trace file "/u01/app/oracle/diag/crs/hannvzdlrasvr02/crs/trace/olsnodes_176292.trc"
Error message: Linux-x86_64 Error: 28: No space left on device
Additional information: 1
Writing to the above trace file is disabled for now...
2024-09-06T13:30:02.953807+07:00
Non critical error DIA-48180 caught while writing to trace file "/u01/app/oracle/diag/crs/hannvzdlrasvr02/crs/trace/olsnodes_199486.trc"
Error message: Linux-x86_64 Error: 28: No space left on device
Additional information: 1
Writing to the above trace file is disabled for now...
2024-09-06T13:40:02.313453+07:00
Non critical error DIA-48180 caught while writing to trace file "/u01/app/oracle/diag/crs/hannvzdlrasvr02/crs/trace/olsnodes_236064.trc"
Error message: Linux-x86_64 Error: 28: No space left on device
Additional information: 1
Writing to the above trace file is disabled for now...
2024-09-06T13:50:03.755983+07:00
Non critical error DIA-48180 caught while writing to trace file "/u01/app/oracle/diag/crs/hannvzdlrasvr02/crs/trace/olsnodes_263922.trc"
Error message: Linux-x86_64 Error: 28: No space left on device
Additional information: 1
Writing to the above trace file is disabled for now...
2024-09-06T14:00:03.829020+07:00
Non critical error DIA-48180 caught while writing to trace file "/u01/app/oracle/diag/crs/hannvzdlrasvr02/crs/trace/olsnodes_288258.trc"
Error message: Linux-x86_64 Error: 28: No space left on device
Additional information: 1
Writing to the above trace file is disabled for now...
2024-09-06T14:10:02.815562+07:00
Non critical error DIA-48180 caught while writing to trace file "/u01/app/oracle/diag/crs/hannvzdlrasvr02/crs/trace/olsnodes_318702.trc"
Error message: Linux-x86_64 Error: 28: No space left on device
Additional information: 1
Writing to the above trace file is disabled for now...
2024-09-06T14:20:02.544816+07:00
Non critical error DIA-48180 caught while writing to trace file "/u01/app/oracle/diag/crs/hannvzdlrasvr02/crs/trace/olsnodes_347741.trc"
Error message: Linux-x86_64 Error: 28: No space left on device
Additional information: 1
Writing to the above trace file is disabled for now...
2024-09-06T14:30:04.134613+07:00
Non critical error DIA-48180 caught while writing to trace file "/u01/app/oracle/diag/crs/hannvzdlrasvr02/crs/trace/olsnodes_372509.trc"
Error message: Linux-x86_64 Error: 28: No space left on device
Additional information: 1
Writing to the above trace file is disabled for now...
2024-09-06T14:40:03.032276+07:00
Non critical error DIA-48180 caught while writing to trace file "/u01/app/oracle/diag/crs/hannvzdlrasvr02/crs/trace/olsnodes_3376.trc"
Error message: Linux-x86_64 Error: 28: No space left on device
Additional information: 1
Writing to the above trace file is disabled for now...
2024-09-06T14:50:03.880735+07:00
Non critical error DIA-48180 caught while writing to trace file "2024-09-07 06:23:39.044 [CLSECHO(68655)]AFD-0654: AFD is not supported on Exadata systems
2024-09-07 08:24:53.260 [CLSECHO(327980)]AFD-0654: AFD is not supported on Exadata systems
2024-09-07T13:10:02.317785+07:00
Non critical error DIA-48180 caught while writing to trace file "/u01/app/oracle/diag/crs/hannvzdlrasvr02/crs/trace/olsnodes_207498.trc"
Error message: Linux-x86_64 Error: 28: No space left on device
Additional information: 1
Writing to the above trace file is disabled for now...
2024-09-07T13:20:03.181016+07:00
Non critical error DIA-48180 caught while writing to trace file "/u01/app/oracle/diag/crs/hannvzdlrasvr02/crs/trace/olsnodes_242771.trc"
Error message: Linux-x86_64 Error: 28: No space left on device
Additional information: 1
Writing to the above trace file is disabled for now...
2024-09-07T13:30:03.278577+07:00
Non critical error DIA-48180 caught while writing to trace file "/u01/app/oracle/diag/crs/hannvzdlrasvr02/crs/trace/olsnodes_267307.trc"
Error message: Linux-x86_64 Error: 28: No space left on device
Additional information: 1
Writing to the above trace file is disabled for now...
2024-09-08T01:10:03.536406+07:00
Non critical error DIA-48180 caught while writing to trace file "/u01/app/oracle/diag/crs/hannvzdlrasvr02/crs/trace/olsnodes_261542.trc"
Error message: Linux-x86_64 Error: 28: No space left on device
Additional information: 1
Writing to the above trace file is disabled for now...
2024-09-08T01:20:02.657027+07:00
Non critical error DIA-48180 caught while writing to trace file "/u01/app/oracle/diag/crs/hannvzdlrasvr02/crs/trace/olsnodes_294935.trc"
Error message: Linux-x86_64 Error: 28: No space left on device
Additional information: 1
Writing to the above trace file is disabled for now...
2024-09-08T01:30:02.717077+07:00
Non critical error DIA-48180 caught while writing to trace file "/u01/app/oracle/diag/crs/hannvzdlrasvr02/crs/trace/olsnodes_319653.trc"
Error message: Linux-x86_64 Error: 28: No space left on device
Additional information: 1
Writing to the above trace file is disabled for now...
2024-09-08T01:40:02.711354+07:00
Non critical error DIA-48180 caught while writing to trace file "/u01/app/oracle/diag/crs/hannvzdlrasvr02/crs/trace/olsnodes_368365.trc"
Error message: Linux-x86_64 Error: 28: No space left on device
Additional information: 1
Writing to the above trace file is disabled for now...
2024-09-08T01:50:02.377352+07:00
Non critical error DIA-48180 caught while writing to trace file "/u01/app/oracle/diag/crs/hannvzdlrasvr02/crs/trace/olsnodes_4820.trc"
Error message: Linux-x86_64 Error: 28: No space left on device
Additional information: 1
Writing to the above trace file is disabled for now...
2024-09-08T02:00:02.399095+07:00
Non critical error DIA-48180 caught while writing to trace file "/u01/app/oracle/diag/crs/hannvzdlrasvr02/crs/trace/olsnodes_29369.trc"
Error message: Linux-x86_64 Error: 28: No space left on device
Additional information: 1
Writing to the above trace file is disabled for now...
2024-09-08T02:10:02.406814+07:00
Non critical error DIA-48180 caught while writing to trace file "/u01/app/oracle/diag/crs/hannvzdlrasvr02/crs/trace/olsnodes_57008.trc"
Error message: Linux-x86_64 Error: 28: No space left on device
Additional information: 1
Writing to the above trace file is disabled for now...
2024-09-08T02:20:03.396756+07:00
Non critical error DIA-48180 caught while writing to trace file "/u01/app/oracle/diag/crs/hannvzdlrasvr02/crs/trace/olsnodes_83319.trc"
Error message: Linux-x86_64 Error: 28: No space left on device
Additional information: 1
Writing to the above trace file is disabled for now...
2024-09-08T02:30:03.429848+07:00
Non critical error DIA-48180 caught while writing to trace file "/u01/app/oracle/diag/crs/hannvzdlrasvr02/crs/trace/olsnodes_107967.trc"
Error message: Linux-x86_64 Error: 28: No space left on device
Additional information: 1
Writing to the above trace file is disabled for now...
2024-09-08T02:40:02.705740+07:00
Non critical error DIA-48180 caught while writing to trace file "/u01/app/oracle/diag/crs/hannvzdlrasvr02/crs/trace/ols2024-09-08 13:31:28.771 [OSYSMOND(15203)]CRS-8500: Oracle Clusterware OSYSMOND process is starting with operating system process ID 15203
2024-09-08T13:33:31.010800+07:00
Non critical error DIA-48113 caught while writing to trace file "/u01/app/oracle/diag/crs/hannvzdlrasvr02/crs/trace/osysmond.trc"
Error message: 
Writing to the above trace file is disabled for now...
2024-09-08T13:36:35.507635+07:00
Non critical error DIA-48181 caught while writing to trace file "/u01/app/oracle/diag/crs/hannvzdlrasvr02/crs/trace/osysmond.trc"
Error message: Linux-x86_64 Error: 28: No space left on device
Additional information: 1
Writing to the above trace file is disabled for now...
2024-09-08T13:40:03.143013+07:00
Non critical error DIA-48180 caught while writing to trace file "/u01/app/oracle/diag/crs/hannvzdlrasvr02/crs/trace/olsnodes_38404.trc"
Error message: Linux-x86_64 Error: 28: No space left on device
Additional information: 1
Writing to the above trace file is disabled for now...
2024-09-08T13:50:03.104088+07:00
Non critical error DIA-48180 caught while writing to trace file "/u01/app/oracle/diag/crs/hannvzdlrasvr02/crs/trace/olsnodes_64324.trc"
Error message: Linux-x86_64 Error: 28: No space left on device
Additional information: 1
Writing to the above trace file is disabled for now...
2024-09-08T14:00:04.149402+07:00
Non critical error DIA-48180 caught while writing to trace file "/u01/app/oracle/diag/crs/hannvzdlrasvr02/crs/trace/olsnodes_87524.trc"
Error message: Linux-x86_64 Error: 28: No space left on device
Additional information: 1
Writing to the above trace file is disabled for now...
2024-09-08T14:10:03.403038+07:00
Non critical error DIA-48180 caught while writing to trace file "/u01/app/oracle/diag/crs/hannvzdlrasvr02/crs/trace/olsnodes_118300.trc"
Error message: Linux-x86_64 Error: 28: No space left on device
Additional information: 1
Writing to the above trace file is disabled for now...
2024-09-08T14:20:02.648022+07:00
Non critical error DIA-48180 caught while writing to trace file "/u01/app/oracle/diag/crs/hannvzdlrasvr02/crs/trace/olsnodes_150321.trc"
Error message: Linux-x86_64 Error: 28: No space left on device
Additional information: 1
Writing to the above trace file is disabled for now...
2024-09-08T14:30:02.712153+07:00
Non critical error DIA-48180 caught while writing to trace file "/u01/app/oracle/diag/crs/hannvzdlrasvr02/crs/trace/olsnodes_174934.trc"
Error message: Linux-x86_64 Error: 28: No space left on device
Additional information: 1
Writing to the above trace file is disabled for now...
2024-09-08T14:40:03.296680+07:00
Non critical error DIA-48180 caught while writing to trace file "/u01/app/oracle/diag/crs/hannvzdlrasvr02/crs/trace/olsnodes_211223.trc"
Error message: Linux-x86_64 Error: 28: No space left on device
Additional information: 1
Writing to the above trace file is disabled for now...
2024-09-08T14:50:03.604611+07:00
Non critical error DIA-48180 caught while writing to trace file "/u01/app/oracle/diag/crs/hannvzdlrasvr02/crs/trace/olsnodes_237271.trc"
Error message: Linux-x86_64 Error: 28: No space left on device
Additional information: 1
Writing to the above trace file is disabled for now...
2024-09-08T15:00:02.691374+07:00
Non critical error DIA-48180 caught while writing to trace file "/u01/app/oracle/diag/crs/hannvzdlrasvr02/crs/trace/olsnodes_261801.trc"
Error message: Linux-x86_64 Error: 28: No space left on device
Additional information: 1
Writing to the above trace file is disabled for now...
2024-09-08T15:10:02.686929+07:00
Non critical error DIA-48180 caught while writing to trace file "/u01/app/oracle/diag/crs/hannvzdlrasvr02/crs/trace/olsnodes_297970.trc"
Error message: Linux-x86_64 Error: 28: No space left on device
Additional information: 1
Writing to the above trace file is disabled for now...
2024-09-08T17:50:04.096553+07:00
Non critical error DIA-48180 caught while writing to trace file "/u01/app/oracle/diag/crs/hannvzdlrasvr02/crs/trace/olsnodes_350248.trc"
Error message: Linux-x86_64 Error: 28: No space left on device
Additional information: 1
Writing to the above 2024-09-11 23:12:39.181 [CLSECHO(9010)]AFD-0654: AFD is not supported on Exadata systems
2024-09-12 06:20:19.593 [CLSECHO(381464)]AFD-0654: AFD is not supported on Exadata systems
2024-09-12 08:22:33.677 [CLSECHO(310591)]AFD-0654: AFD is not supported on Exadata systems
2024-09-12 17:19:06.764 [CLSECHO(138795)]AFD-0654: AFD is not supported on Exadata systems
2024-09-13 06:22:54.772 [CLSECHO(259116)]AFD-0654: AFD is not supported on Exadata systems
2024-09-14 06:10:54.961 [CLSECHO(29786)]AFD-0654: AFD is not supported on Exadata systems
2024-09-14 08:11:25.491 [CLSECHO(360997)]AFD-0654: AFD is not supported on Exadata systems
2024-09-15 03:17:11.462 [CLSECHO(92579)]AFD-0654: AFD is not supported on Exadata systems
2024-09-15 06:26:54.383 [CLSECHO(304494)]AFD-0654: AFD is not supported on Exadata systems
2024-09-15 08:28:27.509 [CLSECHO(143319)]AFD-0654: AFD is not supported on Exadata systems
2024-09-15T10:10:02.586619+07:00
Non critical error DIA-48180 caught while writing to trace file "/u01/app/oracle/diag/crs/hannvzdlrasvr02/crs/trace/olsnodes_283100.trc"
Error message: Linux-x86_64 Error: 28: No space left on device
Additional information: 1
Writing to the above trace file is disabled for now...
2024-09-15T10:20:02.469926+07:00
Non critical error DIA-48180 caught while writing to trace file "/u01/app/oracle/diag/crs/hannvzdlrasvr02/crs/trace/olsnodes_316691.trc"
Error message: Linux-x86_64 Error: 28: No space left on device
Additional information: 1
Writing to the above trace file is disabled for now...
2024-09-15T10:30:02.557420+07:00
Non critical error DIA-48180 caught while writing to trace file "/u01/app/oracle/diag/crs/hannvzdlrasvr02/crs/trace/olsnodes_339496.trc"
Error message: Linux-x86_64 Error: 28: No space left on device
Additional information: 1
Writing to the above trace file is disabled for now...
2024-09-15T10:40:02.849274+07:00
Non critical error DIA-48180 caught while writing to trace file "/u01/app/oracle/diag/crs/hannvzdlrasvr02/crs/trace/olsnodes_363993.trc"
Error message: Linux-x86_64 Error: 28: No space left on device
Additional information: 1
Writing to the above trace file is disabled for now...
2024-09-15T10:50:02.700531+07:00
Non critical error DIA-48180 caught while writing to trace file "/u01/app/oracle/diag/crs/hannvzdlrasvr02/crs/trace/olsnodes_389470.trc"
Error message: Linux-x86_64 Error: 28: No space left on device
Additional information: 1
Writing to the above trace file is disabled for now...
2024-09-15T11:00:02.788195+07:00
Non critical error DIA-48180 caught while writing to trace file "/u01/app/oracle/diag/crs/hannvzdlrasvr02/crs/trace/olsnodes_15177.trc"
Error message: Linux-x86_64 Error: 28: No space left on device
Additional information: 1
Writing to the above trace file is disabled for now...
2024-09-16T07:10:03.639266+07:00
Non critical error DIA-48180 caught while writing to trace file "/u01/app/oracle/diag/crs/hannvzdlrasvr02/crs/trace/olsnodes_263510.trc"
Error message: Linux-x86_64 Error: 28: No space left on device
Additional information: 1
Writing to the above trace file is disabled for now...
2024-09-16T07:20:03.400815+07:00
Non critical error DIA-48180 caught while writing to trace file "/u01/app/oracle/diag/crs/hannvzdlrasvr02/crs/trace/olsnodes_287963.trc"
Error message: Linux-x86_64 Error: 28: No space left on device
Additional information: 1
Writing to the above trace file is disabled for now...
2024-09-16T07:30:03.506144+07:00
Non critical error DIA-48180 caught while writing to trace file "/u01/app/oracle/diag/crs/hannvzdlrasvr02/crs/trace/olsnodes_310924.trc"
Error message: Linux-x86_64 Error: 28: No space left on device
Additional information: 1
Writing to the above trace file is disabled for now...
2024-09-16T07:40:04.305546+07:00
Non critical error DIA-48180 caught while writing to trace file "/u01/app/oracle/diag/crs/hannvzdlrasvr02/crs/trace/olsnodes_336501.trc"
Error message: Linux-x86_64 Error: 28: No space left on device
Additional information: 1
Writing to the above trace file is disabled for now...
2024-09-16T07:50:03.493571+07:00
Non critical error2024-09-18 06:24:21.990 [CLSECHO(247808)]AFD-0654: AFD is not supported on Exadata systems
2024-09-18 08:24:49.637 [CLSECHO(170564)]AFD-0654: AFD is not supported on Exadata systems
2024-09-19 06:24:58.146 [CLSECHO(68030)]AFD-0654: AFD is not supported on Exadata systems
2024-09-19 08:25:48.184 [CLSECHO(92073)]AFD-0654: AFD is not supported on Exadata systems
2024-09-19 17:25:08.468 [CLSECHO(80855)]AFD-0654: AFD is not supported on Exadata systems
2024-09-20 06:23:49.864 [CLSECHO(144929)]AFD-0654: AFD is not supported on Exadata systems
2024-09-20 08:24:46.545 [CLSECHO(77946)]AFD-0654: AFD is not supported on Exadata systems
2024-09-21 06:27:14.904 [CLSECHO(286004)]AFD-0654: AFD is not supported on Exadata systems
2024-09-21 08:28:40.377 [CLSECHO(276998)]AFD-0654: AFD is not supported on Exadata systems
2024-09-22 03:16:03.113 [CLSECHO(347911)]AFD-0654: AFD is not supported on Exadata systems
2024-09-22 06:48:31.260 [CLSECHO(278923)]AFD-0654: AFD is not supported on Exadata systems
2024-09-22 08:53:48.341 [CLSECHO(154833)]AFD-0654: AFD is not supported on Exadata systems
2024-09-23 06:22:14.982 [CLSECHO(305922)]AFD-0654: AFD is not supported on Exadata systems
2024-09-23 08:23:24.089 [CLSECHO(165393)]AFD-0654: AFD is not supported on Exadata systems
2024-09-23T10:00:03.311527+07:00
Non critical error DIA-48180 caught while writing to trace file "/u01/app/oracle/diag/crs/hannvzdlrasvr02/crs/trace/olsnodes_283815.trc"
Error message: Linux-x86_64 Error: 28: No space left on device
Additional information: 1
Writing to the above trace file is disabled for now...
2024-09-23T10:10:03.123078+07:00
Non critical error DIA-48180 caught while writing to trace file "/u01/app/oracle/diag/crs/hannvzdlrasvr02/crs/trace/olsnodes_309122.trc"
Error message: Linux-x86_64 Error: 28: No space left on device
Additional information: 1
Writing to the above trace file is disabled for now...
2024-09-23T10:20:03.739239+07:00
Non critical error DIA-48180 caught while writing to trace file "/u01/app/oracle/diag/crs/hannvzdlrasvr02/crs/trace/olsnodes_341342.trc"
Error message: Linux-x86_64 Error: 28: No space left on device
Additional information: 1
Writing to the above trace file is disabled for now...
2024-09-23T10:30:03.322517+07:00
Non critical error DIA-48180 caught while writing to trace file "/u01/app/oracle/diag/crs/hannvzdlrasvr02/crs/trace/olsnodes_363937.trc"
Error message: Linux-x86_64 Error: 28: No space left on device
Additional information: 1
Writing to the above trace file is disabled for now...
2024-09-23T10:40:03.522175+07:00
Non critical error DIA-48180 caught while writing to trace file "/u01/app/oracle/diag/crs/hannvzdlrasvr02/crs/trace/olsnodes_398183.trc"
Error message: Linux-x86_64 Error: 28: No space left on device
Additional information: 1
Writing to the above trace file is disabled for now...
2024-09-24T05:20:03.760101+07:00
Non critical error DIA-48180 caught while writing to trace file "/u01/app/oracle/diag/crs/hannvzdlrasvr02/crs/trace/olsnodes_166319.trc"
Error message: Linux-x86_64 Error: 28: No space left on device
Additional information: 1
Writing to the above trace file is disabled for now...
2024-09-24T05:30:03.823618+07:00
Non critical error DIA-48180 caught while writing to trace file "/u01/app/oracle/diag/crs/hannvzdlrasvr02/crs/trace/olsnodes_190339.trc"
Error message: Linux-x86_64 Error: 28: No space left on device
Additional information: 1
Writing to the above trace file is disabled for now...
2024-09-24T05:40:03.356000+07:00
Non critical error DIA-48180 caught while writing to trace file "/u01/app/oracle/diag/crs/hannvzdlrasvr02/crs/trace/olsnodes_216229.trc"
Error message: Linux-x86_64 Error: 28: No space left on device
Additional information: 1
Writing to the above trace file is disabled for now...
2024-09-24T05:50:02.934379+07:00
Non critical error DIA-48180 caught while writing to trace file "/u01/app/oracle/diag/crs/hannvzdlrasvr02/crs/trace/olsnodes_244371.trc"
Error message: Linux-x86_64 Error: 28: No space left on device
Additional information: 1
Writing to the above trace file is disabled for now...
2024-09-26 17:26:38.940 [CLSECHO(207226)]AFD-0654: AFD is not supported on Exadata systems
2024-09-27 06:20:52.805 [CLSECHO(198699)]AFD-0654: AFD is not supported on Exadata systems
2024-09-27 08:25:41.037 [CLSECHO(137458)]AFD-0654: AFD is not supported on Exadata systems
2024-09-28 06:21:37.100 [CLSECHO(381799)]AFD-0654: AFD is not supported on Exadata systems
2024-09-28 08:22:27.231 [CLSECHO(329055)]AFD-0654: AFD is not supported on Exadata systems
2024-09-29 03:15:45.693 [CLSECHO(124977)]AFD-0654: AFD is not supported on Exadata systems
2024-09-29 06:18:20.657 [CLSECHO(216488)]AFD-0654: AFD is not supported on Exadata systems
2024-09-29 06:26:23.672 [CLSECHO(249101)]AFD-0654: AFD is not supported on Exadata systems
2024-09-30 06:20:01.858 [CLSECHO(59801)]AFD-0654: AFD is not supported on Exadata systems
2024-09-30 08:21:44.503 [CLSECHO(383091)]AFD-0654: AFD is not supported on Exadata systems
2024-10-01 06:16:10.848 [CLSECHO(263072)]AFD-0654: AFD is not supported on Exadata systems
2024-10-01 08:17:27.406 [CLSECHO(116453)]AFD-0654: AFD is not supported on Exadata systems
2024-10-01T09:00:03.958669+07:00
Non critical error DIA-48180 caught while writing to trace file "/u01/app/oracle/diag/crs/hannvzdlrasvr02/crs/trace/olsnodes_322369.trc"
Error message: Linux-x86_64 Error: 28: No space left on device
Additional information: 1
Writing to the above trace file is disabled for now...
2024-10-01T09:10:03.440733+07:00
Non critical error DIA-48180 caught while writing to trace file "/u01/app/oracle/diag/crs/hannvzdlrasvr02/crs/trace/olsnodes_357087.trc"
Error message: Linux-x86_64 Error: 28: No space left on device
Additional information: 1
Writing to the above trace file is disabled for now...
2024-10-01T09:20:03.481092+07:00
Non critical error DIA-48180 caught while writing to trace file "/u01/app/oracle/diag/crs/hannvzdlrasvr02/crs/trace/olsnodes_381256.trc"
Error message: Linux-x86_64 Error: 28: No space left on device
Additional information: 1
Writing to the above trace file is disabled for now...
2024-10-01T09:30:03.040312+07:00
Non critical error DIA-48180 caught while writing to trace file "/u01/app/oracle/diag/crs/hannvzdlrasvr02/crs/trace/olsnodes_8079.trc"
Error message: Linux-x86_64 Error: 28: No space left on device
Additional information: 1
Writing to the above trace file is disabled for now...
2024-10-01T09:40:04.304036+07:00
Non critical error DIA-48180 caught while writing to trace file "/u01/app/oracle/diag/crs/hannvzdlrasvr02/crs/trace/olsnodes_32125.trc"
Error message: Linux-x86_64 Error: 28: No space left on device
Additional information: 1
Writing to the above trace file is disabled for now...
2024-10-01T09:50:03.353988+07:00
Non critical error DIA-48180 caught while writing to trace file "/u01/app/oracle/diag/crs/hannvzdlrasvr02/crs/trace/olsnodes_54658.trc"
Error message: Linux-x86_64 Error: 28: No space left on device
Additional information: 1
Writing to the above trace file is disabled for now...
2024-10-01T10:00:02.932489+07:00
Non critical error DIA-48180 caught while writing to trace file "/u01/app/oracle/diag/crs/hannvzdlrasvr02/crs/trace/olsnodes_80520.trc"
Error message: Linux-x86_64 Error: 28: No space left on device
Additional information: 1
Writing to the above trace file is disabled for now...
2024-10-01T10:10:02.755497+07:00
Non critical error DIA-48180 caught while writing to trace file "/u01/app/oracle/diag/crs/hannvzdlrasvr02/crs/trace/olsnodes_105304.trc"
Error message: Linux-x86_64 Error: 28: No space left on device
Additional information: 1
Writing to the above trace file is disabled for now...
2024-10-01T10:20:02.981005+07:00
Non critical error DIA-48180 caught while writing to trace file "/u01/app/oracle/diag/crs/hannvzdlrasvr02/crs/trace/olsnodes_137588.trc"
Error message: Linux-x86_64 Error: 28: No space left on device
Additional information: 1
Writing to the above trace file is disabled for now...
2024-10-01T10:30:03.284027+07:00
Non critical error DIA-48180 caught while writing to trace file "/u01/app/oracle/diag/crs/hannvzdlrasvr02/crs/trace/olsnodes_163258.trc"
Error message:2024-10-02T06:50:03.634586+07:00
Non critical error DIA-48180 caught while writing to trace file "/u01/app/oracle/diag/crs/hannvzdlrasvr02/crs/trace/olsnodes_272732.trc"
Error message: Linux-x86_64 Error: 28: No space left on device
Additional information: 1
Writing to the above trace file is disabled for now...
2024-10-02T07:00:03.801198+07:00
Non critical error DIA-48180 caught while writing to trace file "/u01/app/oracle/diag/crs/hannvzdlrasvr02/crs/trace/olsnodes_298080.trc"
Error message: Linux-x86_64 Error: 28: No space left on device
Additional information: 1
Writing to the above trace file is disabled for now...
2024-10-02T07:10:03.064193+07:00
Non critical error DIA-48180 caught while writing to trace file "/u01/app/oracle/diag/crs/hannvzdlrasvr02/crs/trace/olsnodes_322089.trc"
Error message: Linux-x86_64 Error: 28: No space left on device
Additional information: 1
Writing to the above trace file is disabled for now...
2024-10-02T07:20:03.833551+07:00
Non critical error DIA-48180 caught while writing to trace file "/u01/app/oracle/diag/crs/hannvzdlrasvr02/crs/trace/olsnodes_346286.trc"
Error message: Linux-x86_64 Error: 28: No space left on device
Additional information: 1
Writing to the above trace file is disabled for now...
2024-10-02T07:30:03.927580+07:00
Non critical error DIA-48180 caught while writing to trace file "/u01/app/oracle/diag/crs/hannvzdlrasvr02/crs/trace/olsnodes_370055.trc"
Error message: Linux-x86_64 Error: 28: No space left on device
Additional information: 1
Writing to the above trace file is disabled for now...
2024-10-02T07:40:03.708140+07:00
Non critical error DIA-48180 caught while writing to trace file "/u01/app/oracle/diag/crs/hannvzdlrasvr02/crs/trace/olsnodes_394053.trc"
Error message: Linux-x86_64 Error: 28: No space left on device
Additional information: 1
Writing to the above trace file is disabled for now...
2024-10-02T07:50:02.467402+07:00
Non critical error DIA-48180 caught while writing to trace file "/u01/app/oracle/diag/crs/hannvzdlrasvr02/crs/trace/olsnodes_19141.trc"
Error message: Linux-x86_64 Error: 28: No space left on device
Additional information: 1
Writing to the above trace file is disabled for now...
2024-10-02T08:00:02.858080+07:00
Non critical error DIA-48180 caught while writing to trace file "/u01/app/oracle/diag/crs/hannvzdlrasvr02/crs/trace/olsnodes_44676.trc"
Error message: Linux-x86_64 Error: 28: No space left on device
Additional information: 1
Writing to the above trace file is disabled for now...
2024-10-02T08:10:02.539272+07:00
Non critical error DIA-48180 caught while writing to trace file "/u01/app/oracle/diag/crs/hannvzdlrasvr02/crs/trace/olsnodes_68962.trc"
Error message: Linux-x86_64 Error: 28: No space left on device
Additional information: 1
Writing to the above trace file is disabled for now...
2024-10-02T08:20:04.100738+07:00
Non critical error DIA-48180 caught while writing to trace file "/u01/app/oracle/diag/crs/hannvzdlrasvr02/crs/trace/olsnodes_93147.trc"
Error message: Linux-x86_64 Error: 28: No space left on device
Additional information: 1
Writing to the above trace file is disabled for now...
2024-10-02T08:30:02.510094+07:00
Non critical error DIA-48180 caught while writing to trace file "/u01/app/oracle/diag/crs/hannvzdlrasvr02/crs/trace/olsnodes_117031.trc"
Error message: Linux-x86_64 Error: 28: No space left on device
Additional information: 1
Writing to the above trace file is disabled for now...
2024-10-02T08:40:02.781329+07:00
Non critical error DIA-48180 caught while writing to trace file "/u01/app/oracle/diag/crs/hannvzdlrasvr02/crs/trace/olsnodes_141049.trc"
Error message: Linux-x86_64 Error: 28: No space left on device
Additional information: 1
Writing to the above trace file is disabled for now...
2024-10-02T08:50:03.342462+07:00
Non critical error DIA-48180 caught while writing to trace file "/u01/app/oracle/diag/crs/hannvzdlrasvr02/crs/trace/olsnodes_165054.trc"
Error message: Linux-x86_64 Error: 28: No space left on device
Additional information: 1
Writing to the above trace file is disabled for now...
2024-10-02T09:00:02024-10-07T12:40:02.755981+07:00
Non critical error DIA-48180 caught while writing to trace file "/u01/app/oracle/diag/crs/hannvzdlrasvr02/crs/trace/olsnodes_350177.trc"
Error message: Linux-x86_64 Error: 28: No space left on device
Additional information: 1
Writing to the above trace file is disabled for now...
2024-10-07T12:50:03.506569+07:00
Non critical error DIA-48180 caught while writing to trace file "/u01/app/oracle/diag/crs/hannvzdlrasvr02/crs/trace/olsnodes_374173.trc"
Error message: Linux-x86_64 Error: 28: No space left on device
Additional information: 1
Writing to the above trace file is disabled for now...
2024-10-07T13:00:03.561637+07:00
Non critical error DIA-48180 caught while writing to trace file "/u01/app/oracle/diag/crs/hannvzdlrasvr02/crs/trace/olsnodes_399517.trc"
Error message: Linux-x86_64 Error: 28: No space left on device
Additional information: 1
Writing to the above trace file is disabled for now...
2024-10-07T13:10:02.777056+07:00
Non critical error DIA-48180 caught while writing to trace file "/u01/app/oracle/diag/crs/hannvzdlrasvr02/crs/trace/olsnodes_24179.trc"
Error message: Linux-x86_64 Error: 28: No space left on device
Additional information: 1
Writing to the above trace file is disabled for now...
2024-10-07T13:20:02.537327+07:00
Non critical error DIA-48180 caught while writing to trace file "/u01/app/oracle/diag/crs/hannvzdlrasvr02/crs/trace/olsnodes_46683.trc"
Error message: Linux-x86_64 Error: 28: No space left on device
Additional information: 1
Writing to the above trace file is disabled for now...
2024-10-07T13:30:02.562024+07:00
Non critical error DIA-48180 caught while writing to trace file "/u01/app/oracle/diag/crs/hannvzdlrasvr02/crs/trace/olsnodes_72064.trc"
Error message: Linux-x86_64 Error: 28: No space left on device
Additional information: 1
Writing to the above trace file is disabled for now...
2024-10-07T13:40:03.311609+07:00
Non critical error DIA-48180 caught while writing to trace file "/u01/app/oracle/diag/crs/hannvzdlrasvr02/crs/trace/olsnodes_95851.trc"
Error message: Linux-x86_64 Error: 28: No space left on device
Additional information: 1
Writing to the above trace file is disabled for now...
2024-10-07T13:50:03.073916+07:00
Non critical error DIA-48180 caught while writing to trace file "/u01/app/oracle/diag/crs/hannvzdlrasvr02/crs/trace/olsnodes_119950.trc"
Error message: Linux-x86_64 Error: 28: No space left on device
Additional information: 1
Writing to the above trace file is disabled for now...
2024-10-07T14:00:03.151427+07:00
Non critical error DIA-48180 caught while writing to trace file "/u01/app/oracle/diag/crs/hannvzdlrasvr02/crs/trace/olsnodes_145210.trc"
Error message: Linux-x86_64 Error: 28: No space left on device
Additional information: 1
Writing to the above trace file is disabled for now...
2024-10-07T14:10:02.946988+07:00
Non critical error DIA-48180 caught while writing to trace file "/u01/app/oracle/diag/crs/hannvzdlrasvr02/crs/trace/olsnodes_167434.trc"
Error message: Linux-x86_64 Error: 28: No space left on device
Additional information: 1
Writing to the above trace file is disabled for now...
2024-10-07T14:20:04.239274+07:00
Non critical error DIA-48180 caught while writing to trace file "/u01/app/oracle/diag/crs/hannvzdlrasvr02/crs/trace/olsnodes_191779.trc"
Error message: Linux-x86_64 Error: 28: No space left on device
Additional information: 1
Writing to the above trace file is disabled for now...
2024-10-07T14:30:03.668651+07:00
Non critical error DIA-48180 caught while writing to trace file "/u01/app/oracle/diag/crs/hannvzdlrasvr02/crs/trace/olsnodes_216720.trc"
Error message: Linux-x86_64 Error: 28: No space left on device
Additional information: 1
Writing to the above trace file is disabled for now...
2024-10-07T14:40:03.921979+07:00
Non critical error DIA-48180 caught while writing to trace file "/u01/app/oracle/diag/crs/hannvzdlrasvr02/crs/trace/olsnodes_240474.trc"
Error message: Linux-x86_64 Error: 28: No space left on device
Additional information: 1
Writing to the above trace file is disabled for now...
2024-10-07T14:50:02024-10-15 09:32:28.870 [CLSECHO(8382)]AFD-0654: AFD is not supported on Exadata systems
2024-10-16 06:17:26.770 [CLSECHO(53303)]AFD-0654: AFD is not supported on Exadata systems
2024-10-16T06:40:02.938773+07:00
Non critical error DIA-48180 caught while writing to trace file "/u01/app/oracle/diag/crs/hannvzdlrasvr02/crs/trace/olsnodes_124446.trc"
Error message: Linux-x86_64 Error: 28: No space left on device
Additional information: 1
Writing to the above trace file is disabled for now...
2024-10-16T06:50:02.707941+07:00
Non critical error DIA-48180 caught while writing to trace file "/u01/app/oracle/diag/crs/hannvzdlrasvr02/crs/trace/olsnodes_150114.trc"
Error message: Linux-x86_64 Error: 28: No space left on device
Additional information: 1
Writing to the above trace file is disabled for now...
2024-10-16T07:00:02.758470+07:00
Non critical error DIA-48180 caught while writing to trace file "/u01/app/oracle/diag/crs/hannvzdlrasvr02/crs/trace/olsnodes_174344.trc"
Error message: Linux-x86_64 Error: 28: No space left on device
Additional information: 1
Writing to the above trace file is disabled for now...
2024-10-16T07:10:03.550138+07:00
Non critical error DIA-48180 caught while writing to trace file "/u01/app/oracle/diag/crs/hannvzdlrasvr02/crs/trace/olsnodes_199500.trc"
Error message: Linux-x86_64 Error: 28: No space left on device
Additional information: 1
Writing to the above trace file is disabled for now...
2024-10-16T07:20:03.665864+07:00
Non critical error DIA-48180 caught while writing to trace file "/u01/app/oracle/diag/crs/hannvzdlrasvr02/crs/trace/olsnodes_225067.trc"
Error message: Linux-x86_64 Error: 28: No space left on device
Additional information: 1
Writing to the above trace file is disabled for now...
2024-10-16T07:30:03.690526+07:00
Non critical error DIA-48180 caught while writing to trace file "/u01/app/oracle/diag/crs/hannvzdlrasvr02/crs/trace/olsnodes_249916.trc"
Error message: Linux-x86_64 Error: 28: No space left on device
Additional information: 1
Writing to the above trace file is disabled for now...
2024-10-16T07:40:03.455543+07:00
Non critical error DIA-48180 caught while writing to trace file "/u01/app/oracle/diag/crs/hannvzdlrasvr02/crs/trace/olsnodes_274535.trc"
Error message: Linux-x86_64 Error: 28: No space left on device
Additional information: 1
Writing to the above trace file is disabled for now...
2024-10-16T07:50:03.222973+07:00
Non critical error DIA-48180 caught while writing to trace file "/u01/app/oracle/diag/crs/hannvzdlrasvr02/crs/trace/olsnodes_298684.trc"
Error message: Linux-x86_64 Error: 28: No space left on device
Additional information: 1
Writing to the above trace file is disabled for now...
2024-10-16T08:00:02.760806+07:00
Non critical error DIA-48180 caught while writing to trace file "/u01/app/oracle/diag/crs/hannvzdlrasvr02/crs/trace/olsnodes_323494.trc"
Error message: Linux-x86_64 Error: 28: No space left on device
Additional information: 1
Writing to the above trace file is disabled for now...
2024-10-16T08:10:03.498714+07:00
Non critical error DIA-48180 caught while writing to trace file "/u01/app/oracle/diag/crs/hannvzdlrasvr02/crs/trace/olsnodes_348321.trc"
Error message: Linux-x86_64 Error: 28: No space left on device
Additional information: 1
Writing to the above trace file is disabled for now...
2024-10-16T08:20:02.762627+07:00
Non critical error DIA-48180 caught while writing to trace file "/u01/app/oracle/diag/crs/hannvzdlrasvr02/crs/trace/olsnodes_374116.trc"
Error message: Linux-x86_64 Error: 28: No space left on device
Additional information: 1
Writing to the above trace file is disabled for now...
2024-10-16T08:30:02.321646+07:00
Non critical error DIA-48180 caught while writing to trace file "/u01/app/oracle/diag/crs/hannvzdlrasvr02/crs/trace/olsnodes_399070.trc"
Error message: Linux-x86_64 Error: 28: No space left on device
Additional information: 1
Writing to the above trace file is disabled for now...
2024-10-16T08:40:03.594563+07:00
Non critical error DIA-48180 caught while writing to trace file "/u01/app/oracle/diag/crs/hannvzdlrasvr02/crs/trace/2024-11-14 18:01:28.427 [CLSECHO(146078)]AFD-0654: AFD is not supported on Exadata systems
2024-11-14 22:29:33.987 [CLSECHO(50108)]AFD-0654: AFD is not supported on Exadata systems
2024-11-15 00:31:33.078 [CLSECHO(379167)]AFD-0654: AFD is not supported on Exadata systems
2024-11-15 07:16:08.986 [CLSECHO(304011)]AFD-0654: AFD is not supported on Exadata systems
2024-11-15 22:38:50.138 [CLSECHO(337386)]AFD-0654: AFD is not supported on Exadata systems
2024-11-16T00:20:03.701608+07:00
Non critical error DIA-48180 caught while writing to trace file "/u01/app/oracle/diag/crs/hannvzdlrasvr02/crs/trace/olsnodes_214190.trc"
Error message: Linux-x86_64 Error: 28: No space left on device
Additional information: 1
Writing to the above trace file is disabled for now...
2024-11-16T00:30:03.776976+07:00
Non critical error DIA-48180 caught while writing to trace file "/u01/app/oracle/diag/crs/hannvzdlrasvr02/crs/trace/olsnodes_239941.trc"
Error message: Linux-x86_64 Error: 28: No space left on device
Additional information: 1
Writing to the above trace file is disabled for now...
2024-11-16T00:40:03.617143+07:00
Non critical error DIA-48180 caught while writing to trace file "/u01/app/oracle/diag/crs/hannvzdlrasvr02/crs/trace/olsnodes_264546.trc"
Error message: Linux-x86_64 Error: 28: No space left on device
Additional information: 1
Writing to the above trace file is disabled for now...
2024-11-16T00:50:03.427401+07:00
Non critical error DIA-48180 caught while writing to trace file "/u01/app/oracle/diag/crs/hannvzdlrasvr02/crs/trace/olsnodes_287826.trc"
Error message: Linux-x86_64 Error: 28: No space left on device
Additional information: 1
Writing to the above trace file is disabled for now...
2024-11-16T01:00:03.516085+07:00
Non critical error DIA-48180 caught while writing to trace file "/u01/app/oracle/diag/crs/hannvzdlrasvr02/crs/trace/olsnodes_313707.trc"
Error message: Linux-x86_64 Error: 28: No space left on device
Additional information: 1
Writing to the above trace file is disabled for now...
2024-11-16T01:10:03.875143+07:00
Non critical error DIA-48180 caught while writing to trace file "/u01/app/oracle/diag/crs/hannvzdlrasvr02/crs/trace/olsnodes_338533.trc"
Error message: Linux-x86_64 Error: 28: No space left on device
Additional information: 1
Writing to the above trace file is disabled for now...
2024-11-16T01:20:03.719614+07:00
Non critical error DIA-48180 caught while writing to trace file "/u01/app/oracle/diag/crs/hannvzdlrasvr02/crs/trace/olsnodes_363389.trc"
Error message: Linux-x86_64 Error: 28: No space left on device
Additional information: 1
Writing to the above trace file is disabled for now...
2024-11-16T01:30:03.810881+07:00
Non critical error DIA-48180 caught while writing to trace file "/u01/app/oracle/diag/crs/hannvzdlrasvr02/crs/trace/olsnodes_389166.trc"
Error message: Linux-x86_64 Error: 28: No space left on device
Additional information: 1
Writing to the above trace file is disabled for now...
2024-11-16T01:40:02.622943+07:00
Non critical error DIA-48180 caught while writing to trace file "/u01/app/oracle/diag/crs/hannvzdlrasvr02/crs/trace/olsnodes_14670.trc"
Error message: Linux-x86_64 Error: 28: No space left on device
Additional information: 1
Writing to the above trace file is disabled for now...
2024-11-16T01:50:03.443069+07:00
Non critical error DIA-48180 caught while writing to trace file "/u01/app/oracle/diag/crs/hannvzdlrasvr02/crs/trace/olsnodes_38018.trc"
Error message: Linux-x86_64 Error: 28: No space left on device
Additional information: 1
Writing to the above trace file is disabled for now...
2024-11-16T02:00:02.560596+07:00
Non critical error DIA-48180 caught while writing to trace file "/u01/app/oracle/diag/crs/hannvzdlrasvr02/crs/trace/olsnodes_62761.trc"
Error message: Linux-x86_64 Error: 28: No space left on device
Additional information: 1
Writing to the above trace file is disabled for now...
2024-11-16T02:10:03.867337+07:00
Non critical error DIA-48180 caught while writing to trace file "/u01/app/oracle/diag/crs/hannvzdlrasvr02/crs/trace/olsnodes_88906.trc"
Error message: Linux-x2024-11-16 22:42:45.510 [CLSECHO(70394)]AFD-0654: AFD is not supported on Exadata systems
2024-11-17 00:43:47.618 [CLSECHO(396580)]AFD-0654: AFD is not supported on Exadata systems
2024-11-17 03:15:35.329 [CLSECHO(85814)]AFD-0654: AFD is not supported on Exadata systems
2024-11-17T04:50:03.134586+07:00
Non critical error DIA-48180 caught while writing to trace file "/u01/app/oracle/diag/crs/hannvzdlrasvr02/crs/trace/olsnodes_352076.trc"
Error message: Linux-x86_64 Error: 28: No space left on device
Additional information: 1
Writing to the above trace file is disabled for now...
2024-11-17T05:00:03.219467+07:00
Non critical error DIA-48180 caught while writing to trace file "/u01/app/oracle/diag/crs/hannvzdlrasvr02/crs/trace/olsnodes_376841.trc"
Error message: Linux-x86_64 Error: 28: No space left on device
Additional information: 1
Writing to the above trace file is disabled for now...
2024-11-17T05:10:02.518819+07:00
Non critical error DIA-48180 caught while writing to trace file "/u01/app/oracle/diag/crs/hannvzdlrasvr02/crs/trace/olsnodes_644.trc"
Error message: Linux-x86_64 Error: 28: No space left on device
Additional information: 1
Writing to the above trace file is disabled for now...
2024-11-17T05:20:04.404346+07:00
Non critical error DIA-48180 caught while writing to trace file "/u01/app/oracle/diag/crs/hannvzdlrasvr02/crs/trace/olsnodes_26841.trc"
Error message: Linux-x86_64 Error: 28: No space left on device
Additional information: 1
Writing to the above trace file is disabled for now...
2024-11-17T05:30:03.526856+07:00
Non critical error DIA-48180 caught while writing to trace file "/u01/app/oracle/diag/crs/hannvzdlrasvr02/crs/trace/olsnodes_51624.trc"
Error message: Linux-x86_64 Error: 28: No space left on device
Additional information: 1
Writing to the above trace file is disabled for now...
2024-11-17T05:40:02.345346+07:00
Non critical error DIA-48180 caught while writing to trace file "/u01/app/oracle/diag/crs/hannvzdlrasvr02/crs/trace/olsnodes_76214.trc"
Error message: Linux-x86_64 Error: 28: No space left on device
Additional information: 1
Writing to the above trace file is disabled for now...
2024-11-17T05:50:04.100933+07:00
Non critical error DIA-48180 caught while writing to trace file "/u01/app/oracle/diag/crs/hannvzdlrasvr02/crs/trace/olsnodes_101791.trc"
Error message: Linux-x86_64 Error: 28: No space left on device
Additional information: 1
Writing to the above trace file is disabled for now...
2024-11-17T06:00:04.132548+07:00
Non critical error DIA-48180 caught while writing to trace file "/u01/app/oracle/diag/crs/hannvzdlrasvr02/crs/trace/olsnodes_125112.trc"
Error message: Linux-x86_64 Error: 28: No space left on device
Additional information: 1
Writing to the above trace file is disabled for now...
2024-11-17T06:10:03.342534+07:00
Non critical error DIA-48180 caught while writing to trace file "/u01/app/oracle/diag/crs/hannvzdlrasvr02/crs/trace/olsnodes_149908.trc"
Error message: Linux-x86_64 Error: 28: No space left on device
Additional information: 1
Writing to the above trace file is disabled for now...
2024-11-17T06:20:03.143991+07:00
Non critical error DIA-48180 caught while writing to trace file "/u01/app/oracle/diag/crs/hannvzdlrasvr02/crs/trace/olsnodes_175623.trc"
Error message: Linux-x86_64 Error: 28: No space left on device
Additional information: 1
Writing to the above trace file is disabled for now...
2024-11-17T06:30:03.178547+07:00
Non critical error DIA-48180 caught while writing to trace file "/u01/app/oracle/diag/crs/hannvzdlrasvr02/crs/trace/olsnodes_200664.trc"
Error message: Linux-x86_64 Error: 28: No space left on device
Additional information: 1
Writing to the above trace file is disabled for now...
2024-11-17T06:40:03.981120+07:00
Non critical error DIA-48180 caught while writing to trace file "/u01/app/oracle/diag/crs/hannvzdlrasvr02/crs/trace/olsnodes_225292.trc"
Error message: Linux-x86_64 Error: 28: No space left on device
Additional information: 1
Writing to the above trace file is disabled for now...
2024-11-17T06:50:03.727662+07:00
Non critical error DIA-48180 c2024-11-21T04:00:03.806700+07:00
Non critical error DIA-48180 caught while writing to trace file "/u01/app/oracle/diag/crs/hannvzdlrasvr02/crs/trace/olsnodes_386584.trc"
Error message: Linux-x86_64 Error: 28: No space left on device
Additional information: 1
Writing to the above trace file is disabled for now...
2024-11-21T04:10:04.106557+07:00
Non critical error DIA-48180 caught while writing to trace file "/u01/app/oracle/diag/crs/hannvzdlrasvr02/crs/trace/olsnodes_14235.trc"
Error message: Linux-x86_64 Error: 28: No space left on device
Additional information: 1
Writing to the above trace file is disabled for now...
2024-11-21T04:20:03.025257+07:00
Non critical error DIA-48180 caught while writing to trace file "/u01/app/oracle/diag/crs/hannvzdlrasvr02/crs/trace/olsnodes_41038.trc"
Error message: Linux-x86_64 Error: 28: No space left on device
Additional information: 1
Writing to the above trace file is disabled for now...
2024-11-21T04:30:04.158947+07:00
Non critical error DIA-48180 caught while writing to trace file "/u01/app/oracle/diag/crs/hannvzdlrasvr02/crs/trace/olsnodes_67209.trc"
Error message: Linux-x86_64 Error: 28: No space left on device
Additional information: 1
Writing to the above trace file is disabled for now...
2024-11-21T04:40:03.975181+07:00
Non critical error DIA-48180 caught while writing to trace file "/u01/app/oracle/diag/crs/hannvzdlrasvr02/crs/trace/olsnodes_93496.trc"
Error message: Linux-x86_64 Error: 28: No space left on device
Additional information: 1
Writing to the above trace file is disabled for now...
2024-11-21T04:50:03.756721+07:00
Non critical error DIA-48180 caught while writing to trace file "/u01/app/oracle/diag/crs/hannvzdlrasvr02/crs/trace/olsnodes_120191.trc"
Error message: Linux-x86_64 Error: 28: No space left on device
Additional information: 1
Writing to the above trace file is disabled for now...
2024-11-21T05:00:03.814405+07:00
Non critical error DIA-48180 caught while writing to trace file "/u01/app/oracle/diag/crs/hannvzdlrasvr02/crs/trace/olsnodes_147686.trc"
Error message: Linux-x86_64 Error: 28: No space left on device
Additional information: 1
Writing to the above trace file is disabled for now...
2024-11-21T05:10:04.099317+07:00
Non critical error DIA-48180 caught while writing to trace file "/u01/app/oracle/diag/crs/hannvzdlrasvr02/crs/trace/olsnodes_174471.trc"
Error message: Linux-x86_64 Error: 28: No space left on device
Additional information: 1
Writing to the above trace file is disabled for now...
2024-11-21T05:20:02.873017+07:00
Non critical error DIA-48180 caught while writing to trace file "/u01/app/oracle/diag/crs/hannvzdlrasvr02/crs/trace/olsnodes_201240.trc"
Error message: Linux-x86_64 Error: 28: No space left on device
Additional information: 1
Writing to the above trace file is disabled for now...
2024-11-21T05:30:02.940225+07:00
Non critical error DIA-48180 caught while writing to trace file "/u01/app/oracle/diag/crs/hannvzdlrasvr02/crs/trace/olsnodes_227149.trc"
Error message: Linux-x86_64 Error: 28: No space left on device
Additional information: 1
Writing to the above trace file is disabled for now...
2024-11-21T05:40:03.727255+07:00
Non critical error DIA-48180 caught while writing to trace file "/u01/app/oracle/diag/crs/hannvzdlrasvr02/crs/trace/olsnodes_253486.trc"
Error message: Linux-x86_64 Error: 28: No space left on device
Additional information: 1
Writing to the above trace file is disabled for now...
2024-11-21T05:50:03.494086+07:00
Non critical error DIA-48180 caught while writing to trace file "/u01/app/oracle/diag/crs/hannvzdlrasvr02/crs/trace/olsnodes_279977.trc"
Error message: Linux-x86_64 Error: 28: No space left on device
Additional information: 1
Writing to the above trace file is disabled for now...
2024-11-21T06:00:02.574357+07:00
Non critical error DIA-48180 caught while writing to trace file "/u01/app/oracle/diag/crs/hannvzdlrasvr02/crs/trace/olsnodes_307573.trc"
Error message: Linux-x86_64 Error: 28: No space left on device
Additional information: 1
Writing to the above trace file is disabled for now...
2024-11-21T06:10:02024-11-21T09:40:02.334918+07:00
Non critical error DIA-48180 caught while writing to trace file "/u01/app/oracle/diag/crs/hannvzdlrasvr02/crs/trace/olsnodes_93730.trc"
Error message: Linux-x86_64 Error: 28: No space left on device
Additional information: 1
Writing to the above trace file is disabled for now...
2024-11-21T09:50:03.109745+07:00
Non critical error DIA-48180 caught while writing to trace file "/u01/app/oracle/diag/crs/hannvzdlrasvr02/crs/trace/olsnodes_120324.trc"
Error message: Linux-x86_64 Error: 28: No space left on device
Additional information: 1
Writing to the above trace file is disabled for now...
2024-11-21T10:00:03.148341+07:00
Non critical error DIA-48180 caught while writing to trace file "/u01/app/oracle/diag/crs/hannvzdlrasvr02/crs/trace/olsnodes_146230.trc"
Error message: Linux-x86_64 Error: 28: No space left on device
Additional information: 1
Writing to the above trace file is disabled for now...
2024-11-21T10:10:02.389677+07:00
Non critical error DIA-48180 caught while writing to trace file "/u01/app/oracle/diag/crs/hannvzdlrasvr02/crs/trace/olsnodes_172840.trc"
Error message: Linux-x86_64 Error: 28: No space left on device
Additional information: 1
Writing to the above trace file is disabled for now...
2024-11-21T10:20:04.160967+07:00
Non critical error DIA-48180 caught while writing to trace file "/u01/app/oracle/diag/crs/hannvzdlrasvr02/crs/trace/olsnodes_199823.trc"
Error message: Linux-x86_64 Error: 28: No space left on device
Additional information: 1
Writing to the above trace file is disabled for now...
2024-11-21T10:30:04.221846+07:00
Non critical error DIA-48180 caught while writing to trace file "/u01/app/oracle/diag/crs/hannvzdlrasvr02/crs/trace/olsnodes_227196.trc"
Error message: Linux-x86_64 Error: 28: No space left on device
Additional information: 1
Writing to the above trace file is disabled for now...
2024-11-21T10:40:03.002948+07:00
Non critical error DIA-48180 caught while writing to trace file "/u01/app/oracle/diag/crs/hannvzdlrasvr02/crs/trace/olsnodes_253513.trc"
Error message: Linux-x86_64 Error: 28: No space left on device
Additional information: 1
Writing to the above trace file is disabled for now...
2024-11-21T10:50:02.771793+07:00
Non critical error DIA-48180 caught while writing to trace file "/u01/app/oracle/diag/crs/hannvzdlrasvr02/crs/trace/olsnodes_279977.trc"
Error message: Linux-x86_64 Error: 28: No space left on device
Additional information: 1
Writing to the above trace file is disabled for now...
2024-11-21T11:00:03.845312+07:00
Non critical error DIA-48180 caught while writing to trace file "/u01/app/oracle/diag/crs/hannvzdlrasvr02/crs/trace/olsnodes_306038.trc"
Error message: Linux-x86_64 Error: 28: No space left on device
Additional information: 1
Writing to the above trace file is disabled for now...
2024-11-21T11:10:03.079588+07:00
Non critical error DIA-48180 caught while writing to trace file "/u01/app/oracle/diag/crs/hannvzdlrasvr02/crs/trace/olsnodes_332405.trc"
Error message: Linux-x86_64 Error: 28: No space left on device
Additional information: 1
Writing to the above trace file is disabled for now...
2024-11-21T11:20:02.840842+07:00
Non critical error DIA-48180 caught while writing to trace file "/u01/app/oracle/diag/crs/hannvzdlrasvr02/crs/trace/olsnodes_358981.trc"
Error message: Linux-x86_64 Error: 28: No space left on device
Additional information: 1
Writing to the above trace file is disabled for now...
2024-11-21T11:30:02.917934+07:00
Non critical error DIA-48180 caught while writing to trace file "/u01/app/oracle/diag/crs/hannvzdlrasvr02/crs/trace/olsnodes_386548.trc"
Error message: Linux-x86_64 Error: 28: No space left on device
Additional information: 1
Writing to the above trace file is disabled for now...
2024-11-21T11:40:02.681901+07:00
Non critical error DIA-48180 caught while writing to trace file "/u01/app/oracle/diag/crs/hannvzdlrasvr02/crs/trace/olsnodes_13839.trc"
Error message: Linux-x86_64 Error: 28: No space left on device
Additional information: 1
Writing to the above trace file is disabled for now...
2024-11-21T11:502024-11-21T22:30:03.016252+07:00
Non critical error DIA-48180 caught while writing to trace file "/u01/app/oracle/diag/crs/hannvzdlrasvr02/crs/trace/olsnodes_161837.trc"
Error message: Linux-x86_64 Error: 28: No space left on device
Additional information: 1
Writing to the above trace file is disabled for now...
2024-11-21T22:40:03.875365+07:00
Non critical error DIA-48180 caught while writing to trace file "/u01/app/oracle/diag/crs/hannvzdlrasvr02/crs/trace/olsnodes_189611.trc"
Error message: Linux-x86_64 Error: 28: No space left on device
Additional information: 1
Writing to the above trace file is disabled for now...
2024-11-21T22:50:02.954987+07:00
Non critical error DIA-48180 caught while writing to trace file "/u01/app/oracle/diag/crs/hannvzdlrasvr02/crs/trace/olsnodes_214639.trc"
Error message: Linux-x86_64 Error: 28: No space left on device
Additional information: 1
Writing to the above trace file is disabled for now...
2024-11-21T23:00:03.191536+07:00
Non critical error DIA-48180 caught while writing to trace file "/u01/app/oracle/diag/crs/hannvzdlrasvr02/crs/trace/olsnodes_241024.trc"
Error message: Linux-x86_64 Error: 28: No space left on device
Additional information: 1
Writing to the above trace file is disabled for now...
2024-11-21T23:10:03.567954+07:00
Non critical error DIA-48180 caught while writing to trace file "/u01/app/oracle/diag/crs/hannvzdlrasvr02/crs/trace/olsnodes_268837.trc"
Error message: Linux-x86_64 Error: 28: No space left on device
Additional information: 1
Writing to the above trace file is disabled for now...
2024-11-21T23:20:03.528944+07:00
Non critical error DIA-48180 caught while writing to trace file "/u01/app/oracle/diag/crs/hannvzdlrasvr02/crs/trace/olsnodes_295548.trc"
Error message: Linux-x86_64 Error: 28: No space left on device
Additional information: 1
Writing to the above trace file is disabled for now...
2024-11-21T23:30:02.765818+07:00
Non critical error DIA-48180 caught while writing to trace file "/u01/app/oracle/diag/crs/hannvzdlrasvr02/crs/trace/olsnodes_322073.trc"
Error message: Linux-x86_64 Error: 28: No space left on device
Additional information: 1
Writing to the above trace file is disabled for now...
2024-11-21T23:40:03.651704+07:00
Non critical error DIA-48180 caught while writing to trace file "/u01/app/oracle/diag/crs/hannvzdlrasvr02/crs/trace/olsnodes_348278.trc"
Error message: Linux-x86_64 Error: 28: No space left on device
Additional information: 1
Writing to the above trace file is disabled for now...
2024-11-21T23:50:02.628325+07:00
Non critical error DIA-48180 caught while writing to trace file "/u01/app/oracle/diag/crs/hannvzdlrasvr02/crs/trace/olsnodes_374939.trc"
Error message: Linux-x86_64 Error: 28: No space left on device
Additional information: 1
Writing to the above trace file is disabled for now...
2024-11-22T00:00:03.898858+07:00
Non critical error DIA-48180 caught while writing to trace file "/u01/app/oracle/diag/crs/hannvzdlrasvr02/crs/trace/olsnodes_2262.trc"
Error message: Linux-x86_64 Error: 28: No space left on device
Additional information: 1
Writing to the above trace file is disabled for now...
2024-11-22T00:10:03.413565+07:00
Non critical error DIA-48180 caught while writing to trace file "/u01/app/oracle/diag/crs/hannvzdlrasvr02/crs/trace/olsnodes_30254.trc"
Error message: Linux-x86_64 Error: 28: No space left on device
Additional information: 1
Writing to the above trace file is disabled for now...
2024-11-22T00:20:04.634717+07:00
Non critical error DIA-48180 caught while writing to trace file "/u01/app/oracle/diag/crs/hannvzdlrasvr02/crs/trace/olsnodes_57095.trc"
Error message: Linux-x86_64 Error: 28: No space left on device
Additional information: 1
Writing to the above trace file is disabled for now...
2024-11-22T00:30:03.808693+07:00
Non critical error DIA-48180 caught while writing to trace file "/u01/app/oracle/diag/crs/hannvzdlrasvr02/crs/trace/olsnodes_83823.trc"
Error message: Linux-x86_64 Error: 28: No space left on device
Additional information: 1
Writing to the above trace file is disabled for now...
2024-11-22T00:40:032024-12-04 22:31:28.320 [CLSECHO(215963)]AFD-0654: AFD is not supported on Exadata systems
2024-12-05 00:31:47.805 [CLSECHO(199383)]AFD-0654: AFD is not supported on Exadata systems
2024-12-05T03:40:03.531396+07:00
Non critical error DIA-48180 caught while writing to trace file "/u01/app/oracle/diag/crs/hannvzdlrasvr02/crs/trace/olsnodes_47103.trc"
Error message: Linux-x86_64 Error: 28: No space left on device
Additional information: 1
Writing to the above trace file is disabled for now...
2024-12-05T03:50:04.168498+07:00
Non critical error DIA-48180 caught while writing to trace file "/u01/app/oracle/diag/crs/hannvzdlrasvr02/crs/trace/olsnodes_72644.trc"
Error message: Linux-x86_64 Error: 28: No space left on device
Additional information: 1
Writing to the above trace file is disabled for now...
2024-12-05T04:00:04.232286+07:00
Non critical error DIA-48180 caught while writing to trace file "/u01/app/oracle/diag/crs/hannvzdlrasvr02/crs/trace/olsnodes_96781.trc"
Error message: Linux-x86_64 Error: 28: No space left on device
Additional information: 1
Writing to the above trace file is disabled for now...
2024-12-05T04:10:03.468689+07:00
Non critical error DIA-48180 caught while writing to trace file "/u01/app/oracle/diag/crs/hannvzdlrasvr02/crs/trace/olsnodes_121105.trc"
Error message: Linux-x86_64 Error: 28: No space left on device
Additional information: 1
Writing to the above trace file is disabled for now...
2024-12-05T04:20:04.249599+07:00
Non critical error DIA-48180 caught while writing to trace file "/u01/app/oracle/diag/crs/hannvzdlrasvr02/crs/trace/olsnodes_144986.trc"
Error message: Linux-x86_64 Error: 28: No space left on device
Additional information: 1
Writing to the above trace file is disabled for now...
2024-12-05T04:30:04.302189+07:00
Non critical error DIA-48180 caught while writing to trace file "/u01/app/oracle/diag/crs/hannvzdlrasvr02/crs/trace/olsnodes_169244.trc"
Error message: Linux-x86_64 Error: 28: No space left on device
Additional information: 1
Writing to the above trace file is disabled for now...
2024-12-05T04:40:04.074861+07:00
Non critical error DIA-48180 caught while writing to trace file "/u01/app/oracle/diag/crs/hannvzdlrasvr02/crs/trace/olsnodes_193643.trc"
Error message: Linux-x86_64 Error: 28: No space left on device
Additional information: 1
Writing to the above trace file is disabled for now...
2024-12-05T04:50:03.715603+07:00
Non critical error DIA-48180 caught while writing to trace file "/u01/app/oracle/diag/crs/hannvzdlrasvr02/crs/trace/olsnodes_219053.trc"
Error message: Linux-x86_64 Error: 28: No space left on device
Additional information: 1
Writing to the above trace file is disabled for now...
2024-12-05T05:00:03.806350+07:00
Non critical error DIA-48180 caught while writing to trace file "/u01/app/oracle/diag/crs/hannvzdlrasvr02/crs/trace/olsnodes_243114.trc"
Error message: Linux-x86_64 Error: 28: No space left on device
Additional information: 1
Writing to the above trace file is disabled for now...
2024-12-05T05:10:03.061175+07:00
Non critical error DIA-48180 caught while writing to trace file "/u01/app/oracle/diag/crs/hannvzdlrasvr02/crs/trace/olsnodes_267418.trc"
Error message: Linux-x86_64 Error: 28: No space left on device
Additional information: 1
Writing to the above trace file is disabled for now...
2024-12-05T05:20:03.759267+07:00
Non critical error DIA-48180 caught while writing to trace file "/u01/app/oracle/diag/crs/hannvzdlrasvr02/crs/trace/olsnodes_291244.trc"
Error message: Linux-x86_64 Error: 28: No space left on device
Additional information: 1
Writing to the above trace file is disabled for now...
2024-12-05T05:30:02.834454+07:00
Non critical error DIA-48180 caught while writing to trace file "/u01/app/oracle/diag/crs/hannvzdlrasvr02/crs/trace/olsnodes_315718.trc"
Error message: Linux-x86_64 Error: 28: No space left on device
Additional information: 1
Writing to the above trace file is disabled for now...
2024-12-05T05:40:03.607929+07:00
Non critical error DIA-48180 caught while writing to trace file "/u01/app/oracle/diag/crs/hannvzdlrasvr02/crs/trace/2024-12-05 15:46:34.100 [CLSECHO(289108)]AFD-0654: AFD is not supported on Exadata systems
2024-12-05 15:48:31.515 [CLSECHO(299665)]AFD-0654: AFD is not supported on Exadata systems
2024-12-05 15:55:26.993 [ORAROOTAGENT(399933)]CRS-5024: Unmounting file system "/raacfs/raadmin"
2024-12-05 15:55:26.998 [ORAROOTAGENT(399933)]CRS-5024: Unmounting file system "/osbcat"
2024-12-05 15:55:27.999 [ORAROOTAGENT(399933)]CRS-5025: File system "/raacfs/raadmin" unmounted
2024-12-05 15:55:28.203 [ORAROOTAGENT(399933)]CRS-5025: File system "/osbcat" unmounted
2024-12-05 15:55:45.289 [ORAROOTAGENT(399933)]CRS-5822: Agent '/u01/app/19.0.0.0/grid/bin/orarootagent_root' disconnected from server. Details at (:CRSAGF00117:) {0:2:13} in /u01/app/oracle/diag/crs/hannvzdlrasvr02/crs/trace/crsd_orarootagent_root.trc.
2024-12-05 15:55:46.285 [OCTSSD(397717)]CRS-2405: The Cluster Time Synchronization Service on host hannvzdlrasvr02 is shutdown by user
2024-12-05 15:55:46.285 [OCTSSD(397717)]CRS-8504: Oracle Clusterware OCTSSD process with operating system process ID 397717 is exiting
2024-12-05 15:56:24.018 [OCSSD(394569)]CRS-1603: CSSD on node hannvzdlrasvr02 has been shut down.
2024-12-05 15:56:26.646 [ORAROOTAGENT(329139)]CRS-8500: Oracle Clusterware ORAROOTAGENT process is starting with operating system process ID 329139
2024-12-05 15:58:14.007 [OHASD(115565)]CRS-2791: Starting shutdown of Oracle High Availability Services-managed resources on 'hannvzdlrasvr02'
2024-12-05 15:58:15.627 [GPNPD(115959)]CRS-2329: GPNPD on node hannvzdlrasvr02 shut down. 
2024-12-05 15:58:15.627 [MDNSD(115895)]CRS-5602: mDNS service stopping by request.
2024-12-05 15:58:15.633 [MDNSD(115895)]CRS-8504: Oracle Clusterware MDNSD process with operating system process ID 115895 is exiting
2024-12-05 15:58:16.633 [OHASD(115565)]CRS-2793: Shutdown of Oracle High Availability Services-managed resources on 'hannvzdlrasvr02' has completed
2024-12-05 15:58:16.714 [ORAROOTAGENT(329139)]CRS-5822: Agent '/u01/app/19.0.0.0/grid/bin/orarootagent_root' disconnected from server. Details at (:CRSAGF00117:) {0:12:7} in /u01/app/oracle/diag/crs/hannvzdlrasvr02/crs/trace/ohasd_orarootagent_root.trc.
2024-12-05 15:58:16.714 [ORAAGENT(115871)]CRS-5822: Agent '/u01/app/19.0.0.0/grid/bin/oraagent_oracle' disconnected from server. Details at (:CRSAGF00117:) {0:5:159} in /u01/app/oracle/diag/crs/hannvzdlrasvr02/crs/trace/ohasd_oraagent_oracle.trc.
2024-12-05 16:00:22.809 [OHASD(337619)]CRS-8500: Oracle Clusterware OHASD process is starting with operating system process ID 337619
2024-12-05 16:00:22.848 [OHASD(337619)]CRS-0714: Oracle Clusterware Release 19.0.0.0.0.
2024-12-05 16:00:22.855 [OHASD(337619)]CRS-2112: The OLR service started on node hannvzdlrasvr02.
2024-12-05 16:00:22.957 [OHASD(337619)]CRS-1301: Oracle High Availability Service started on node hannvzdlrasvr02.
2024-12-05 16:00:22.958 [OHASD(337619)]CRS-8017: location: /etc/oracle/lastgasp has 2 reboot advisory log files, 0 were announced and 0 errors occurred
2024-12-05 16:00:23.287 [ORAROOTAGENT(338025)]CRS-8500: Oracle Clusterware ORAROOTAGENT process is starting with operating system process ID 338025
2024-12-05 16:00:23.293 [CSSDMONITOR(338046)]CRS-8500: Oracle Clusterware CSSDMONITOR process is starting with operating system process ID 338046
2024-12-05 16:00:23.295 [CSSDAGENT(338041)]CRS-8500: Oracle Clusterware CSSDAGENT process is starting with operating system process ID 338041
2024-12-05 16:00:23.334 [ORAAGENT(338035)]CRS-8500: Oracle Clusterware ORAAGENT process is starting with operating system process ID 338035
2024-12-05 16:00:23.845 [ORAAGENT(338134)]CRS-8500: Oracle Clusterware ORAAGENT process is starting with operating system process ID 338134
2024-12-05 16:00:24.070 [MDNSD(338189)]CRS-8500: Oracle Clusterware MDNSD process is starting with operating system process ID 338189
2024-12-05 16:00:24.072 [EVMD(338187)]CRS-8500: Oracle Clusterware EVMD process is starting with operating system process ID 338187
2024-12-05 16:00:25.088 [GPNPD(338366)]CRS-8500: Oracle Clusterware GPNPD process is starting with operating system process ID 338366
2024-12-05 16:00:25.980 [GPNPD(338366)]CRS-2328: GPNPD started on node hannvzdlrasvr02. 
2024-12-05 16:00:26.102 [GIPCD(338565)]CRS-8500: Oracle Clusterware GIPCD process is starting with operating system process ID 338565
2024-12-05 16:00:30.953 [OSYSMOND(340060)]CRS-8500: Oracle Clusterware OSYSMOND process is starting with operating system process ID 340060
2024-12-05 16:00:30.953 [CSSDMONITOR(340058)]CRS-8500: Oracle Clusterware CSSDMONITOR process is starting with operating system process ID 340058
2024-12-05 16:00:31.273 [CSSDAGENT(340183)]CRS-8500: Oracle Clusterware CSSDAGENT process is starting with operating system process ID 340183
2024-12-05 16:00:37.110 [OCSSD(340259)]CRS-8500: Oracle Clusterware OCSSD process is starting with operating system process ID 340259
2024-12-05 16:00:38.149 [OCSSD(340259)]CRS-1713: CSSD daemon is started in hub mode
2024-12-05 16:00:39.597 [OCSSD(340259)]CRS-1707: Lease acquisition for node hannvzdlrasvr02 number 2 completed
2024-12-05 16:00:40.689 [OCSSD(340259)]CRS-1621: The IPMI configuration data for this node stored in the Oracle registry is incomplete; details at (:CSSNK00002:) in /u01/app/oracle/diag/crs/hannvzdlrasvr02/crs/trace/ocssd.trc
2024-12-05 16:00:40.689 [OCSSD(340259)]CRS-1617: The information required to do node kill for node hannvzdlrasvr02 is incomplete; details at (:CSSNM00004:) in /u01/app/oracle/diag/crs/hannvzdlrasvr02/crs/trace/ocssd.trc
2024-12-05 16:00:40.726 [OCSSD(340259)]CRS-1605: CSSD voting file is online: o/10.9.27.33;10.9.27.34/CATALOG_CD_04_hannvzdlracel01; details in /u01/app/oracle/diag/crs/hannvzdlrasvr02/crs/trace/ocssd.trc.
2024-12-05 16:00:40.730 [OCSSD(340259)]CRS-1605: CSSD voting file is online: o/10.9.27.35;10.9.27.36/CATALOG_CD_03_hannvzdlracel02; details in /u01/app/oracle/diag/crs/hannvzdlrasvr02/crs/trace/ocssd.trc.
2024-12-05 16:00:40.735 [OCSSD(340259)]CRS-1605: CSSD voting file is online: o/10.9.27.49;10.9.27.50/CATALOG_CD_08_hannvzdlracel09; details in /u01/app/oracle/diag/crs/hannvzdlrasvr02/crs/trace/ocssd.trc.
2024-12-05 16:00:40.754 [OCSSD(340259)]CRS-1605: CSSD voting file is online: o/10.9.27.51;10.9.27.52/CATALOG_CD_03_hannvzdlracel10; details in /u01/app/oracle/diag/crs/hannvzdlrasvr02/crs/trace/ocssd.trc.
2024-12-05 16:00:40.759 [OCSSD(340259)]CRS-1605: CSSD voting file is online: o/10.9.27.53;10.9.27.54/CATALOG_CD_03_hannvzdlracel11; details in /u01/app/oracle/diag/crs/hannvzdlrasvr02/crs/trace/ocssd.trc.
2024-12-05 16:00:46.247 [OCSSD(340259)]CRS-1601: CSSD Reconfiguration complete. Active nodes are hannvzdlrasvr01 hannvzdlrasvr02 .
2024-12-05 16:00:47.416 [OCSSD(340259)]CRS-1720: Cluster Synchronization Services daemon (CSSD) is ready for operation.
2024-12-05 16:00:47.602 [OCTSSD(342402)]CRS-8500: Oracle Clusterware OCTSSD process is starting with operating system process ID 342402
2024-12-05 16:00:48.445 [OCTSSD(342402)]CRS-2403: The Cluster Time Synchronization Service on host hannvzdlrasvr02 is in observer mode.
2024-12-05 16:00:49.629 [OCTSSD(342402)]CRS-2407: The new Cluster Time Synchronization Service reference node is host hannvzdlrasvr01.
2024-12-05 16:00:49.630 [OCTSSD(342402)]CRS-2401: The Cluster Time Synchronization Service started on host hannvzdlrasvr02.
2024-12-05 16:01:15.318 [CRSD(344101)]CRS-8500: Oracle Clusterware CRSD process is starting with operating system process ID 344101
2024-12-05 16:01:17.501 [OLOGGERD(344169)]CRS-8500: Oracle Clusterware OLOGGERD process is starting with operating system process ID 344169
2024-12-05 16:01:17.593 [CRSD(344101)]CRS-1012: The OCR service started on node hannvzdlrasvr02.
2024-12-05 16:01:17.619 [CRSD(344101)]CRS-1201: CRSD started on node hannvzdlrasvr02.
2024-12-05 16:01:17.933 [ORAROOTAGENT(344220)]CRS-8500: Oracle Clusterware ORAROOTAGENT process is starting with operating system process ID 344220
2024-12-05 16:01:17.964 [ORAAGENT(344230)]CRS-8500: Oracle Clusterware ORAAGENT process is starting with operating system process ID 344230
2024-12-05 16:07:38.975 [CLSECHO(355980)]AFD-0654: AFD is not supported on Exadata systems
2024-12-05 16:08:18.814 [OCTSSD(342402)]CRS-2407: The new Cluster Time Synchronization Service reference node is host hannvzdlrasvr02.
2024-12-05 16:08:21.500 [OCSSD(340259)]CRS-1625: Node hannvzdlrasvr01, number 1, was shut down
2024-12-05 16:08:21.508 [OCSSD(340259)]CRS-1601: CSSD Reconfiguration complete. Active nodes are hannvzdlrasvr02 .
2024-12-05 16:08:21.510 [CRSD(344101)]CRS-5504: Node down event reported for node 'hannvzdlrasvr01'.
2024-12-05 16:08:21.512 [CRSD(344101)]CRS-2773: Server 'hannvzdlrasvr01' has been removed from pool 'Generic'.
2024-12-05 16:08:21.512 [CRSD(344101)]CRS-2773: Server 'hannvzdlrasvr01' has been removed from pool 'ora.zdlradb'.
2024-12-05 16:08:31.502 [OCSSD(340259)]CRS-7503: The Oracle Grid Infrastructure process 'ocssd' observed communication issues between node 'hannvzdlrasvr02' and node 'hannvzdlrasvr01', interface list of local node 'hannvzdlrasvr02' is '10.9.27.31:62031;10.9.27.32:28118;', interface list of remote node 'hannvzdlrasvr01' is '10.9.27.29:64136;10.9.27.30:29585;'.
2024-12-05 16:08:55.198 [OHASD(337619)]CRS-2791: Starting shutdown of Oracle High Availability Services-managed resources on 'hannvzdlrasvr02'
2024-12-05 16:08:55.209 [ORAROOTAGENT(344220)]CRS-5024: Unmounting file system "/raacfs/raadmin"
2024-12-05 16:08:55.212 [ORAROOTAGENT(344220)]CRS-5024: Unmounting file system "/osbcat"
2024-12-05 16:08:55.514 [ORAROOTAGENT(344220)]CRS-5025: File system "/raacfs/raadmin" unmounted
2024-12-05 16:08:55.515 [ORAROOTAGENT(344220)]CRS-5025: File system "/osbcat" unmounted
2024-12-05 16:09:16.880 [ORAROOTAGENT(344220)]CRS-5822: Agent '/u01/app/19.0.0.0/grid/bin/orarootagent_root' disconnected from server. Details at (:CRSAGF00117:) {0:1:4} in /u01/app/oracle/diag/crs/hannvzdlrasvr02/crs/trace/crsd_orarootagent_root.trc.
2024-12-05 16:09:19.679 [MDNSD(338189)]CRS-5602: mDNS service stopping by request.
2024-12-05 16:09:20.291 [MDNSD(338189)]CRS-8504: Oracle Clusterware MDNSD process with operating system process ID 338189 is exiting
2024-12-05 16:09:59.119 [OCTSSD(342402)]CRS-2405: The Cluster Time Synchronization Service on host hannvzdlrasvr02 is shutdown by user
2024-12-05 16:09:59.119 [OCTSSD(342402)]CRS-8504: Oracle Clusterware OCTSSD process with operating system process ID 342402 is exiting
2024-12-05 16:10:00.125 [OCSSD(340259)]CRS-1603: CSSD on node hannvzdlrasvr02 has been shut down.
2024-12-05 16:10:02.625 [ORAROOTAGENT(369082)]CRS-8500: Oracle Clusterware ORAROOTAGENT process is starting with operating system process ID 369082
2024-12-05 16:10:03.130 [GPNPD(338366)]CRS-2329: GPNPD on node hannvzdlrasvr02 shut down. 
2024-12-05 16:10:04.137 [OHASD(337619)]CRS-2793: Shutdown of Oracle High Availability Services-managed resources on 'hannvzdlrasvr02' has completed
2024-12-05 16:10:04.144 [ORAROOTAGENT(369082)]CRS-5822: Agent '/u01/app/19.0.0.0/grid/bin/orarootagent_root' disconnected from server. Details at (:CRSAGF00117:) {0:8:4} in /u01/app/oracle/diag/crs/hannvzdlrasvr02/crs/trace/ohasd_orarootagent_root.trc.
2024-12-05 16:14:55.177 [CLSECHO(385993)]ACFS-9155: Checking for existing 'oracleoks.ko' driver installation.
2024-12-05 16:14:55.236 [CLSECHO(386038)]ACFS-9312: Existing ADVM/ACFS installation detected.
2024-12-05 16:14:59.342 [CLSECHO(386798)]ACFS-9314: Removing previous ADVM/ACFS installation.
2024-12-05 16:15:03.344 [CLSECHO(387311)]ACFS-9315: Previous ADVM/ACFS components successfully removed.
2024-12-05 16:15:03.371 [CLSECHO(387325)]ACFS-9294: updating file /etc/sysconfig/oracledrivers.conf
2024-12-05 16:15:05.475 [CLSECHO(388099)]ACFS-9300: ADVM/ACFS distribution files found.
2024-12-05 16:15:05.657 [CLSECHO(388188)]ACFS-9314: Removing previous ADVM/ACFS installation.
2024-12-05 16:15:09.457 [CLSECHO(388606)]ACFS-9315: Previous ADVM/ACFS components successfully removed.
2024-12-05 16:15:09.502 [CLSECHO(388635)]ACFS-9294: updating file /etc/sysconfig/oracledrivers.conf
2024-12-05 16:15:09.557 [CLSECHO(388672)]ACFS-9307: Installing requested ADVM/ACFS software.
2024-12-05 16:15:09.573 [CLSECHO(388681)]ACFS-9503: ADVM and ACFS driver media location is '/u01/app/19.0.0.0/grid/usm/install/Oracle/EL8UEK/x86_64/5.4.17-2011.0.7/5.4.17-2011.0.7-x86_64/bin'
2024-12-05 16:15:10.500 [CLSECHO(389020)]ACFS-9294: updating file /etc/sysconfig/oracledrivers.conf
2024-12-05 16:15:10.526 [CLSECHO(389028)]ACFS-9308: Loading installed ADVM/ACFS drivers.
2024-12-05 16:15:10.543 [CLSECHO(389036)]ACFS-9321: Creating udev for ADVM/ACFS.
2024-12-05 16:15:10.559 [CLSECHO(389044)]ACFS-9323: Creating module dependencies - this may take some time.
2024-12-05 16:15:14.345 [CLSECHO(389199)]ACFS-9154: Loading 'oracleoks.ko' driver.
2024-12-05 16:15:14.796 [CLSECHO(389240)]ACFS-9154: Loading 'oracleadvm.ko' driver.
2024-12-05 16:15:15.369 [CLSECHO(389441)]ACFS-9154: Loading 'oracleacfs.ko' driver.
2024-12-05 16:15:16.369 [CLSECHO(389587)]ACFS-9327: Verifying ADVM/ACFS devices.
2024-12-05 16:15:16.438 [CLSECHO(389619)]ACFS-9156: Detecting control device '/dev/asm/.asm_ctl_spec'.
2024-12-05 16:15:16.481 [CLSECHO(389639)]ACFS-9156: Detecting control device '/dev/ofsctl'.
2024-12-05 16:15:18.521 [CLSECHO(390640)]ACFS-9309: ADVM/ACFS installation correctness verified.
2024-12-05 16:15:24.033 [CLSECHO(391490)]OKA-9294: updating file /etc/sysconfig/oracledrivers.conf
2024-12-05 16:15:24.092 [CLSECHO(391518)]Can't find message for prod[usm] fac[OKA] & msg id [9550]
2024-12-05 16:15:25.325 [CLSCFG(391942)]CRS-1810: Node-specific configuration for node hannvzdlrasvr02 in Oracle Local Registry was patched to patch level 896413342.
2024-12-05 16:15:29.703 [OHASD(392312)]CRS-8500: Oracle Clusterware OHASD process is starting with operating system process ID 392312
2024-12-05 16:15:29.741 [OHASD(392312)]CRS-0714: Oracle Clusterware Release 19.0.0.0.0.
2024-12-05 16:15:29.749 [OHASD(392312)]CRS-2112: The OLR service started on node hannvzdlrasvr02.
2024-12-05 16:15:29.901 [OHASD(392312)]CRS-1301: Oracle High Availability Service started on node hannvzdlrasvr02.
2024-12-05 16:15:29.902 [OHASD(392312)]CRS-8017: location: /etc/oracle/lastgasp has 2 reboot advisory log files, 0 were announced and 0 errors occurred
2024-12-05 16:15:30.226 [ORAROOTAGENT(392924)]CRS-8500: Oracle Clusterware ORAROOTAGENT process is starting with operating system process ID 392924
2024-12-05 16:15:30.233 [CSSDMONITOR(392945)]CRS-8500: Oracle Clusterware CSSDMONITOR process is starting with operating system process ID 392945
2024-12-05 16:15:30.234 [CSSDAGENT(392940)]CRS-8500: Oracle Clusterware CSSDAGENT process is starting with operating system process ID 392940
2024-12-05 16:15:30.241 [ORAAGENT(392934)]CRS-8500: Oracle Clusterware ORAAGENT process is starting with operating system process ID 392934
2024-12-05 16:15:30.789 [ORAAGENT(393033)]CRS-8500: Oracle Clusterware ORAAGENT process is starting with operating system process ID 393033
2024-12-05 16:15:31.016 [MDNSD(393057)]CRS-8500: Oracle Clusterware MDNSD process is starting with operating system process ID 393057
2024-12-05 16:15:31.016 [EVMD(393056)]CRS-8500: Oracle Clusterware EVMD process is starting with operating system process ID 393056
2024-12-05 16:15:32.031 [GPNPD(393104)]CRS-8500: Oracle Clusterware GPNPD process is starting with operating system process ID 393104
2024-12-05 16:15:32.927 [GPNPD(393104)]CRS-2328: GPNPD started on node hannvzdlrasvr02. 
2024-12-05 16:15:33.049 [GIPCD(393167)]CRS-8500: Oracle Clusterware GIPCD process is starting with operating system process ID 393167
2024-12-05 16:15:37.237 [OSYSMOND(393264)]CRS-8500: Oracle Clusterware OSYSMOND process is starting with operating system process ID 393264
2024-12-05 16:15:37.237 [CSSDMONITOR(393262)]CRS-8500: Oracle Clusterware CSSDMONITOR process is starting with operating system process ID 393262
2024-12-05 16:15:37.555 [CSSDAGENT(393296)]CRS-8500: Oracle Clusterware CSSDAGENT process is starting with operating system process ID 393296
2024-12-05 16:15:43.391 [OCSSD(393327)]CRS-8500: Oracle Clusterware OCSSD process is starting with operating system process ID 393327
2024-12-05 16:15:44.432 [OCSSD(393327)]CRS-1713: CSSD daemon is started in hub mode
2024-12-05 16:15:45.865 [OCSSD(393327)]CRS-1707: Lease acquisition for node hannvzdlrasvr02 number 2 completed
2024-12-05 16:15:46.948 [OCSSD(393327)]CRS-1621: The IPMI configuration data for this node stored in the Oracle registry is incomplete; details at (:CSSNK00002:) in /u01/app/oracle/diag/crs/hannvzdlrasvr02/crs/trace/ocssd.trc
2024-12-05 16:15:46.948 [OCSSD(393327)]CRS-1617: The information required to do node kill for node hannvzdlrasvr02 is incomplete; details at (:CSSNM00004:) in /u01/app/oracle/diag/crs/hannvzdlrasvr02/crs/trace/ocssd.trc
2024-12-05 16:15:46.983 [OCSSD(393327)]CRS-1605: CSSD voting file is online: o/10.9.27.33;10.9.27.34/CATALOG_CD_04_hannvzdlracel01; details in /u01/app/oracle/diag/crs/hannvzdlrasvr02/crs/trace/ocssd.trc.
2024-12-05 16:15:46.988 [OCSSD(393327)]CRS-1605: CSSD voting file is online: o/10.9.27.35;10.9.27.36/CATALOG_CD_03_hannvzdlracel02; details in /u01/app/oracle/diag/crs/hannvzdlrasvr02/crs/trace/ocssd.trc.
2024-12-05 16:15:46.993 [OCSSD(393327)]CRS-1605: CSSD voting file is online: o/10.9.27.49;10.9.27.50/CATALOG_CD_08_hannvzdlracel09; details in /u01/app/oracle/diag/crs/hannvzdlrasvr02/crs/trace/ocssd.trc.
2024-12-05 16:15:47.006 [OCSSD(393327)]CRS-1605: CSSD voting file is online: o/10.9.27.51;10.9.27.52/CATALOG_CD_03_hannvzdlracel10; details in /u01/app/oracle/diag/crs/hannvzdlrasvr02/crs/trace/ocssd.trc.
2024-12-05 16:15:47.012 [OCSSD(393327)]CRS-1605: CSSD voting file is online: o/10.9.27.53;10.9.27.54/CATALOG_CD_03_hannvzdlracel11; details in /u01/app/oracle/diag/crs/hannvzdlrasvr02/crs/trace/ocssd.trc.
2024-12-05 16:15:51.503 [OCSSD(393327)]CRS-1601: CSSD Reconfiguration complete. Active nodes are hannvzdlrasvr01 hannvzdlrasvr02 .
2024-12-05 16:15:52.575 [OCSSD(393327)]CRS-1720: Cluster Synchronization Services daemon (CSSD) is ready for operation.
2024-12-05 16:15:52.878 [OCTSSD(393655)]CRS-8500: Oracle Clusterware OCTSSD process is starting with operating system process ID 393655
2024-12-05 16:15:53.725 [OCTSSD(393655)]CRS-2403: The Cluster Time Synchronization Service on host hannvzdlrasvr02 is in observer mode.
2024-12-05 16:15:54.913 [OCTSSD(393655)]CRS-2407: The new Cluster Time Synchronization Service reference node is host hannvzdlrasvr01.
2024-12-05 16:15:54.914 [OCTSSD(393655)]CRS-2401: The Cluster Time Synchronization Service started on host hannvzdlrasvr02.
2024-12-05 16:16:21.936 [CRSD(394151)]CRS-8500: Oracle Clusterware CRSD process is starting with operating system process ID 394151
2024-12-05 16:16:22.755 [OLOGGERD(394166)]CRS-8500: Oracle Clusterware OLOGGERD process is starting with operating system process ID 394166
2024-12-05 16:16:24.180 [CRSD(394151)]CRS-1012: The OCR service started on node hannvzdlrasvr02.
2024-12-05 16:16:25.201 [CRSD(394151)]CRS-1201: CRSD started on node hannvzdlrasvr02.
2024-12-05 16:16:25.506 [ORAROOTAGENT(394249)]CRS-8500: Oracle Clusterware ORAROOTAGENT process is starting with operating system process ID 394249
2024-12-05 16:16:25.539 [ORAAGENT(394259)]CRS-8500: Oracle Clusterware ORAAGENT process is starting with operating system process ID 394259
2024-12-05 16:16:48.186 [CLSCFG(395831)]CRS-1811: Node hannvzdlrasvr02 patched to patch level 896413342.
2024-12-05 16:19:12.253 [OHASD(392312)]CRS-2791: Starting shutdown of Oracle High Availability Services-managed resources on 'hannvzdlrasvr02'
2024-12-05 16:19:12.266 [ORAROOTAGENT(394249)]CRS-5024: Unmounting file system "/raacfs/raadmin"
2024-12-05 16:19:12.269 [ORAROOTAGENT(394249)]CRS-5024: Unmounting file system "/osbcat"
2024-12-05 16:19:12.970 [ORAROOTAGENT(394249)]CRS-5025: File system "/raacfs/raadmin" unmounted
2024-12-05 16:19:12.973 [ORAROOTAGENT(394249)]CRS-5025: File system "/osbcat" unmounted
2024-12-05 16:19:26.644 [ORAROOTAGENT(394249)]CRS-5822: Agent '/u01/app/19.0.0.0/grid/bin/orarootagent_root' disconnected from server. Details at (:CRSAGF00117:) {0:1:4} in /u01/app/oracle/diag/crs/hannvzdlrasvr02/crs/trace/crsd_orarootagent_root.trc.
2024-12-05 16:19:29.308 [MDNSD(393057)]CRS-5602: mDNS service stopping by request.
2024-12-05 16:19:29.921 [MDNSD(393057)]CRS-8504: Oracle Clusterware MDNSD process with operating system process ID 393057 is exiting
2024-12-05 16:20:03.298 [OCTSSD(393655)]CRS-2405: The Cluster Time Synchronization Service on host hannvzdlrasvr02 is shutdown by user
2024-12-05 16:20:03.299 [OCTSSD(393655)]CRS-8504: Oracle Clusterware OCTSSD process with operating system process ID 393655 is exiting
2024-12-05 16:20:04.306 [OCSSD(393327)]CRS-1603: CSSD on node hannvzdlrasvr02 has been shut down.
2024-12-05 16:20:06.804 [ORAROOTAGENT(8008)]CRS-8500: Oracle Clusterware ORAROOTAGENT process is starting with operating system process ID 8008
2024-12-05 16:20:07.312 [GPNPD(393104)]CRS-2329: GPNPD on node hannvzdlrasvr02 shut down. 
2024-12-05 16:20:08.316 [OHASD(392312)]CRS-2793: Shutdown of Oracle High Availability Services-managed resources on 'hannvzdlrasvr02' has completed
2024-12-05 16:20:08.324 [ORAROOTAGENT(8008)]CRS-5822: Agent '/u01/app/19.0.0.0/grid/bin/orarootagent_root' disconnected from server. Details at (:CRSAGF00117:) {0:8:4} in /u01/app/oracle/diag/crs/hannvzdlrasvr02/crs/trace/ohasd_orarootagent_root.trc.
2024-12-05 16:29:08.836 [CLSECHO(31085)]ACFS-9155: Checking for existing 'oracleoks.ko' driver installation.
2024-12-05 16:29:08.890 [CLSECHO(31112)]ACFS-9312: Existing ADVM/ACFS installation detected.
2024-12-05 16:29:12.880 [CLSECHO(31396)]ACFS-9314: Removing previous ADVM/ACFS installation.
2024-12-05 16:29:16.846 [CLSECHO(31768)]ACFS-9315: Previous ADVM/ACFS components successfully removed.
2024-12-05 16:29:16.873 [CLSECHO(31783)]ACFS-9294: updating file /etc/sysconfig/oracledrivers.conf
2024-12-05 16:29:18.722 [CLSECHO(32772)]ACFS-9300: ADVM/ACFS distribution files found.
2024-12-05 16:29:18.914 [CLSECHO(32864)]ACFS-9314: Removing previous ADVM/ACFS installation.
2024-12-05 16:29:22.733 [CLSECHO(33145)]ACFS-9315: Previous ADVM/ACFS components successfully removed.
2024-12-05 16:29:22.757 [CLSECHO(33157)]ACFS-9294: updating file /etc/sysconfig/oracledrivers.conf
2024-12-05 16:29:22.807 [CLSECHO(33186)]ACFS-9307: Installing requested ADVM/ACFS software.
2024-12-05 16:29:22.823 [CLSECHO(33194)]ACFS-9503: ADVM and ACFS driver media location is '/u01/app/19.0.0.0/grid/usm/install/Oracle/EL8UEK/x86_64/5.4.17-2011.0.7/5.4.17-2011.0.7-x86_64/bin'
2024-12-05 16:29:23.716 [CLSECHO(33503)]ACFS-9294: updating file /etc/sysconfig/oracledrivers.conf
2024-12-05 16:29:23.746 [CLSECHO(33513)]ACFS-9308: Loading installed ADVM/ACFS drivers.
2024-12-05 16:29:23.763 [CLSECHO(33521)]ACFS-9321: Creating udev for ADVM/ACFS.
2024-12-05 16:29:23.779 [CLSECHO(33532)]ACFS-9323: Creating module dependencies - this may take some time.
2024-12-05 16:29:27.541 [CLSECHO(33999)]ACFS-9154: Loading 'oracleoks.ko' driver.
2024-12-05 16:29:27.747 [CLSECHO(34208)]ACFS-9154: Loading 'oracleadvm.ko' driver.
2024-12-05 16:29:28.073 [CLSECHO(34604)]ACFS-9154: Loading 'oracleacfs.ko' driver.
2024-12-05 16:29:28.819 [CLSECHO(34761)]ACFS-9327: Verifying ADVM/ACFS devices.
2024-12-05 16:29:28.884 [CLSECHO(34793)]ACFS-9156: Detecting control device '/dev/asm/.asm_ctl_spec'.
2024-12-05 16:29:28.922 [CLSECHO(34813)]ACFS-9156: Detecting control device '/dev/ofsctl'.
2024-12-05 16:29:30.919 [CLSECHO(35817)]ACFS-9309: ADVM/ACFS installation correctness verified.
2024-12-05 16:29:32.112 [CLSECHO(36234)]OKA-9294: updating file /etc/sysconfig/oracledrivers.conf
2024-12-05 16:29:32.618 [CLSCFG(36366)]CRS-1810: Node-specific configuration for node hannvzdlrasvr02 in Oracle Local Registry was patched to patch level 1402920100.
2024-12-05 16:29:36.982 [OHASD(36399)]CRS-8500: Oracle Clusterware OHASD process is starting with operating system process ID 36399
2024-12-05 16:29:37.021 [OHASD(36399)]CRS-0714: Oracle Clusterware Release 19.0.0.0.0.
2024-12-05 16:29:37.027 [OHASD(36399)]CRS-2112: The OLR service started on node hannvzdlrasvr02.
2024-12-05 16:29:37.122 [OHASD(36399)]CRS-1301: Oracle High Availability Service started on node hannvzdlrasvr02.
2024-12-05 16:29:37.122 [OHASD(36399)]CRS-8017: location: /etc/oracle/lastgasp has 2 reboot advisory log files, 0 were announced and 0 errors occurred
2024-12-05 16:29:37.395 [ORAROOTAGENT(36496)]CRS-8500: Oracle Clusterware ORAROOTAGENT process is starting with operating system process ID 36496
2024-12-05 16:29:37.453 [CSSDMONITOR(36517)]CRS-8500: Oracle Clusterware CSSDMONITOR process is starting with operating system process ID 36517
2024-12-05 16:29:37.453 [CSSDAGENT(36512)]CRS-8500: Oracle Clusterware CSSDAGENT process is starting with operating system process ID 36512
2024-12-05 16:29:37.462 [ORAAGENT(36506)]CRS-8500: Oracle Clusterware ORAAGENT process is starting with operating system process ID 36506
2024-12-05 16:29:37.959 [ORAAGENT(36600)]CRS-8500: Oracle Clusterware ORAAGENT process is starting with operating system process ID 36600
2024-12-05 16:29:38.183 [MDNSD(36623)]CRS-8500: Oracle Clusterware MDNSD process is starting with operating system process ID 36623
2024-12-05 16:29:38.183 [EVMD(36624)]CRS-8500: Oracle Clusterware EVMD process is starting with operating system process ID 36624
2024-12-05 16:29:39.199 [GPNPD(36667)]CRS-8500: Oracle Clusterware GPNPD process is starting with operating system process ID 36667
2024-12-05 16:29:40.096 [GPNPD(36667)]CRS-2328: GPNPD started on node hannvzdlrasvr02. 
2024-12-05 16:29:40.218 [GIPCD(36730)]CRS-8500: Oracle Clusterware GIPCD process is starting with operating system process ID 36730
2024-12-05 16:29:44.373 [OSYSMOND(36771)]CRS-8500: Oracle Clusterware OSYSMOND process is starting with operating system process ID 36771
2024-12-05 16:29:44.425 [CSSDMONITOR(36769)]CRS-8500: Oracle Clusterware CSSDMONITOR process is starting with operating system process ID 36769
2024-12-05 16:29:44.743 [CSSDAGENT(36803)]CRS-8500: Oracle Clusterware CSSDAGENT process is starting with operating system process ID 36803
2024-12-05 16:29:50.570 [OCSSD(36834)]CRS-8500: Oracle Clusterware OCSSD process is starting with operating system process ID 36834
2024-12-05 16:29:51.608 [OCSSD(36834)]CRS-1713: CSSD daemon is started in hub mode
2024-12-05 16:29:53.050 [OCSSD(36834)]CRS-1707: Lease acquisition for node hannvzdlrasvr02 number 2 completed
2024-12-05 16:29:54.128 [OCSSD(36834)]CRS-1621: The IPMI configuration data for this node stored in the Oracle registry is incomplete; details at (:CSSNK00002:) in /u01/app/oracle/diag/crs/hannvzdlrasvr02/crs/trace/ocssd.trc
2024-12-05 16:29:54.128 [OCSSD(36834)]CRS-1617: The information required to do node kill for node hannvzdlrasvr02 is incomplete; details at (:CSSNM00004:) in /u01/app/oracle/diag/crs/hannvzdlrasvr02/crs/trace/ocssd.trc
2024-12-05 16:29:54.163 [OCSSD(36834)]CRS-1605: CSSD voting file is online: o/10.9.27.33;10.9.27.34/CATALOG_CD_04_hannvzdlracel01; details in /u01/app/oracle/diag/crs/hannvzdlrasvr02/crs/trace/ocssd.trc.
2024-12-05 16:29:54.168 [OCSSD(36834)]CRS-1605: CSSD voting file is online: o/10.9.27.35;10.9.27.36/CATALOG_CD_03_hannvzdlracel02; details in /u01/app/oracle/diag/crs/hannvzdlrasvr02/crs/trace/ocssd.trc.
2024-12-05 16:29:54.173 [OCSSD(36834)]CRS-1605: CSSD voting file is online: o/10.9.27.49;10.9.27.50/CATALOG_CD_08_hannvzdlracel09; details in /u01/app/oracle/diag/crs/hannvzdlrasvr02/crs/trace/ocssd.trc.
2024-12-05 16:29:54.186 [OCSSD(36834)]CRS-1605: CSSD voting file is online: o/10.9.27.51;10.9.27.52/CATALOG_CD_03_hannvzdlracel10; details in /u01/app/oracle/diag/crs/hannvzdlrasvr02/crs/trace/ocssd.trc.
2024-12-05 16:29:54.191 [OCSSD(36834)]CRS-1605: CSSD voting file is online: o/10.9.27.53;10.9.27.54/CATALOG_CD_03_hannvzdlracel11; details in /u01/app/oracle/diag/crs/hannvzdlrasvr02/crs/trace/ocssd.trc.
2024-12-05 16:29:58.320 [OCSSD(36834)]CRS-1601: CSSD Reconfiguration complete. Active nodes are hannvzdlrasvr01 hannvzdlrasvr02 .
2024-12-05 16:30:00.071 [OCTSSD(37156)]CRS-8500: Oracle Clusterware OCTSSD process is starting with operating system process ID 37156
2024-12-05 16:30:00.391 [OCSSD(36834)]CRS-1720: Cluster Synchronization Services daemon (CSSD) is ready for operation.
2024-12-05 16:30:00.914 [OCTSSD(37156)]CRS-2403: The Cluster Time Synchronization Service on host hannvzdlrasvr02 is in observer mode.
2024-12-05 16:30:02.105 [OCTSSD(37156)]CRS-2407: The new Cluster Time Synchronization Service reference node is host hannvzdlrasvr01.
2024-12-05 16:30:02.106 [OCTSSD(37156)]CRS-2401: The Cluster Time Synchronization Service started on host hannvzdlrasvr02.
2024-12-05 16:30:31.732 [CRSD(38476)]CRS-8500: Oracle Clusterware CRSD process is starting with operating system process ID 38476
2024-12-05 16:30:33.993 [CRSD(38476)]CRS-1012: The OCR service started on node hannvzdlrasvr02.
2024-12-05 16:30:35.016 [CRSD(38476)]CRS-1201: CRSD started on node hannvzdlrasvr02.
2024-12-05 16:30:36.175 [ORAROOTAGENT(38557)]CRS-8500: Oracle Clusterware ORAROOTAGENT process is starting with operating system process ID 38557
2024-12-05 16:30:36.204 [ORAAGENT(38567)]CRS-8500: Oracle Clusterware ORAAGENT process is starting with operating system process ID 38567
2024-12-05 16:31:13.305 [CLSCFG(40008)]CRS-1811: Node hannvzdlrasvr02 patched to patch level 1402920100.
2024-12-05 16:53:32.248 [CLSECHO(122873)]AFD-0654: AFD is not supported on Exadata systems
2024-12-05 18:12:24.928 [CLSECHO(186023)]AFD-0654: AFD is not supported on Exadata systems
2024-12-05 22:25:11.415 [CLSECHO(219609)]AFD-0654: AFD is not supported on Exadata systems
2024-12-06 00:31:20.792 [CLSECHO(195353)]AFD-0654: AFD is not supported on Exadata systems
2024-12-06 00:39:12.690 [CLSECHO(230965)]AFD-0654: AFD is not supported on Exadata systems
2024-12-06 00:49:20.219 [OLOGGERD(269347)]CRS-8500: Oracle Clusterware OLOGGERD process is starting with operating system process ID 269347
2024-12-06 00:49:26.661 [CRSD(38476)]CRS-2878: Failed to restart resource 'ora.chad'
2024-12-06 00:49:26.662 [CRSD(38476)]CRS-2769: Unable to failover resource 'ora.chad'.
2024-12-06 05:10:34.721 [CRSD(38476)]CRS-2878: Failed to restart resource 'ora.chad'
2024-12-06 05:10:34.721 [CRSD(38476)]CRS-2769: Unable to failover resource 'ora.chad'.
2024-12-06 05:15:04.714 [CRSD(38476)]CRS-2757: Command 'Start' timed out waiting for response from the resource 'ora.qosmserver'. Details at (:CRSPE00221:) {1:36493:2} in /u01/app/oracle/diag/crs/hannvzdlrasvr02/crs/trace/crsd.trc.
2024-12-06 05:15:05.058 [CRSD(38476)]CRS-2878: Failed to restart resource 'ora.qosmserver'
2024-12-06 09:31:50.544 [CRSD(38476)]CRS-2878: Failed to restart resource 'ora.chad'
2024-12-06 09:31:50.545 [CRSD(38476)]CRS-2769: Unable to failover resource 'ora.chad'.
2024-12-06 13:52:58.640 [CRSD(38476)]CRS-2878: Failed to restart resource 'ora.chad'
2024-12-06 13:52:58.641 [CRSD(38476)]CRS-2769: Unable to failover resource 'ora.chad'.
2024-12-06T14:55:33.946136+07:00
ossnet_fail_defcon: Giving up on Cell 10.9.27.47 as retry limit (11) reached.
2024-12-06 15:22:28.592 [OCSSD(36834)]CRS-1649: An I/O error occurred for voting file: o/10.9.27.53;10.9.27.54/CATALOG_CD_03_hannvzdlracel11; details at (:CSSNM00059:) in /u01/app/oracle/diag/crs/hannvzdlrasvr02/crs/trace/ocssd.trc.
2024-12-06 15:22:44.262 [OCSSD(36834)]CRS-1605: CSSD voting file is online: o/10.9.27.37;10.9.27.38/CATALOG_CD_08_hannvzdlracel03; details in /u01/app/oracle/diag/crs/hannvzdlrasvr02/crs/trace/ocssd.trc.
2024-12-06 15:22:44.263 [OCSSD(36834)]CRS-1605: CSSD voting file is online: o/10.9.27.51;10.9.27.52/CATALOG_CD_04_hannvzdlracel10; details in /u01/app/oracle/diag/crs/hannvzdlrasvr02/crs/trace/ocssd.trc.
2024-12-06 15:22:44.263 [OCSSD(36834)]CRS-1605: CSSD voting file is online: o/10.9.27.35;10.9.27.36/CATALOG_CD_04_hannvzdlracel02; details in /u01/app/oracle/diag/crs/hannvzdlrasvr02/crs/trace/ocssd.trc.
2024-12-06 15:22:44.263 [OCSSD(36834)]CRS-1605: CSSD voting file is online: o/10.9.27.47;10.9.27.48/CATALOG_CD_03_hannvzdlracel08; details in /u01/app/oracle/diag/crs/hannvzdlrasvr02/crs/trace/ocssd.trc.
2024-12-06 15:22:44.266 [OCSSD(36834)]CRS-1626: A Configuration change request completed successfully
2024-12-06 15:22:44.274 [OCSSD(36834)]CRS-1601: CSSD Reconfiguration complete. Active nodes are hannvzdlrasvr01 hannvzdlrasvr02 .
2024-12-06T15:23:29.939231+07:00
ossnet_fail_defcon: Giving up on Cell 10.9.27.53 as retry limit (11) reached.
2024-12-06 15:28:57.567 [CLSECHO(245685)]AFD-0654: AFD is not supported on Exadata systems
2024-12-06T15:30:07.574923+07:00
ossnet_fail_defcon: Giving up on Cell 10.9.27.53 as retry limit (11) reached.
Cell o/10.9.27.53;10.9.27.54: could not connect during discovery
2024-12-06T15:30:29.702782+07:00
ossnet_fail_defcon: Giving up on Cell 10.9.27.53 as retry limit (11) reached.
Cell o/10.9.27.53;10.9.27.54: could not connect during discovery
2024-12-06 15:35:55.784 [CLSECHO(270581)]AFD-0654: AFD is not supported on Exadata systems
2024-12-06 15:36:11.924 [OCSSD(36834)]CRS-1605: CSSD voting file is online: o/10.9.27.53;10.9.27.54/CATALOG_CD_03_hannvzdlracel11; details in /u01/app/oracle/diag/crs/hannvzdlrasvr02/crs/trace/ocssd.trc.
2024-12-06 15:36:11.926 [OCSSD(36834)]CRS-1626: A Configuration change request completed successfully
2024-12-06 15:36:11.932 [OCSSD(36834)]CRS-1601: CSSD Reconfiguration complete. Active nodes are hannvzdlrasvr01 hannvzdlrasvr02 .
2024-12-06 15:50:43.383 [OCSSD(36834)]CRS-1605: CSSD voting file is online: o/10.9.27.47;10.9.27.48/CATALOG_CD_03_hannvzdlracel08; details in /u01/app/oracle/diag/crs/hannvzdlrasvr02/crs/trace/ocssd.trc.
2024-12-06 15:50:43.385 [OCSSD(36834)]CRS-1626: A Configuration change request completed successfully
2024-12-06 15:50:43.393 [OCSSD(36834)]CRS-1601: CSSD Reconfiguration complete. Active nodes are hannvzdlrasvr01 hannvzdlrasvr02 .
2024-12-06T15:51:34.651999+07:00
ossnet_fail_defcon: Giving up on Cell 10.9.27.37 as retry limit (11) reached.
2024-12-06 15:57:45.214 [CLSECHO(341650)]AFD-0654: AFD is not supported on Exadata systems
2024-12-06 16:04:51.969 [OCSSD(36834)]CRS-1605: CSSD voting file is online: o/10.9.27.37;10.9.27.38/CATALOG_CD_08_hannvzdlracel03; details in /u01/app/oracle/diag/crs/hannvzdlrasvr02/crs/trace/ocssd.trc.
2024-12-06 16:04:51.972 [OCSSD(36834)]CRS-1626: A Configuration change request completed successfully
2024-12-06 16:04:51.979 [OCSSD(36834)]CRS-1601: CSSD Reconfiguration complete. Active nodes are hannvzdlrasvr01 hannvzdlrasvr02 .
2024-12-06 16:26:19.031 [CLSECHO(31963)]AFD-0654: AFD is not supported on Exadata systems
2024-12-06T16:30:07.573636+07:00
ossnet_fail_defcon: Giving up on Cell 10.9.27.43 as retry limit (11) reached.
Cell o/10.9.27.43;10.9.27.44: could not connect during discovery
2024-12-06T16:30:29.697447+07:00
ossnet_fail_defcon: Giving up on Cell 10.9.27.43 as retry limit (11) reached.
Cell o/10.9.27.43;10.9.27.44: could not connect during discovery
2024-12-06T16:47:40.332745+07:00
ossnet_fail_defcon: Giving up on Cell 10.9.27.49 as retry limit (11) reached.
2024-12-06 17:12:11.640 [OCSSD(36834)]CRS-1649: An I/O error occurred for voting file: o/10.9.27.33;10.9.27.34/CATALOG_CD_04_hannvzdlracel01; details at (:CSSNM00059:) in /u01/app/oracle/diag/crs/hannvzdlrasvr02/crs/trace/ocssd.trc.
2024-12-06 17:12:37.876 [OCSSD(36834)]CRS-1605: CSSD voting file is online: o/10.9.27.47;10.9.27.48/CATALOG_CD_04_hannvzdlracel08; details in /u01/app/oracle/diag/crs/hannvzdlrasvr02/crs/trace/ocssd.trc.
2024-12-06 17:12:37.876 [OCSSD(36834)]CRS-1605: CSSD voting file is online: o/10.9.27.49;10.9.27.50/CATALOG_CD_03_hannvzdlracel09; details in /u01/app/oracle/diag/crs/hannvzdlrasvr02/crs/trace/ocssd.trc.
2024-12-06 17:12:37.876 [OCSSD(36834)]CRS-1605: CSSD voting file is online: o/10.9.27.53;10.9.27.54/CATALOG_CD_04_hannvzdlracel11; details in /u01/app/oracle/diag/crs/hannvzdlrasvr02/crs/trace/ocssd.trc.
2024-12-06 17:12:37.876 [OCSSD(36834)]CRS-1605: CSSD voting file is online: o/10.9.27.39;10.9.27.40/CATALOG_CD_11_hannvzdlracel04; details in /u01/app/oracle/diag/crs/hannvzdlrasvr02/crs/trace/ocssd.trc.
2024-12-06 17:12:37.876 [OCSSD(36834)]CRS-1604: CSSD voting file is offline: o/10.9.27.37;10.9.27.38/CATALOG_CD_08_hannvzdlracel03; details at (:CSSNM00069:) in /u01/app/oracle/diag/crs/hannvzdlrasvr02/crs/trace/ocssd.trc.
2024-12-06 17:12:37.877 [OCSSD(36834)]CRS-1604: CSSD voting file is offline: o/10.9.27.53;10.9.27.54/CATALOG_CD_03_hannvzdlracel11; details at (:CSSNM00069:) in /u01/app/oracle/diag/crs/hannvzdlrasvr02/crs/trace/ocssd.trc.
2024-12-06 17:12:37.877 [OCSSD(36834)]CRS-1604: CSSD voting file is offline: o/10.9.27.35;10.9.27.36/CATALOG_CD_04_hannvzdlracel02; details at (:CSSNM00069:) in /u01/app/oracle/diag/crs/hannvzdlrasvr02/crs/trace/ocssd.trc.
2024-12-06 17:12:37.882 [OCSSD(36834)]CRS-1626: A Configuration change request completed successfully
2024-12-06 17:12:37.888 [OCSSD(36834)]CRS-1601: CSSD Reconfiguration complete. Active nodes are hannvzdlrasvr01 hannvzdlrasvr02 .
2024-12-06T17:13:22.573430+07:00
ossnet_fail_defcon: Giving up on Cell 10.9.27.33 as retry limit (11) reached.
2024-12-06 17:26:24.177 [OCSSD(36834)]CRS-1605: CSSD voting file is online: o/10.9.27.33;10.9.27.34/CATALOG_CD_04_hannvzdlracel01; details in /u01/app/oracle/diag/crs/hannvzdlrasvr02/crs/trace/ocssd.trc.
2024-12-06 17:26:24.177 [OCSSD(36834)]CRS-1604: CSSD voting file is offline: o/10.9.27.39;10.9.27.40/CATALOG_CD_11_hannvzdlracel04; details at (:CSSNM00069:) in /u01/app/oracle/diag/crs/hannvzdlrasvr02/crs/trace/ocssd.trc.
2024-12-06 17:26:24.180 [OCSSD(36834)]CRS-1626: A Configuration change request completed successfully
2024-12-06 17:26:24.186 [OCSSD(36834)]CRS-1601: CSSD Reconfiguration complete. Active nodes are hannvzdlrasvr01 hannvzdlrasvr02 .
2024-12-06T17:36:40.762982+07:00
ossnet_fail_defcon: Giving up on Cell 10.9.27.39 as retry limit (11) reached.
2024-12-06 17:42:27.731 [CLSECHO(264719)]AFD-0654: AFD is not supported on Exadata systems
2024-12-06T17:59:14.360657+07:00
ossnet_fail_defcon: Giving up on Cell 10.9.27.45 as retry limit (11) reached.
2024-12-06 18:05:01.509 [CLSECHO(335191)]AFD-0654: AFD is not supported on Exadata systems
2024-12-06 18:12:34.448 [OHASD(36399)]CRS-7503: The Oracle Grid Infrastructure process 'ohasd' observed communication issues between node 'hannvzdlrasvr02' and node 'hannvzdlrasvr01', interface list of local node 'hannvzdlrasvr02' is '10.9.27.31:40367;10.9.27.32:45075;', interface list of remote node 'hannvzdlrasvr01' is '10.9.27.30:52463;10.9.27.29:23868;'.
2024-12-06 18:14:06.847 [CRSD(38476)]CRS-2878: Failed to restart resource 'ora.chad'
2024-12-06 18:14:06.847 [CRSD(38476)]CRS-2769: Unable to failover resource 'ora.chad'.
2024-12-06 18:21:10.938 [OCSSD(36834)]CRS-1649: An I/O error occurred for voting file: o/10.9.27.51;10.9.27.52/CATALOG_CD_04_hannvzdlracel10; details at (:CSSNM00060:) in /u01/app/oracle/diag/crs/hannvzdlrasvr02/crs/trace/ocssd.trc.
2024-12-06 18:21:36.220 [OCSSD(36834)]CRS-1605: CSSD voting file is online: o/10.9.27.35;10.9.27.36/CATALOG_CD_04_hannvzdlracel02; details in /u01/app/oracle/diag/crs/hannvzdlrasvr02/crs/trace/ocssd.trc.
2024-12-06 18:21:36.220 [OCSSD(36834)]CRS-1605: CSSD voting file is online: o/10.9.27.49;10.9.27.50/CATALOG_CD_04_hannvzdlracel09; details in /u01/app/oracle/diag/crs/hannvzdlrasvr02/crs/trace/ocssd.trc.
2024-12-06 18:21:36.220 [OCSSD(36834)]CRS-1605: CSSD voting file is online: o/10.9.27.47;10.9.27.48/CATALOG_CD_03_hannvzdlracel08; details in /u01/app/oracle/diag/crs/hannvzdlrasvr02/crs/trace/ocssd.trc.
2024-12-06 18:21:36.220 [OCSSD(36834)]CRS-1604: CSSD voting file is offline: o/10.9.27.47;10.9.27.48/CATALOG_CD_04_hannvzdlracel08; details at (:CSSNM00069:) in /u01/app/oracle/diag/crs/hannvzdlrasvr02/crs/trace/ocssd.trc.
2024-12-06 18:21:36.221 [OCSSD(36834)]CRS-1604: CSSD voting file is offline: o/10.9.27.49;10.9.27.50/CATALOG_CD_03_hannvzdlracel09; details at (:CSSNM00069:) in /u01/app/oracle/diag/crs/hannvzdlrasvr02/crs/trace/ocssd.trc.
2024-12-06 18:21:36.223 [OCSSD(36834)]CRS-1626: A Configuration change request completed successfully
2024-12-06 18:21:36.229 [OCSSD(36834)]CRS-1601: CSSD Reconfiguration complete. Active nodes are hannvzdlrasvr01 hannvzdlrasvr02 .
2024-12-06T18:22:22.508241+07:00
ossnet_fail_defcon: Giving up on Cell 10.9.27.51 as retry limit (11) reached.
2024-12-06 18:28:13.018 [CLSECHO(10616)]AFD-0654: AFD is not supported on Exadata systems
2024-12-06T18:30:08.626155+07:00
ossnet_fail_defcon: Giving up on Cell 10.9.27.51 as retry limit (11) reached.
Cell o/10.9.27.51;10.9.27.52: could not connect during discovery
2024-12-06T18:30:32.854908+07:00
ossnet_fail_defcon: Giving up on Cell 10.9.27.51 as retry limit (11) reached.
Cell o/10.9.27.51;10.9.27.52: could not connect during discovery
2024-12-06 18:35:29.824 [OCSSD(36834)]CRS-1605: CSSD voting file is online: o/10.9.27.51;10.9.27.52/CATALOG_CD_04_hannvzdlracel10; details in /u01/app/oracle/diag/crs/hannvzdlrasvr02/crs/trace/ocssd.trc.
2024-12-06 18:35:29.824 [OCSSD(36834)]CRS-1604: CSSD voting file is offline: o/10.9.27.47;10.9.27.48/CATALOG_CD_03_hannvzdlracel08; details at (:CSSNM00069:) in /u01/app/oracle/diag/crs/hannvzdlrasvr02/crs/trace/ocssd.trc.
2024-12-06 18:35:29.826 [OCSSD(36834)]CRS-1626: A Configuration change request completed successfully
2024-12-06 18:35:29.832 [OCSSD(36834)]CRS-1601: CSSD Reconfiguration complete. Active nodes are hannvzdlrasvr01 hannvzdlrasvr02 .
2024-12-06 18:43:20.393 [OCSSD(36834)]CRS-1649: An I/O error occurred for voting file: o/10.9.27.35;10.9.27.36/CATALOG_CD_04_hannvzdlracel02; details at (:CSSNM00059:) in /u01/app/oracle/diag/crs/hannvzdlrasvr02/crs/trace/ocssd.trc.
2024-12-06 18:43:21.837 [OCSSD(36834)]CRS-1605: CSSD voting file is online: o/10.9.27.47;10.9.27.48/CATALOG_CD_03_hannvzdlracel08; details in /u01/app/oracle/diag/crs/hannvzdlrasvr02/crs/trace/ocssd.trc.
2024-12-06 18:43:21.839 [OCSSD(36834)]CRS-1626: A Configuration change request completed successfully
2024-12-06 18:43:21.846 [OCSSD(36834)]CRS-1601: CSSD Reconfiguration complete. Active nodes are hannvzdlrasvr01 hannvzdlrasvr02 .
2024-12-06T18:44:19.362818+07:00
ossnet_fail_defcon: Giving up on Cell 10.9.27.35 as retry limit (11) reached.
2024-12-06 18:57:22.459 [OCSSD(36834)]CRS-1605: CSSD voting file is online: o/10.9.27.35;10.9.27.36/CATALOG_CD_04_hannvzdlracel02; details in /u01/app/oracle/diag/crs/hannvzdlrasvr02/crs/trace/ocssd.trc.
2024-12-06 18:57:22.459 [OCSSD(36834)]CRS-1604: CSSD voting file is offline: o/10.9.27.47;10.9.27.48/CATALOG_CD_03_hannvzdlracel08; details at (:CSSNM00069:) in /u01/app/oracle/diag/crs/hannvzdlrasvr02/crs/trace/ocssd.trc.
2024-12-06 18:57:22.462 [OCSSD(36834)]CRS-1626: A Configuration change request completed successfully
2024-12-06 18:57:22.468 [OCSSD(36834)]CRS-1601: CSSD Reconfiguration complete. Active nodes are hannvzdlrasvr01 hannvzdlrasvr02 .
2024-12-06T19:06:18.238286+07:00
ossnet_fail_defcon: Giving up on Cell 10.9.27.41 as retry limit (11) reached.
2024-12-06 23:05:09.854 [CLSECHO(39165)]AFD-0654: AFD is not supported on Exadata systems
2024-12-07 01:08:26.436 [CLSECHO(118598)]AFD-0654: AFD is not supported on Exadata systems
2024-12-07 02:33:42.740 [OHASD(36399)]CRS-7503: The Oracle Grid Infrastructure process 'ohasd' observed communication issues between node 'hannvzdlrasvr02' and node 'hannvzdlrasvr01', interface list of local node 'hannvzdlrasvr02' is '10.9.27.31:40367;10.9.27.32:45075;', interface list of remote node 'hannvzdlrasvr01' is '10.9.27.30:29718;10.9.27.29:33504;'.
2024-12-07 02:34:45.235 [CRSD(38476)]CRS-2771: Maximum restart attempts reached for resource 'ora.chad'; will not restart.
2024-12-07 02:34:45.236 [CRSD(38476)]CRS-2769: Unable to failover resource 'ora.chad'.
2024-12-07 02:40:39.596 [CLSECHO(58222)]AFD-0654: AFD is not supported on Exadata systems
2024-12-07 10:43:52.698 [CLSECHO(386146)]AFD-0654: AFD is not supported on Exadata systems
2024-12-07 10:44:28.462 [OCTSSD(37156)]CRS-2407: The new Cluster Time Synchronization Service reference node is host hannvzdlrasvr02.
2024-12-07 10:44:31.607 [OCSSD(36834)]CRS-1625: Node hannvzdlrasvr01, number 1, was shut down
2024-12-07 10:44:31.621 [CRSD(38476)]CRS-5504: Node down event reported for node 'hannvzdlrasvr01'.
2024-12-07 10:44:31.623 [CRSD(38476)]CRS-2773: Server 'hannvzdlrasvr01' has been removed from pool 'Generic'.
2024-12-07 10:44:31.623 [CRSD(38476)]CRS-2773: Server 'hannvzdlrasvr01' has been removed from pool 'ora.zdlradb'.
2024-12-07 10:44:31.618 [OCSSD(36834)]CRS-1601: CSSD Reconfiguration complete. Active nodes are hannvzdlrasvr02 .
2024-12-07 10:45:20.528 [CVUD(385574)]CRS-10051: CVU found following errors with Clusterware setup : PRVF-5302 : Failed to execute the exectask command on node "hannvzdlrasvr01" 
/u01/app/19.0.0.0/grid/bin/crsctl check css
PRVG-2043 : Command "/u01/app/19.0.0.0/grid/bin/crsctl check css " failed on node "hannvzdlrasvr01" and produced the following output:
CRS-4639: Could not contact Oracle High Availability Services
CRS-4000: Command Check failed, or completed with errors.

PRVG-6017 : OCR backup is located in the same disk group "+CATALOG" as OCR.
PRVG-6056 : Insufficient ASM instances found.  Expected 2 but found 1, on nodes "hannvzdlrasvr02".
PRVG-6056 : Insufficient ASM instances found.  Expected 2 but found 1, on nodes "hannvzdlrasvr02".
PRVF-4759 : 'lsnodes' execution failed on the node

2024-12-07 10:45:20.528 [CVUD(385574)]CRS-10051: CVU found following errors with Clusterware setup : PRVG-13690 : The state of Oracle Clusterware is not ONLINE on node "hannvzdlrasvr01". [Found state = "OFFLINE"]
PRVG-13620 : Node application "ora.hannvzdlrasvr01.vip" is offline on node "hannvzdlrasvr01".
PRVF-4556 : Failed to check existence of node application "ora.net1.network" on node "hannvzdlrasvr01"
PRVG-2043 : Command "/u01/app/19.0.0.0/grid/bin/crsctl stat resource ora.ctssd -init " failed on node "hannvzdlrasvr01" and produced the following output:
CRS-4639: Could not contact Oracle High Availability Services
CRS-4000: Command Status failed, or completed with errors.


2024-12-07 11:09:57.777 [OCSSD(36834)]CRS-1601: CSSD Reconfiguration complete. Active nodes are hannvzdlrasvr01 hannvzdlrasvr02 .
2024-12-07 11:10:43.269 [CRSD(38476)]CRS-2772: Server 'hannvzdlrasvr01' has been assigned to pool 'Generic'.
2024-12-07 11:10:43.269 [CRSD(38476)]CRS-2772: Server 'hannvzdlrasvr01' has been assigned to pool 'ora.zdlradb'.
2024-12-07 11:20:08.701 [OHASD(36399)]CRS-2791: Starting shutdown of Oracle High Availability Services-managed resources on 'hannvzdlrasvr02'
2024-12-07 11:20:08.711 [ORAROOTAGENT(38557)]CRS-5024: Unmounting file system "/raacfs/raadmin"
2024-12-07 11:20:08.714 [ORAROOTAGENT(38557)]CRS-5024: Unmounting file system "/osbcat"
2024-12-07 11:20:09.316 [ORAROOTAGENT(38557)]CRS-5025: File system "/raacfs/raadmin" unmounted
2024-12-07 11:20:09.318 [ORAROOTAGENT(38557)]CRS-5025: File system "/osbcat" unmounted
2024-12-07 11:20:27.115 [ORAROOTAGENT(38557)]CRS-5822: Agent '/u01/app/19.0.0.0/grid/bin/orarootagent_root' disconnected from server. Details at (:CRSAGF00117:) {0:1:9} in /u01/app/oracle/diag/crs/hannvzdlrasvr02/crs/trace/crsd_orarootagent_root.trc.
2024-12-07 11:20:29.880 [MDNSD(36623)]CRS-5602: mDNS service stopping by request.
2024-12-07 11:20:30.491 [MDNSD(36623)]CRS-8504: Oracle Clusterware MDNSD process with operating system process ID 36623 is exiting
2024-12-07 11:21:13.304 [OCTSSD(37156)]CRS-2405: The Cluster Time Synchronization Service on host hannvzdlrasvr02 is shutdown by user
2024-12-07 11:21:13.304 [OCTSSD(37156)]CRS-8504: Oracle Clusterware OCTSSD process with operating system process ID 37156 is exiting
2024-12-07 11:21:14.313 [OCSSD(36834)]CRS-1603: CSSD on node hannvzdlrasvr02 has been shut down.
2024-12-07 11:21:16.816 [ORAROOTAGENT(209670)]CRS-8500: Oracle Clusterware ORAROOTAGENT process is starting with operating system process ID 209670
2024-12-07 11:21:17.318 [GPNPD(36667)]CRS-2329: GPNPD on node hannvzdlrasvr02 shut down. 
2024-12-07 11:21:18.325 [OHASD(36399)]CRS-2793: Shutdown of Oracle High Availability Services-managed resources on 'hannvzdlrasvr02' has completed
2024-12-07 11:21:18.335 [ORAROOTAGENT(209670)]CRS-5822: Agent '/u01/app/19.0.0.0/grid/bin/orarootagent_root' disconnected from server. Details at (:CRSAGF00117:) {0:8:4} in /u01/app/oracle/diag/crs/hannvzdlrasvr02/crs/trace/ohasd_orarootagent_root.trc.
2024-12-07 11:21:18.335 [ORAAGENT(36600)]CRS-5822: Agent '/u01/app/19.0.0.0/grid/bin/oraagent_oracle' disconnected from server. Details at (:CRSAGF00117:) {0:5:14} in /u01/app/oracle/diag/crs/hannvzdlrasvr02/crs/trace/ohasd_oraagent_oracle.trc.
2024-12-07 11:26:18.760 [CRSCTL(357058)]CRS-1013: The OCR location in an ASM disk group is inaccessible. Details in /u01/app/oracle/diag/crs/hannvzdlrasvr02/crs/trace/crsctl_357058.trc.
2024-12-07 11:26:28.398 [CRSCTL(359448)]CRS-1013: The OCR location in an ASM disk group is inaccessible. Details in /u01/app/oracle/diag/crs/hannvzdlrasvr02/crs/trace/crsctl_359448.trc.
2024-12-07 11:26:37.333 [OCRCONFIG(360299)]CRS-1013: The OCR location in an ASM disk group is inaccessible. Details in /u01/app/oracle/diag/crs/hannvzdlrasvr02/crs/trace/ocrconfig_360299.trc.
2024-12-07 11:26:50.864 [OCRDUMP(367977)]CRS-1013: The OCR location in an ASM disk group is inaccessible. Details in /u01/app/oracle/diag/crs/hannvzdlrasvr02/crs/trace/ocrdump_367977.trc.
2024-12-07 11:27:00.296 [CRSCTL(373831)]CRS-1013: The OCR location in an ASM disk group is inaccessible. Details in /u01/app/oracle/diag/crs/hannvzdlrasvr02/crs/trace/crsctl_373831.trc.
2024-12-07 11:27:09.338 [CRSCTL(374164)]CRS-1013: The OCR location in an ASM disk group is inaccessible. Details in /u01/app/oracle/diag/crs/hannvzdlrasvr02/crs/trace/crsctl_374164.trc.
2024-12-07 11:27:18.604 [CRSCTL(386957)]CRS-1013: The OCR location in an ASM disk group is inaccessible. Details in /u01/app/oracle/diag/crs/hannvzdlrasvr02/crs/trace/crsctl_386957.trc.
2024-12-07 11:37:00.216 [CLSECHO(131386)]CLSRSC-0567: Beginning Oracle Grid Infrastructure configuration.
2024-12-07 11:37:09.455 [CLSECHO(132771)]ACFS-9300: ADVM/ACFS distribution files found.
2024-12-07 11:37:09.625 [CLSECHO(132862)]ACFS-9314: Removing previous ADVM/ACFS installation.
2024-12-07 11:37:11.732 [CLSECHO(133016)]ACFS-9315: Previous ADVM/ACFS components successfully removed.
2024-12-07 11:37:11.758 [CLSECHO(133030)]ACFS-9294: updating file /etc/sysconfig/oracledrivers.conf
2024-12-07 11:37:11.809 [CLSECHO(133058)]ACFS-9307: Installing requested ADVM/ACFS software.
2024-12-07 11:37:11.824 [CLSECHO(133066)]ACFS-9503: ADVM and ACFS driver media location is '/u01/app/19.0.0.0/grid/usm/install/Oracle/EL8UEK/x86_64/5.4.17-2136.327.1/5.4.17-2136.327.1-x86_64/bin'
2024-12-07 11:37:12.684 [CLSECHO(133369)]ACFS-9294: updating file /etc/sysconfig/oracledrivers.conf
2024-12-07 11:37:12.703 [CLSECHO(133379)]ACFS-9308: Loading installed ADVM/ACFS drivers.
2024-12-07 11:37:12.718 [CLSECHO(133387)]ACFS-9321: Creating udev for ADVM/ACFS.
2024-12-07 11:37:12.734 [CLSECHO(133395)]ACFS-9323: Creating module dependencies - this may take some time.
2024-12-07 11:37:14.707 [CLSECHO(133668)]ACFS-9154: Loading 'oracleoks.ko' driver.
2024-12-07 11:37:14.901 [CLSECHO(133697)]ACFS-9154: Loading 'oracleadvm.ko' driver.
2024-12-07 11:37:15.220 [CLSECHO(133877)]ACFS-9154: Loading 'oracleacfs.ko' driver.
2024-12-07 11:37:15.970 [CLSECHO(134030)]ACFS-9327: Verifying ADVM/ACFS devices.
2024-12-07 11:37:16.039 [CLSECHO(134065)]ACFS-9156: Detecting control device '/dev/asm/.asm_ctl_spec'.
2024-12-07 11:37:16.080 [CLSECHO(134085)]ACFS-9156: Detecting control device '/dev/ofsctl'.
2024-12-07 11:37:18.012 [CLSECHO(135137)]ACFS-9309: ADVM/ACFS installation correctness verified.
2024-12-07 11:37:18.417 [CLSECHO(135313)]OKA-9294: updating file /etc/sysconfig/oracledrivers.conf
2024-12-07 11:37:20.811 [OHASD(135411)]CRS-8500: Oracle Clusterware OHASD process is starting with operating system process ID 135411
2024-12-07 11:37:20.850 [OHASD(135411)]CRS-0714: Oracle Clusterware Release 19.0.0.0.0.
2024-12-07 11:37:20.856 [OHASD(135411)]CRS-2112: The OLR service started on node hannvzdlrasvr02.
2024-12-07 11:37:20.944 [OHASD(135411)]CRS-1301: Oracle High Availability Service started on node hannvzdlrasvr02.
2024-12-07 11:37:20.945 [OHASD(135411)]CRS-8017: location: /etc/oracle/lastgasp has 2 reboot advisory log files, 0 were announced and 0 errors occurred
2024-12-07 11:37:21.314 [ORAROOTAGENT(135567)]CRS-8500: Oracle Clusterware ORAROOTAGENT process is starting with operating system process ID 135567
2024-12-07 11:37:21.330 [ORAAGENT(135578)]CRS-8500: Oracle Clusterware ORAAGENT process is starting with operating system process ID 135578
2024-12-07 11:37:21.345 [CSSDMONITOR(135589)]CRS-8500: Oracle Clusterware CSSDMONITOR process is starting with operating system process ID 135589
2024-12-07 11:37:21.345 [CSSDAGENT(135585)]CRS-8500: Oracle Clusterware CSSDAGENT process is starting with operating system process ID 135585
2024-12-07 11:37:21.876 [ORAAGENT(135728)]CRS-8500: Oracle Clusterware ORAAGENT process is starting with operating system process ID 135728
2024-12-07 11:37:22.098 [MDNSD(135752)]CRS-8500: Oracle Clusterware MDNSD process is starting with operating system process ID 135752
2024-12-07 11:37:22.100 [EVMD(135750)]CRS-8500: Oracle Clusterware EVMD process is starting with operating system process ID 135750
2024-12-07 11:37:23.115 [GPNPD(135792)]CRS-8500: Oracle Clusterware GPNPD process is starting with operating system process ID 135792
2024-12-07 11:37:24.010 [GPNPD(135792)]CRS-2328: GPNPD started on node hannvzdlrasvr02. 
2024-12-07 11:37:24.132 [GIPCD(135888)]CRS-8500: Oracle Clusterware GIPCD process is starting with operating system process ID 135888
2024-12-07 11:37:28.055 [OSYSMOND(136256)]CRS-8500: Oracle Clusterware OSYSMOND process is starting with operating system process ID 136256
2024-12-07 11:37:28.053 [CSSDMONITOR(136254)]CRS-8500: Oracle Clusterware CSSDMONITOR process is starting with operating system process ID 136254
2024-12-07 11:37:28.370 [CSSDAGENT(136288)]CRS-8500: Oracle Clusterware CSSDAGENT process is starting with operating system process ID 136288
2024-12-07 11:37:34.200 [OCSSD(136319)]CRS-8500: Oracle Clusterware OCSSD process is starting with operating system process ID 136319
2024-12-07 11:37:35.239 [OCSSD(136319)]CRS-1713: CSSD daemon is started in hub mode
2024-12-07 11:37:36.790 [OCSSD(136319)]CRS-1707: Lease acquisition for node hannvzdlrasvr02 number 2 completed
2024-12-07 11:37:37.880 [OCSSD(136319)]CRS-1621: The IPMI configuration data for this node stored in the Oracle registry is incomplete; details at (:CSSNK00002:) in /u01/app/oracle/diag/crs/hannvzdlrasvr02/crs/trace/ocssd.trc
2024-12-07 11:37:37.880 [OCSSD(136319)]CRS-1617: The information required to do node kill for node hannvzdlrasvr02 is incomplete; details at (:CSSNM00004:) in /u01/app/oracle/diag/crs/hannvzdlrasvr02/crs/trace/ocssd.trc
2024-12-07 11:37:37.919 [OCSSD(136319)]CRS-1605: CSSD voting file is online: o/10.9.27.33;10.9.27.34/CATALOG_CD_04_hannvzdlracel01; details in /u01/app/oracle/diag/crs/hannvzdlrasvr02/crs/trace/ocssd.trc.
2024-12-07 11:37:37.923 [OCSSD(136319)]CRS-1605: CSSD voting file is online: o/10.9.27.35;10.9.27.36/CATALOG_CD_04_hannvzdlracel02; details in /u01/app/oracle/diag/crs/hannvzdlrasvr02/crs/trace/ocssd.trc.
2024-12-07 11:37:37.936 [OCSSD(136319)]CRS-1605: CSSD voting file is online: o/10.9.27.49;10.9.27.50/CATALOG_CD_04_hannvzdlracel09; details in /u01/app/oracle/diag/crs/hannvzdlrasvr02/crs/trace/ocssd.trc.
2024-12-07 11:37:37.941 [OCSSD(136319)]CRS-1605: CSSD voting file is online: o/10.9.27.51;10.9.27.52/CATALOG_CD_04_hannvzdlracel10; details in /u01/app/oracle/diag/crs/hannvzdlrasvr02/crs/trace/ocssd.trc.
2024-12-07 11:37:37.946 [OCSSD(136319)]CRS-1605: CSSD voting file is online: o/10.9.27.53;10.9.27.54/CATALOG_CD_04_hannvzdlracel11; details in /u01/app/oracle/diag/crs/hannvzdlrasvr02/crs/trace/ocssd.trc.
2024-12-07 11:37:43.000 [OCSSD(136319)]CRS-1601: CSSD Reconfiguration complete. Active nodes are hannvzdlrasvr01 hannvzdlrasvr02 .
2024-12-07 11:37:44.067 [OCSSD(136319)]CRS-1720: Cluster Synchronization Services daemon (CSSD) is ready for operation.
2024-12-07 11:37:44.691 [OCTSSD(137818)]CRS-8500: Oracle Clusterware OCTSSD process is starting with operating system process ID 137818
2024-12-07 11:37:45.537 [OCTSSD(137818)]CRS-2403: The Cluster Time Synchronization Service on host hannvzdlrasvr02 is in observer mode.
2024-12-07 11:37:46.720 [OCTSSD(137818)]CRS-2407: The new Cluster Time Synchronization Service reference node is host hannvzdlrasvr01.
2024-12-07 11:37:46.720 [OCTSSD(137818)]CRS-2401: The Cluster Time Synchronization Service started on host hannvzdlrasvr02.
2024-12-07 11:38:12.078 [CRSD(143277)]CRS-8500: Oracle Clusterware CRSD process is starting with operating system process ID 143277
2024-12-07 11:38:14.341 [CRSD(143277)]CRS-1012: The OCR service started on node hannvzdlrasvr02.
2024-12-07 11:38:14.366 [CRSD(143277)]CRS-1201: CRSD started on node hannvzdlrasvr02.
2024-12-07 11:38:14.673 [ORAROOTAGENT(143488)]CRS-8500: Oracle Clusterware ORAROOTAGENT process is starting with operating system process ID 143488
2024-12-07 11:38:14.702 [ORAAGENT(143498)]CRS-8500: Oracle Clusterware ORAAGENT process is starting with operating system process ID 143498
2024-12-07 11:45:27.244 [CLSECHO(239002)]AFD-0654: AFD is not supported on Exadata systems
2024-12-07 11:57:07.022 [CLSECHO(329325)]AFD-0654: AFD is not supported on Exadata systems
2024-12-07 12:05:01.810 [ORAROOTAGENT(143488)]CRS-5024: Unmounting file system "/raacfs/raadmin"
2024-12-07 12:05:01.813 [ORAROOTAGENT(143488)]CRS-5024: Unmounting file system "/osbcat"
2024-12-07 12:05:02.114 [ORAROOTAGENT(143488)]CRS-5025: File system "/raacfs/raadmin" unmounted
2024-12-07 12:05:02.115 [ORAROOTAGENT(143488)]CRS-5025: File system "/osbcat" unmounted
2024-12-07 12:05:20.736 [ORAROOTAGENT(143488)]CRS-5822: Agent '/u01/app/19.0.0.0/grid/bin/orarootagent_root' disconnected from server. Details at (:CRSAGF00117:) {0:1:7} in /u01/app/oracle/diag/crs/hannvzdlrasvr02/crs/trace/crsd_orarootagent_root.trc.
2024-12-07 12:05:22.742 [OCTSSD(137818)]CRS-2405: The Cluster Time Synchronization Service on host hannvzdlrasvr02 is shutdown by user
2024-12-07 12:05:22.743 [OCTSSD(137818)]CRS-8504: Oracle Clusterware OCTSSD process with operating system process ID 137818 is exiting
2024-12-07 12:05:53.373 [OCSSD(136319)]CRS-1603: CSSD on node hannvzdlrasvr02 has been shut down.
2024-12-07 12:05:55.820 [ORAROOTAGENT(391860)]CRS-8500: Oracle Clusterware ORAROOTAGENT process is starting with operating system process ID 391860
2024-12-07 12:07:04.008 [OHASD(135411)]CRS-2791: Starting shutdown of Oracle High Availability Services-managed resources on 'hannvzdlrasvr02'
2024-12-07 12:07:04.011 [GPNPD(135792)]CRS-2329: GPNPD on node hannvzdlrasvr02 shut down. 
2024-12-07 12:07:05.605 [MDNSD(135752)]CRS-5602: mDNS service stopping by request.
2024-12-07 12:07:06.130 [MDNSD(135752)]CRS-8504: Oracle Clusterware MDNSD process with operating system process ID 135752 is exiting
2024-12-07 12:07:06.609 [OHASD(135411)]CRS-2793: Shutdown of Oracle High Availability Services-managed resources on 'hannvzdlrasvr02' has completed
2024-12-07 12:07:06.616 [ORAROOTAGENT(391860)]CRS-5822: Agent '/u01/app/19.0.0.0/grid/bin/orarootagent_root' disconnected from server. Details at (:CRSAGF00117:) {0:8:7} in /u01/app/oracle/diag/crs/hannvzdlrasvr02/crs/trace/ohasd_orarootagent_root.trc.
2024-12-07 12:07:43.481 [OHASD(813)]CRS-8500: Oracle Clusterware OHASD process is starting with operating system process ID 813
2024-12-07 12:07:43.521 [OHASD(813)]CRS-0714: Oracle Clusterware Release 19.0.0.0.0.
2024-12-07 12:07:43.527 [OHASD(813)]CRS-2112: The OLR service started on node hannvzdlrasvr02.
2024-12-07 12:07:43.690 [OHASD(813)]CRS-8017: location: /etc/oracle/lastgasp has 2 reboot advisory log files, 0 were announced and 0 errors occurred
2024-12-07 12:07:43.691 [OHASD(813)]CRS-1301: Oracle High Availability Service started on node hannvzdlrasvr02.
2024-12-07 12:07:44.015 [ORAROOTAGENT(910)]CRS-8500: Oracle Clusterware ORAROOTAGENT process is starting with operating system process ID 910
2024-12-07 12:07:44.030 [CSSDAGENT(930)]CRS-8500: Oracle Clusterware CSSDAGENT process is starting with operating system process ID 930
2024-12-07 12:07:44.030 [CSSDMONITOR(933)]CRS-8500: Oracle Clusterware CSSDMONITOR process is starting with operating system process ID 933
2024-12-07 12:07:44.034 [ORAAGENT(922)]CRS-8500: Oracle Clusterware ORAAGENT process is starting with operating system process ID 922
2024-12-07 12:07:44.572 [ORAAGENT(1021)]CRS-8500: Oracle Clusterware ORAAGENT process is starting with operating system process ID 1021
2024-12-07 12:07:44.798 [MDNSD(1063)]CRS-8500: Oracle Clusterware MDNSD process is starting with operating system process ID 1063
2024-12-07 12:07:44.798 [EVMD(1058)]CRS-8500: Oracle Clusterware EVMD process is starting with operating system process ID 1058
2024-12-07 12:07:45.815 [GPNPD(1135)]CRS-8500: Oracle Clusterware GPNPD process is starting with operating system process ID 1135
2024-12-07 12:07:46.710 [GPNPD(1135)]CRS-2328: GPNPD started on node hannvzdlrasvr02. 
2024-12-07 12:07:46.832 [GIPCD(1258)]CRS-8500: Oracle Clusterware GIPCD process is starting with operating system process ID 1258
2024-12-07 12:07:50.659 [CSSDMONITOR(1293)]CRS-8500: Oracle Clusterware CSSDMONITOR process is starting with operating system process ID 1293
2024-12-07 12:07:50.706 [OSYSMOND(1295)]CRS-8500: Oracle Clusterware OSYSMOND process is starting with operating system process ID 1295
2024-12-07 12:07:50.976 [CSSDAGENT(1330)]CRS-8500: Oracle Clusterware CSSDAGENT process is starting with operating system process ID 1330
2024-12-07 12:07:56.802 [OCSSD(1377)]CRS-8500: Oracle Clusterware OCSSD process is starting with operating system process ID 1377
2024-12-07 12:07:57.841 [OCSSD(1377)]CRS-1713: CSSD daemon is started in hub mode
2024-12-07 12:07:59.343 [OCSSD(1377)]CRS-1707: Lease acquisition for node hannvzdlrasvr02 number 2 completed
2024-12-07 12:08:00.426 [OCSSD(1377)]CRS-1621: The IPMI configuration data for this node stored in the Oracle registry is incomplete; details at (:CSSNK00002:) in /u01/app/oracle/diag/crs/hannvzdlrasvr02/crs/trace/ocssd.trc
2024-12-07 12:08:00.426 [OCSSD(1377)]CRS-1617: The information required to do node kill for node hannvzdlrasvr02 is incomplete; details at (:CSSNM00004:) in /u01/app/oracle/diag/crs/hannvzdlrasvr02/crs/trace/ocssd.trc
2024-12-07 12:08:00.464 [OCSSD(1377)]CRS-1605: CSSD voting file is online: o/10.9.27.33;10.9.27.34/CATALOG_CD_04_hannvzdlracel01; details in /u01/app/oracle/diag/crs/hannvzdlrasvr02/crs/trace/ocssd.trc.
2024-12-07 12:08:00.469 [OCSSD(1377)]CRS-1605: CSSD voting file is online: o/10.9.27.35;10.9.27.36/CATALOG_CD_04_hannvzdlracel02; details in /u01/app/oracle/diag/crs/hannvzdlrasvr02/crs/trace/ocssd.trc.
2024-12-07 12:08:00.474 [OCSSD(1377)]CRS-1605: CSSD voting file is online: o/10.9.27.49;10.9.27.50/CATALOG_CD_04_hannvzdlracel09; details in /u01/app/oracle/diag/crs/hannvzdlrasvr02/crs/trace/ocssd.trc.
2024-12-07 12:08:00.490 [OCSSD(1377)]CRS-1605: CSSD voting file is online: o/10.9.27.51;10.9.27.52/CATALOG_CD_04_hannvzdlracel10; details in /u01/app/oracle/diag/crs/hannvzdlrasvr02/crs/trace/ocssd.trc.
2024-12-07 12:08:00.495 [OCSSD(1377)]CRS-1605: CSSD voting file is online: o/10.9.27.53;10.9.27.54/CATALOG_CD_04_hannvzdlracel11; details in /u01/app/oracle/diag/crs/hannvzdlrasvr02/crs/trace/ocssd.trc.
2024-12-07 12:08:09.656 [OCSSD(1377)]CRS-1601: CSSD Reconfiguration complete. Active nodes are hannvzdlrasvr02 .
2024-12-07 12:08:11.303 [OCTSSD(2135)]CRS-8500: Oracle Clusterware OCTSSD process is starting with operating system process ID 2135
2024-12-07 12:08:11.728 [OCSSD(1377)]CRS-1720: Cluster Synchronization Services daemon (CSSD) is ready for operation.
2024-12-07 12:08:12.148 [OCTSSD(2135)]CRS-2403: The Cluster Time Synchronization Service on host hannvzdlrasvr02 is in observer mode.
2024-12-07 12:08:13.329 [OCTSSD(2135)]CRS-2407: The new Cluster Time Synchronization Service reference node is host hannvzdlrasvr02.
2024-12-07 12:08:13.330 [OCTSSD(2135)]CRS-2401: The Cluster Time Synchronization Service started on host hannvzdlrasvr02.
2024-12-07 12:08:45.816 [CRSD(2510)]CRS-8500: Oracle Clusterware CRSD process is starting with operating system process ID 2510
2024-12-07 12:08:48.111 [CRSD(2510)]CRS-1012: The OCR service started on node hannvzdlrasvr02.
2024-12-07 12:08:50.144 [CRSD(2510)]CRS-1201: CRSD started on node hannvzdlrasvr02.
2024-12-07 12:08:51.751 [ORAROOTAGENT(2598)]CRS-8500: Oracle Clusterware ORAROOTAGENT process is starting with operating system process ID 2598
2024-12-07 12:08:51.778 [ORAAGENT(2608)]CRS-8500: Oracle Clusterware ORAAGENT process is starting with operating system process ID 2608
2024-12-07 12:08:56.876 [CRSD(2510)]CRS-2772: Server 'hannvzdlrasvr02' has been assigned to pool 'Generic'.
2024-12-07 12:08:56.876 [CRSD(2510)]CRS-2772: Server 'hannvzdlrasvr02' has been assigned to pool 'ora.zdlradb'.
2024-12-07 12:08:59.262 [CLSECHO(3683)]AFD-0654: AFD is not supported on Exadata systems
2024-12-07 12:09:40.907 [OLOGGERD(12151)]CRS-8500: Oracle Clusterware OLOGGERD process is starting with operating system process ID 12151
2024-12-07 12:09:52.096 [OCSSD(1377)]CRS-1601: CSSD Reconfiguration complete. Active nodes are hannvzdlrasvr01 hannvzdlrasvr02 .
2024-12-07 12:10:06.526 [CVUD(3166)]CRS-10051: CVU found following errors with Clusterware setup : PRVG-6017 : OCR backup is located in the same disk group "+CATALOG" as OCR.
PRVF-5319 : Oracle Cluster Synchronization Services do not appear to be online.
PRVF-4759 : 'lsnodes' execution failed on the node
PRVG-13690 : The state of Oracle Clusterware is not ONLINE on node "hannvzdlrasvr01". [Found state = "OFFLINE"]
PRVG-1453 : Oracle CTSS resource is not in ONLINE state on nodes "hannvzdlrasvr01"
PRVF-5056 : SCAN listener "LISTENER_SCAN1" not running
PRVF-5056 : SCAN listener "LISTENER_SCAN2" not running
PRVF-5056 : SCAN listener "LISTENER_SCAN3" not running

2024-12-07 12:10:30.880 [CRSD(2510)]CRS-2772: Server 'hannvzdlrasvr01' has been assigned to pool 'Generic'.
2024-12-07 12:10:30.880 [CRSD(2510)]CRS-2772: Server 'hannvzdlrasvr01' has been assigned to pool 'ora.zdlradb'.
2024-12-07 12:25:11.887 [ORAROOTAGENT(2598)]CRS-5024: Unmounting file system "/raacfs/raadmin"
2024-12-07 12:25:11.879 [OHASD(813)]CRS-2791: Starting shutdown of Oracle High Availability Services-managed resources on 'hannvzdlrasvr02'
2024-12-07 12:25:11.892 [ORAROOTAGENT(2598)]CRS-5024: Unmounting file system "/osbcat"
2024-12-07 12:25:12.592 [ORAROOTAGENT(2598)]CRS-5025: File system "/raacfs/raadmin" unmounted
2024-12-07 12:25:12.596 [ORAROOTAGENT(2598)]CRS-5025: File system "/osbcat" unmounted
2024-12-07 12:25:28.933 [ORAROOTAGENT(2598)]CRS-5822: Agent '/u01/app/19.0.0.0/grid/bin/orarootagent_root' disconnected from server. Details at (:CRSAGF00117:) {0:2:7} in /u01/app/oracle/diag/crs/hannvzdlrasvr02/crs/trace/crsd_orarootagent_root.trc.
2024-12-07 12:25:31.444 [MDNSD(1063)]CRS-5602: mDNS service stopping by request.
2024-12-07 12:25:32.048 [MDNSD(1063)]CRS-8504: Oracle Clusterware MDNSD process with operating system process ID 1063 is exiting
2024-12-07 12:26:06.224 [OCTSSD(2135)]CRS-2405: The Cluster Time Synchronization Service on host hannvzdlrasvr02 is shutdown by user
2024-12-07 12:26:06.224 [OCTSSD(2135)]CRS-8504: Oracle Clusterware OCTSSD process with operating system process ID 2135 is exiting
2024-12-07 12:26:07.231 [OCSSD(1377)]CRS-1603: CSSD on node hannvzdlrasvr02 has been shut down.
2024-12-07 12:26:09.729 [ORAROOTAGENT(45130)]CRS-8500: Oracle Clusterware ORAROOTAGENT process is starting with operating system process ID 45130
2024-12-07 12:26:10.236 [GPNPD(1135)]CRS-2329: GPNPD on node hannvzdlrasvr02 shut down. 
2024-12-07 12:26:11.242 [OHASD(813)]CRS-2793: Shutdown of Oracle High Availability Services-managed resources on 'hannvzdlrasvr02' has completed
2024-12-07 12:26:11.249 [ORAROOTAGENT(45130)]CRS-5822: Agent '/u01/app/19.0.0.0/grid/bin/orarootagent_root' disconnected from server. Details at (:CRSAGF00117:) {0:8:4} in /u01/app/oracle/diag/crs/hannvzdlrasvr02/crs/trace/ohasd_orarootagent_root.trc.
2024-12-07 12:31:07.529 [CLSECHO(57620)]ACFS-9544: Invalid files or directories found: 'missing[], extra[5.4.17-2136.327.1]'
2024-12-07 12:31:07.872 [CLSECHO(57657)]ACFS-9294: updating file /etc/sysconfig/oracledrivers.conf
2024-12-07 12:31:09.620 [CLSECHO(58732)]Can't find message for prod[usm] fac[OKA] & msg id [9197]
2024-12-07 12:31:09.907 [CLSECHO(58830)]Can't find message for prod[usm] fac[OKA] & msg id [9197]
2024-12-07 12:31:10.151 [CLSECHO(58896)]Can't find message for prod[usm] fac[OKA] & msg id [9197]
2024-12-07 12:31:10.716 [CLSCFG(59053)]CRS-1810: Node-specific configuration for node hannvzdlrasvr02 in Oracle Local Registry was patched to patch level 633061983.
2024-12-07 12:31:15.067 [OHASD(59083)]CRS-8500: Oracle Clusterware OHASD process is starting with operating system process ID 59083
2024-12-07 12:31:15.107 [OHASD(59083)]CRS-0714: Oracle Clusterware Release 19.0.0.0.0.
2024-12-07 12:31:15.113 [OHASD(59083)]CRS-2112: The OLR service started on node hannvzdlrasvr02.
2024-12-07 12:31:15.208 [OHASD(59083)]CRS-1301: Oracle High Availability Service started on node hannvzdlrasvr02.
2024-12-07 12:31:15.208 [OHASD(59083)]CRS-8017: location: /etc/oracle/lastgasp has 2 reboot advisory log files, 0 were announced and 0 errors occurred
2024-12-07 12:31:15.531 [ORAROOTAGENT(59174)]CRS-8500: Oracle Clusterware ORAROOTAGENT process is starting with operating system process ID 59174
2024-12-07 12:31:15.550 [CSSDMONITOR(59195)]CRS-8500: Oracle Clusterware CSSDMONITOR process is starting with operating system process ID 59195
2024-12-07 12:31:15.551 [CSSDAGENT(59192)]CRS-8500: Oracle Clusterware CSSDAGENT process is starting with operating system process ID 59192
2024-12-07 12:31:15.555 [ORAAGENT(59184)]CRS-8500: Oracle Clusterware ORAAGENT process is starting with operating system process ID 59184
2024-12-07 12:31:16.098 [ORAAGENT(59283)]CRS-8500: Oracle Clusterware ORAAGENT process is starting with operating system process ID 59283
2024-12-07 12:31:16.325 [MDNSD(59307)]CRS-8500: Oracle Clusterware MDNSD process is starting with operating system process ID 59307
2024-12-07 12:31:16.325 [EVMD(59305)]CRS-8500: Oracle Clusterware EVMD process is starting with operating system process ID 59305
2024-12-07 12:31:17.341 [GPNPD(59353)]CRS-8500: Oracle Clusterware GPNPD process is starting with operating system process ID 59353
2024-12-07 12:31:18.235 [GPNPD(59353)]CRS-2328: GPNPD started on node hannvzdlrasvr02. 
2024-12-07 12:31:18.358 [GIPCD(59416)]CRS-8500: Oracle Clusterware GIPCD process is starting with operating system process ID 59416
2024-12-07 12:31:22.402 [OSYSMOND(59454)]CRS-8500: Oracle Clusterware OSYSMOND process is starting with operating system process ID 59454
2024-12-07 12:31:22.402 [CSSDMONITOR(59452)]CRS-8500: Oracle Clusterware CSSDMONITOR process is starting with operating system process ID 59452
2024-12-07 12:31:22.720 [CSSDAGENT(59486)]CRS-8500: Oracle Clusterware CSSDAGENT process is starting with operating system process ID 59486
2024-12-07 12:31:28.497 [OCSSD(59517)]CRS-8500: Oracle Clusterware OCSSD process is starting with operating system process ID 59517
2024-12-07 12:31:29.537 [OCSSD(59517)]CRS-1713: CSSD daemon is started in hub mode
2024-12-07 12:31:30.991 [OCSSD(59517)]CRS-1707: Lease acquisition for node hannvzdlrasvr02 number 2 completed
2024-12-07 12:31:32.070 [OCSSD(59517)]CRS-1621: The IPMI configuration data for this node stored in the Oracle registry is incomplete; details at (:CSSNK00002:) in /u01/app/oracle/diag/crs/hannvzdlrasvr02/crs/trace/ocssd.trc
2024-12-07 12:31:32.070 [OCSSD(59517)]CRS-1617: The information required to do node kill for node hannvzdlrasvr02 is incomplete; details at (:CSSNM00004:) in /u01/app/oracle/diag/crs/hannvzdlrasvr02/crs/trace/ocssd.trc
2024-12-07 12:31:32.109 [OCSSD(59517)]CRS-1605: CSSD voting file is online: o/10.9.27.33;10.9.27.34/CATALOG_CD_04_hannvzdlracel01; details in /u01/app/oracle/diag/crs/hannvzdlrasvr02/crs/trace/ocssd.trc.
2024-12-07 12:31:32.113 [OCSSD(59517)]CRS-1605: CSSD voting file is online: o/10.9.27.35;10.9.27.36/CATALOG_CD_04_hannvzdlracel02; details in /u01/app/oracle/diag/crs/hannvzdlrasvr02/crs/trace/ocssd.trc.
2024-12-07 12:31:32.119 [OCSSD(59517)]CRS-1605: CSSD voting file is online: o/10.9.27.49;10.9.27.50/CATALOG_CD_04_hannvzdlracel09; details in /u01/app/oracle/diag/crs/hannvzdlrasvr02/crs/trace/ocssd.trc.
2024-12-07 12:31:32.131 [OCSSD(59517)]CRS-1605: CSSD voting file is online: o/10.9.27.51;10.9.27.52/CATALOG_CD_04_hannvzdlracel10; details in /u01/app/oracle/diag/crs/hannvzdlrasvr02/crs/trace/ocssd.trc.
2024-12-07 12:31:32.136 [OCSSD(59517)]CRS-1605: CSSD voting file is online: o/10.9.27.53;10.9.27.54/CATALOG_CD_04_hannvzdlracel11; details in /u01/app/oracle/diag/crs/hannvzdlrasvr02/crs/trace/ocssd.trc.
2024-12-07 12:31:41.301 [OCSSD(59517)]CRS-1601: CSSD Reconfiguration complete. Active nodes are hannvzdlrasvr02 .
2024-12-07 12:31:43.045 [OCTSSD(59694)]CRS-8500: Oracle Clusterware OCTSSD process is starting with operating system process ID 59694
2024-12-07 12:31:43.371 [OCSSD(59517)]CRS-1720: Cluster Synchronization Services daemon (CSSD) is ready for operation.
2024-12-07 12:31:43.892 [OCTSSD(59694)]CRS-2403: The Cluster Time Synchronization Service on host hannvzdlrasvr02 is in observer mode.
2024-12-07 12:31:45.067 [OCTSSD(59694)]CRS-2407: The new Cluster Time Synchronization Service reference node is host hannvzdlrasvr02.
2024-12-07 12:31:45.067 [OCTSSD(59694)]CRS-2401: The Cluster Time Synchronization Service started on host hannvzdlrasvr02.
2024-12-07 12:32:17.633 [CRSD(60595)]CRS-8500: Oracle Clusterware CRSD process is starting with operating system process ID 60595
2024-12-07 12:32:19.930 [CRSD(60595)]CRS-1012: The OCR service started on node hannvzdlrasvr02.
2024-12-07 12:32:21.960 [CRSD(60595)]CRS-1201: CRSD started on node hannvzdlrasvr02.
2024-12-07 12:32:23.558 [ORAROOTAGENT(60683)]CRS-8500: Oracle Clusterware ORAROOTAGENT process is starting with operating system process ID 60683
2024-12-07 12:32:23.585 [ORAAGENT(60694)]CRS-8500: Oracle Clusterware ORAAGENT process is starting with operating system process ID 60694
2024-12-07 12:32:28.706 [CRSD(60595)]CRS-2772: Server 'hannvzdlrasvr02' has been assigned to pool 'Generic'.
2024-12-07 12:32:28.707 [CRSD(60595)]CRS-2772: Server 'hannvzdlrasvr02' has been assigned to pool 'ora.zdlradb'.
2024-12-07 12:32:31.174 [CLSECHO(61802)]AFD-0654: AFD is not supported on Exadata systems
2024-12-07 12:32:31.346 [CLSECHO(61878)]ACFS-9544: Invalid files or directories found: 'missing[], extra[5.4.17-2136.327.1]'
2024-12-07 12:32:46.897 [CLSCFG(65336)]CRS-1811: Node hannvzdlrasvr02 patched to patch level 633061983.
2024-12-07 12:33:25.213 [OLOGGERD(74531)]CRS-8500: Oracle Clusterware OLOGGERD process is starting with operating system process ID 74531
2024-12-07 12:33:37.987 [CVUD(61254)]CRS-10051: CVU found following errors with Clusterware setup : PRVF-5302 : Failed to execute the exectask command on node "hannvzdlrasvr01" 
/u01/app/19.0.0.0/grid/bin/crsctl check css
PRVG-2043 : Command "/u01/app/19.0.0.0/grid/bin/crsctl check css " failed on node "hannvzdlrasvr01" and produced the following output:
CRS-4639: Could not contact Oracle High Availability Services
CRS-4000: Command Check failed, or completed with errors.

PRVG-6017 : OCR backup is located in the same disk group "+CATALOG" as OCR.
PRVF-4759 : 'lsnodes' execution failed on the node
PRVG-13690 : The state of Oracle Clusterware is not ONLINE on node "hannvzdlrasvr01". [Found state = "OFFLINE"]

2024-12-07 12:33:37.987 [CVUD(61254)]CRS-10051: CVU found following errors with Clusterware setup : PRVG-2043 : Command "/u01/app/19.0.0.0/grid/bin/crsctl stat resource ora.ctssd -init " failed on node "hannvzdlrasvr01" and produced the following output:
CRS-4639: Could not contact Oracle High Availability Services
CRS-4000: Command Status failed, or completed with errors.

PRVG-2027 : Owner of file "/u01/app/19.0.0.0/grid/lib/liboramysql19.so" is inconsistent across nodes. [Found = "{oracle=[hannvzdlrasvr01], root=[hannvzdlrasvr02]}" on Nodes = "hannvzdlrasvr01,hannvzdlrasvr02"]
PRVG-2027 : Owner of file "/u01/app/19.0.0.0/grid/lib/cobsqlintf.o" is inconsistent across nodes. [Found = "{oracle=[hannvzdlrasvr01], root=[hannvzdlrasvr02]}" on Nodes = "hannvzdlrasvr01,hannvzdlrasvr02"]

2024-12-07 12:33:37.987 [CVUD(61254)]CRS-10051: CVU found following errors with Clusterware setup : PRVG-2027 : Owner of file "/u01/app/19.0.0.0/grid/bin/expdp" is inconsistent across nodes. [Found = "{oracle=[hannvzdlrasvr01], root=[hannvzdlrasvr02]}" on Nodes = "hannvzdlrasvr01,hannvzdlrasvr02"]
PRVG-2027 : Owner of file "/u01/app/19.0.0.0/grid/bin/sqlldr" is inconsistent across nodes. [Found = "{oracle=[hannvzdlrasvr01], root=[hannvzdlrasvr02]}" on Nodes = "hannvzdlrasvr01,hannvzdlrasvr02"]
PRVG-2027 : Owner of file "/u01/app/19.0.0.0/grid/bin/uidrvci" is inconsistent across nodes. [Found = "{oracle=[hannvzdlrasvr01], root=[hannvzdlrasvr02]}" on Nodes = "hannvzdlrasvr01,hannvzdlrasvr02"]

2024-12-07 12:33:37.987 [CVUD(61254)]CRS-10051: CVU found following errors with Clusterware setup : PRVG-2027 : Owner of file "/u01/app/19.0.0.0/grid/bin/adrci" is inconsistent across nodes. [Found = "{oracle=[hannvzdlrasvr01], root=[hannvzdlrasvr02]}" on Nodes = "hannvzdlrasvr01,hannvzdlrasvr02"]
PRVG-2027 : Owner of file "/u01/app/19.0.0.0/grid/bin/procob" is inconsistent across nodes. [Found = "{oracle=[hannvzdlrasvr01], root=[hannvzdlrasvr02]}" on Nodes = "hannvzdlrasvr01,hannvzdlrasvr02"]
PRVG-2027 : Owner of file "/u01/app/19.0.0.0/grid/bin/proc" is inconsistent across nodes. [Found = "{oracle=[hannvzdlrasvr01], root=[hannvzdlrasvr02]}" on Nodes = "hannvzdlrasvr01,hannvzdlrasvr02"]

2024-12-07 12:33:37.988 [CVUD(61254)]CRS-10051: CVU found following errors with Clusterware setup : PRVG-2027 : Owner of file "/u01/app/19.0.0.0/grid/bin/impdp" is inconsistent across nodes. [Found = "{oracle=[hannvzdlrasvr01], root=[hannvzdlrasvr02]}" on Nodes = "hannvzdlrasvr01,hannvzdlrasvr02"]
PRVG-2027 : Owner of file "/u01/app/19.0.0.0/grid/bin/genezi" is inconsistent across nodes. [Found = "{oracle=[hannvzdlrasvr01], root=[hannvzdlrasvr02]}" on Nodes = "hannvzdlrasvr01,hannvzdlrasvr02"]
PRVG-2027 : Owner of file "/u01/app/19.0.0.0/grid/bin/exp" is inconsistent across nodes. [Found = "{oracle=[hannvzdlrasvr01], root=[hannvzdlrasvr02]}" on Nodes = "hannvzdlrasvr01,hannvzdlrasvr02"]

2024-12-07 12:33:37.988 [CVUD(61254)]CRS-10051: CVU found following errors with Clusterware setup : PRVG-2027 : Owner of file "/u01/app/19.0.0.0/grid/bin/imp" is inconsistent across nodes. [Found = "{oracle=[hannvzdlrasvr01], root=[hannvzdlrasvr02]}" on Nodes = "hannvzdlrasvr01,hannvzdlrasvr02"]
PRVG-2027 : Owner of file "/u01/app/19.0.0.0/grid/bin/wrc" is inconsistent across nodes. [Found = "{oracle=[hannvzdlrasvr01], root=[hannvzdlrasvr02]}" on Nodes = "hannvzdlrasvr01,hannvzdlrasvr02"]
PRVG-2031 : Owner of file "/u01/app/19.0.0.0/grid/lib/libipc1.so" did not match the expected value on node "hannvzdlrasvr01". [Expected = "root" ; Found = "oracle"]

2024-12-07 12:33:37.988 [CVUD(61254)]CRS-10051: CVU found following errors with Clusterware setup : PRVG-2027 : Owner of file "/u01/app/19.0.0.0/grid/lib/libocci.so.19.1" is inconsistent across nodes. [Found = "{oracle=[hannvzdlrasvr01], root=[hannvzdlrasvr02]}" on Nodes = "hannvzdlrasvr01,hannvzdlrasvr02"]
PRVG-2031 : Owner of file "/u01/app/19.0.0.0/grid/lib/libmql1.so" did not match the expected value on node "hannvzdlrasvr01". [Expected = "root" ; Found = "oracle"]
PRVG-2027 : Owner of file "/u01/app/19.0.0.0/grid/lib/libons.a" is inconsistent across nodes. [Found = "{oracle=[hannvzdlrasvr01], root=[hannvzdlrasvr02]}" on Nodes = "hannvzdlrasvr01,hannvzdlrasvr02"]
PRVG-2031 : Owner of file "/u01/app/19.0.0.0/grid/lib/libons.so" did not match the expected value on node "hannvzdlrasvr01". [Expected = "root" ; Found = "oracle"]

2024-12-07 12:33:37.988 [CVUD(61254)]CRS-10051: CVU found following errors with Clusterware setup : PRVG-2027 : Owner of file "/u01/app/19.0.0.0/grid/lib/facility.lis" is inconsistent across nodes. [Found = "{oracle=[hannvzdlrasvr01], root=[hannvzdlrasvr02]}" on Nodes = "hannvzdlrasvr01,hannvzdlrasvr02"]
PRVG-2027 : Owner of file "/u01/app/19.0.0.0/grid/bin/oraenv" is inconsistent across nodes. [Found = "{oracle=[hannvzdlrasvr01], root=[hannvzdlrasvr02]}" on Nodes = "hannvzdlrasvr01,hannvzdlrasvr02"]
PRVG-2027 : Owner of file "/u01/app/19.0.0.0/grid/bin/dbhome" is inconsistent across nodes. [Found = "{oracle=[hannvzdlrasvr01], root=[hannvzdlrasvr02]}" on Nodes = "hannvzdlrasvr01,hannvzdlrasvr02"]

2024-12-07 12:33:37.988 [CVUD(61254)]CRS-10051: CVU found following errors with Clusterware setup : PRVG-2027 : Owner of file "/u01/app/19.0.0.0/grid/bin/genclntst" is inconsistent across nodes. [Found = "{oracle=[hannvzdlrasvr01], root=[hannvzdlrasvr02]}" on Nodes = "hannvzdlrasvr01,hannvzdlrasvr02"]
PRVG-2027 : Owner of file "/u01/app/19.0.0.0/grid/bin/oraversion" is inconsistent across nodes. [Found = "{oracle=[hannvzdlrasvr01], root=[hannvzdlrasvr02]}" on Nodes = "hannvzdlrasvr01,hannvzdlrasvr02"]
PRVG-2027 : Owner of file "/u01/app/19.0.0.0/grid/bin/genoccish" is inconsistent across nodes. [Found = "{oracle=[hannvzdlrasvr01], root=[hannvzdlrasvr02]}" on Nodes = "hannvzdlrasvr01,hannvzdlrasvr02"]

2024-12-07 12:33:37.988 [CVUD(61254)]CRS-10051: CVU found following errors with Clusterware setup : PRVG-2027 : Owner of file "/u01/app/19.0.0.0/grid/bin/kgmgr" is inconsistent across nodes. [Found = "{oracle=[hannvzdlrasvr01], root=[hannvzdlrasvr02]}" on Nodes = "hannvzdlrasvr01,hannvzdlrasvr02"]
PRVG-2027 : Owner of file "/u01/app/19.0.0.0/grid/bin/genagtsh" is inconsistent across nodes. [Found = "{oracle=[hannvzdlrasvr01], root=[hannvzdlrasvr02]}" on Nodes = "hannvzdlrasvr01,hannvzdlrasvr02"]
PRVG-2027 : Owner of file "/u01/app/19.0.0.0/grid/bin/loadpsp" is inconsistent across nodes. [Found = "{oracle=[hannvzdlrasvr01], root=[hannvzdlrasvr02]}" on Nodes = "hannvzdlrasvr01,hannvzdlrasvr02"]

2024-12-07 12:33:37.988 [CVUD(61254)]CRS-10051: CVU found following errors with Clusterware setup : PRVG-2027 : Owner of file "/u01/app/19.0.0.0/grid/bin/coraenv" is inconsistent across nodes. [Found = "{oracle=[hannvzdlrasvr01], root=[hannvzdlrasvr02]}" on Nodes = "hannvzdlrasvr01,hannvzdlrasvr02"]
PRVG-2027 : Owner of file "/u01/app/19.0.0.0/grid/bin/orabasehome" is inconsistent across nodes. [Found = "{oracle=[hannvzdlrasvr01], root=[hannvzdlrasvr02]}" on Nodes = "hannvzdlrasvr01,hannvzdlrasvr02"]
PRVG-2027 : Owner of file "/u01/app/19.0.0.0/grid/bin/genclntsh" is inconsistent across nodes. [Found = "{oracle=[hannvzdlrasvr01], root=[hannvzdlrasvr02]}" on Nodes = "hannvzdlrasvr01,hannvzdlrasvr02"]

2024-12-07 12:33:37.988 [CVUD(61254)]CRS-10051: CVU found following errors with Clusterware setup : PRVG-2027 : Owner of file "/u01/app/19.0.0.0/grid/bin/orabaseconfig" is inconsistent across nodes. [Found = "{oracle=[hannvzdlrasvr01], root=[hannvzdlrasvr02]}" on Nodes = "hannvzdlrasvr01,hannvzdlrasvr02"]
PRVG-2027 : Owner of file "/u01/app/19.0.0.0/grid/lib/libplc19_pic.a" is inconsistent across nodes. [Found = "{oracle=[hannvzdlrasvr01], root=[hannvzdlrasvr02]}" on Nodes = "hannvzdlrasvr01,hannvzdlrasvr02"]
PRVG-2027 : Owner of file "/u01/app/19.0.0.0/grid/lib/libnnet19.a" is inconsistent across nodes. [Found = "{oracle=[hannvzdlrasvr01], root=[hannvzdlrasvr02]}" on Nodes = "hannvzdlrasvr01,hannvzdlrasvr02"]

2024-12-07 12:33:37.988 [CVUD(61254)]CRS-10051: CVU found following errors with Clusterware setup : PRVG-2027 : Owner of file "/u01/app/19.0.0.0/grid/lib/libpls19_pic.a" is inconsistent across nodes. [Found = "{oracle=[hannvzdlrasvr01], root=[hannvzdlrasvr02]}" on Nodes = "hannvzdlrasvr01,hannvzdlrasvr02"]
PRVG-2027 : Owner of file "/u01/app/19.0.0.0/grid/lib/libvsn.so" is inconsistent across nodes. [Found = "{oracle=[hannvzdlrasvr01], root=[hannvzdlrasvr02]}" on Nodes = "hannvzdlrasvr01,hannvzdlrasvr02"]
PRVG-2027 : Owner of file "/u01/app/19.0.0.0/grid/lib/libmm.a" is inconsistent across nodes. [Found = "{oracle=[hannvzdlrasvr01], root=[hannvzdlrasvr02]}" on Nodes = "hannvzdlrasvr01,hannvzdlrasvr02"]

2024-12-07 12:33:37.988 [CVUD(61254)]CRS-10051: CVU found following errors with Clusterware setup : PRVG-2027 : Owner of file "/u01/app/19.0.0.0/grid/lib/libpls19.a" is inconsistent across nodes. [Found = "{oracle=[hannvzdlrasvr01], root=[hannvzdlrasvr02]}" on Nodes = "hannvzdlrasvr01,hannvzdlrasvr02"]
PRVG-2027 : Owner of file "/u01/app/19.0.0.0/grid/lib/libodm19.a" is inconsistent across nodes. [Found = "{oracle=[hannvzdlrasvr01], root=[hannvzdlrasvr02]}" on Nodes = "hannvzdlrasvr01,hannvzdlrasvr02"]
PRVG-2027 : Owner of file "/u01/app/19.0.0.0/grid/lib/libocci19.a" is inconsistent across nodes. [Found = "{oracle=[hannvzdlrasvr01], root=[hannvzdlrasvr02]}" on Nodes = "hannvzdlrasvr01,hannvzdlrasvr02"]

2024-12-07 12:33:37.988 [CVUD(61254)]CRS-10051: CVU found following errors with Clusterware setup : PRVG-2027 : Owner of file "/u01/app/19.0.0.0/grid/lib/libagent19.a" is inconsistent across nodes. [Found = "{oracle=[hannvzdlrasvr01], root=[hannvzdlrasvr02]}" on Nodes = "hannvzdlrasvr01,hannvzdlrasvr02"]
PRVG-2027 : Owner of file "/u01/app/19.0.0.0/grid/lib/libasmclntsh19.a" is inconsistent across nodes. [Found = "{oracle=[hannvzdlrasvr01], root=[hannvzdlrasvr02]}" on Nodes = "hannvzdlrasvr01,hannvzdlrasvr02"]
PRVG-2027 : Owner of file "/u01/app/19.0.0.0/grid/lib/libvsn19.a" is inconsistent across nodes. [Found = "{oracle=[hannvzdlrasvr01], root=[hannvzdlrasvr02]}" on Nodes = "hannvzdlrasvr01,hannvzdlrasvr02"]

2024-12-07 12:33:37.988 [CVUD(61254)]CRS-10051: CVU found following errors with Clusterware setup : PRVG-2027 : Owner of file "/u01/app/19.0.0.0/grid/lib/libedtn19_std.a" is inconsistent across nodes. [Found = "{oracle=[hannvzdlrasvr01], root=[hannvzdlrasvr02]}" on Nodes = "hannvzdlrasvr01,hannvzdlrasvr02"]
PRVG-2027 : Owner of file "/u01/app/19.0.0.0/grid/lib/libplc19.a" is inconsistent across nodes. [Found = "{oracle=[hannvzdlrasvr01], root=[hannvzdlrasvr02]}" on Nodes = "hannvzdlrasvr01,hannvzdlrasvr02"]
PRVG-2027 : Owner of file "/u01/app/19.0.0.0/grid/lib/libnnetd19.a" is inconsistent across nodes. [Found = "{oracle=[hannvzdlrasvr01], root=[hannvzdlrasvr02]}" on Nodes = "hannvzdlrasvr01,hannvzdlrasvr02"]

2024-12-07 12:33:37.989 [CVUD(61254)]CRS-10051: CVU found following errors with Clusterware setup : PRVG-2027 : Owner of file "/u01/app/19.0.0.0/grid/lib/libclient19.a" is inconsistent across nodes. [Found = "{oracle=[hannvzdlrasvr01], root=[hannvzdlrasvr02]}" on Nodes = "hannvzdlrasvr01,hannvzdlrasvr02"]
PRVG-2027 : Owner of file "/u01/app/19.0.0.0/grid/lib/libplp19_pic.a" is inconsistent across nodes. [Found = "{oracle=[hannvzdlrasvr01], root=[hannvzdlrasvr02]}" on Nodes = "hannvzdlrasvr01,hannvzdlrasvr02"]
PRVG-2027 : Owner of file "/u01/app/19.0.0.0/grid/lib/sysliblist" is inconsistent across nodes. [Found = "{oracle=[hannvzdlrasvr01], root=[hannvzdlrasvr02]}" on Nodes = "hannvzdlrasvr01,hannvzdlrasvr02"]

2024-12-07 12:33:37.989 [CVUD(61254)]CRS-10051: CVU found following errors with Clusterware setup : PRVG-2027 : Owner of file "/u01/app/19.0.0.0/grid/lib/liborion19.a" is inconsistent across nodes. [Found = "{oracle=[hannvzdlrasvr01], root=[hannvzdlrasvr02]}" on Nodes = "hannvzdlrasvr01,hannvzdlrasvr02"]
PRVG-2027 : Owner of file "/u01/app/19.0.0.0/grid/lib/libedtn19_cee.a" is inconsistent across nodes. [Found = "{oracle=[hannvzdlrasvr01], root=[hannvzdlrasvr02]}" on Nodes = "hannvzdlrasvr01,hannvzdlrasvr02"]
PRVG-2027 : Owner of file "/u01/app/19.0.0.0/grid/lib/libedtn19_cse.a" is inconsistent across nodes. [Found = "{oracle=[hannvzdlrasvr01], root=[hannvzdlrasvr02]}" on Nodes = "hannvzdlrasvr01,hannvzdlrasvr02"]

2024-12-07 12:33:37.989 [CVUD(61254)]CRS-10051: CVU found following errors with Clusterware setup : PRVG-2027 : Owner of file "/u01/app/19.0.0.0/grid/lib/libasmclnt19.a" is inconsistent across nodes. [Found = "{oracle=[hannvzdlrasvr01], root=[hannvzdlrasvr02]}" on Nodes = "hannvzdlrasvr01,hannvzdlrasvr02"]
PRVG-2027 : Owner of file "/u01/app/19.0.0.0/grid/lib/libxdb.so" is inconsistent across nodes. [Found = "{oracle=[hannvzdlrasvr01], root=[hannvzdlrasvr02]}" on Nodes = "hannvzdlrasvr01,hannvzdlrasvr02"]
PRVG-2027 : Owner of file "/u01/app/19.0.0.0/grid/lib/libedtn19_ent.a" is inconsistent across nodes. [Found = "{oracle=[hannvzdlrasvr01], root=[hannvzdlrasvr02]}" on Nodes = "hannvzdlrasvr01,hannvzdlrasvr02"]

2024-12-07 12:33:37.989 [CVUD(61254)]CRS-10051: CVU found following errors with Clusterware setup : PRVG-2027 : Owner of file "/u01/app/19.0.0.0/grid/lib/libasmclntsh19.so" is inconsistent across nodes. [Found = "{oracle=[hannvzdlrasvr01], root=[hannvzdlrasvr02]}" on Nodes = "hannvzdlrasvr01,hannvzdlrasvr02"]
PRVG-2029 : Octal permissions of file "/u01/app/19.0.0.0/grid/lib/libasmclntsh19.so" are inconsistent across nodes. [Found = "{0644=[hannvzdlrasvr02], 0755=[hannvzdlrasvr01]}"]
PRVG-2027 : Owner of file "/u01/app/19.0.0.0/grid/lib/libvsnst19.a" is inconsistent across nodes. [Found = "{oracle=[hannvzdlrasvr01], root=[hannvzdlrasvr02]}" on Nodes = "hannvzdlrasvr01,hannvzdlrasvr02"]

2024-12-07 12:33:37.989 [CVUD(61254)]CRS-10051: CVU found following errors with Clusterware setup : PRVG-2027 : Owner of file "/u01/app/19.0.0.0/grid/lib/libgeneric19.a" is inconsistent across nodes. [Found = "{oracle=[hannvzdlrasvr01], root=[hannvzdlrasvr02]}" on Nodes = "hannvzdlrasvr01,hannvzdlrasvr02"]
PRVG-2027 : Owner of file "/u01/app/19.0.0.0/grid/lib/libplp19.a" is inconsistent across nodes. [Found = "{oracle=[hannvzdlrasvr01], root=[hannvzdlrasvr02]}" on Nodes = "hannvzdlrasvr01,hannvzdlrasvr02"]
PRVG-2027 : Owner of file "/u01/app/19.0.0.0/grid/lib/liboramysql19.a" is inconsistent across nodes. [Found = "{oracle=[hannvzdlrasvr01], root=[hannvzdlrasvr02]}" on Nodes = "hannvzdlrasvr01,hannvzdlrasvr02"]

2024-12-07 12:33:37.989 [CVUD(61254)]CRS-10051: CVU found following errors with Clusterware setup : PRVG-2027 : Owner of file "/u01/app/19.0.0.0/grid/lib/libvsn19.so" is inconsistent across nodes. [Found = "{oracle=[hannvzdlrasvr01], root=[hannvzdlrasvr02]}" on Nodes = "hannvzdlrasvr01,hannvzdlrasvr02"]
PRVG-2027 : Owner of file "/u01/app/19.0.0.0/grid/lib/libcommon19.a" is inconsistent across nodes. [Found = "{oracle=[hannvzdlrasvr01], root=[hannvzdlrasvr02]}" on Nodes = "hannvzdlrasvr01,hannvzdlrasvr02"]
PRVG-2027 : Owner of file "/u01/app/19.0.0.0/grid/lib/libpsa19.a" is inconsistent across nodes. [Found = "{oracle=[hannvzdlrasvr01], root=[hannvzdlrasvr02]}" on Nodes = "hannvzdlrasvr01,hannvzdlrasvr02"]

2024-12-07 12:33:37.989 [CVUD(61254)]CRS-10051: CVU found following errors with Clusterware setup : PRVG-2027 : Owner of file "/u01/app/19.0.0.0/grid/lib/libclntsh.so.19.1" is inconsistent across nodes. [Found = "{oracle=[hannvzdlrasvr01], root=[hannvzdlrasvr02]}" on Nodes = "hannvzdlrasvr01,hannvzdlrasvr02"]
PRVG-2029 : Octal permissions of file "/u01/app/19.0.0.0/grid/lib/libclntsh.so.19.1" are inconsistent across nodes. [Found = "{0644=[hannvzdlrasvr02], 0755=[hannvzdlrasvr01]}"]
PRVG-2027 : Owner of file "/u01/app/19.0.0.0/grid/lib/libipp_bz2.a" is inconsistent across nodes. [Found = "{oracle=[hannvzdlrasvr01], root=[hannvzdlrasvr02]}" on Nodes = "hannvzdlrasvr01,hannvzdlrasvr02"]

2024-12-07 12:33:37.989 [CVUD(61254)]CRS-10051: CVU found following errors with Clusterware setup : PRVG-2027 : Owner of file "/u01/app/19.0.0.0/grid/lib/liborabz2.a" is inconsistent across nodes. [Found = "{oracle=[hannvzdlrasvr01], root=[hannvzdlrasvr02]}" on Nodes = "hannvzdlrasvr01,hannvzdlrasvr02"]
PRVG-2027 : Owner of file "/u01/app/19.0.0.0/grid/lib/libipp_z.a" is inconsistent across nodes. [Found = "{oracle=[hannvzdlrasvr01], root=[hannvzdlrasvr02]}" on Nodes = "hannvzdlrasvr01,hannvzdlrasvr02"]
PRVG-2027 : Owner of file "/u01/app/19.0.0.0/grid/lib/libippdc.a" is inconsistent across nodes. [Found = "{oracle=[hannvzdlrasvr01], root=[hannvzdlrasvr02]}" on Nodes = "hannvzdlrasvr01,hannvzdlrasvr02"]

2024-12-07 12:33:37.989 [CVUD(61254)]CRS-10051: CVU found following errors with Clusterware setup : PRVG-2031 : Owner of file "/u01/app/19.0.0.0/grid/lib/libskgxpcompat.so" did not match the expected value on node "hannvzdlrasvr01". [Expected = "root" ; Found = "oracle"]
PRVG-2027 : Owner of file "/u01/app/19.0.0.0/grid/lib/libskgxpr.so" is inconsistent across nodes. [Found = "{oracle=[hannvzdlrasvr01], root=[hannvzdlrasvr02]}" on Nodes = "hannvzdlrasvr01,hannvzdlrasvr02"]
PRVG-2027 : Owner of file "/u01/app/19.0.0.0/grid/lib/libskgxpd.so" is inconsistent across nodes. [Found = "{oracle=[hannvzdlrasvr01], root=[hannvzdlrasvr02]}" on Nodes = "hannvzdlrasvr01,hannvzdlrasvr02"]

2024-12-07 12:33:37.989 [CVUD(61254)]CRS-10051: CVU found following errors with Clusterware setup : PRVG-2027 : Owner of file "/u01/app/19.0.0.0/grid/lib/libskgxpg.so" is inconsistent across nodes. [Found = "{oracle=[hannvzdlrasvr01], root=[hannvzdlrasvr02]}" on Nodes = "hannvzdlrasvr01,hannvzdlrasvr02"]
PRVG-2027 : Owner of file "/u01/app/19.0.0.0/grid/lib/libmql1.a" is inconsistent across nodes. [Found = "{oracle=[hannvzdlrasvr01], root=[hannvzdlrasvr02]}" on Nodes = "hannvzdlrasvr01,hannvzdlrasvr02"]
PRVG-2027 : Owner of file "/u01/app/19.0.0.0/grid/lib/libippcore.a" is inconsistent across nodes. [Found = "{oracle=[hannvzdlrasvr01], root=[hannvzdlrasvr02]}" on Nodes = "hannvzdlrasvr01,hannvzdlrasvr02"]

2024-12-07 12:33:37.989 [CVUD(61254)]CRS-10051: CVU found following errors with Clusterware setup : PRVG-2027 : Owner of file "/u01/app/19.0.0.0/grid/lib/libippcp.a" is inconsistent across nodes. [Found = "{oracle=[hannvzdlrasvr01], root=[hannvzdlrasvr02]}" on Nodes = "hannvzdlrasvr01,hannvzdlrasvr02"]
PRVG-2027 : Owner of file "/u01/app/19.0.0.0/grid/lib/libofs.a" is inconsistent across nodes. [Found = "{oracle=[hannvzdlrasvr01], root=[hannvzdlrasvr02]}" on Nodes = "hannvzdlrasvr01,hannvzdlrasvr02"]
PRVG-2027 : Owner of file "/u01/app/19.0.0.0/grid/lib/libclntshcore.so.19.1" is inconsistent across nodes. [Found = "{oracle=[hannvzdlrasvr01], root=[hannvzdlrasvr02]}" on Nodes = "hannvzdlrasvr01,hannvzdlrasvr02"]

2024-12-07 12:33:37.989 [CVUD(61254)]CRS-10051: CVU found following errors with Clusterware setup : PRVG-2029 : Octal permissions of file "/u01/app/19.0.0.0/grid/lib/libclntshcore.so.19.1" are inconsistent across nodes. [Found = "{0644=[hannvzdlrasvr02], 0755=[hannvzdlrasvr01]}"]
PRVG-2027 : Owner of file "/u01/app/19.0.0.0/grid/lib/libipc1.a" is inconsistent across nodes. [Found = "{oracle=[hannvzdlrasvr01], root=[hannvzdlrasvr02]}" on Nodes = "hannvzdlrasvr01,hannvzdlrasvr02"]
PRVG-2027 : Owner of file "/u01/app/19.0.0.0/grid/lib/libedtn19_hp.a" is inconsistent across nodes. [Found = "{oracle=[hannvzdlrasvr01], root=[hannvzdlrasvr02]}" on Nodes = "hannvzdlrasvr01,hannvzdlrasvr02"]

2024-12-07 12:33:37.990 [CVUD(61254)]CRS-10051: CVU found following errors with Clusterware setup : PRVG-2027 : Owner of file "/u01/app/19.0.0.0/grid/lib/liblzopro5.a" is inconsistent across nodes. [Found = "{oracle=[hannvzdlrasvr01], root=[hannvzdlrasvr02]}" on Nodes = "hannvzdlrasvr01,hannvzdlrasvr02"]
PRVG-2027 : Owner of file "/u01/app/19.0.0.0/grid/lib/libodmd19.so" is inconsistent across nodes. [Found = "{oracle=[hannvzdlrasvr01], root=[hannvzdlrasvr02]}" on Nodes = "hannvzdlrasvr01,hannvzdlrasvr02"]
PRVG-2027 : Owner of file "/u01/app/19.0.0.0/grid/lib/libnfsodm19.so" is inconsistent across nodes. [Found = "{oracle=[hannvzdlrasvr01], root=[hannvzdlrasvr02]}" on Nodes = "hannvzdlrasvr01,hannvzdlrasvr02"]

2024-12-07 12:33:37.990 [CVUD(61254)]CRS-10051: CVU found following errors with Clusterware setup : PRVG-2027 : Owner of file "/u01/app/19.0.0.0/grid/lib/liboraz.a" is inconsistent across nodes. [Found = "{oracle=[hannvzdlrasvr01], root=[hannvzdlrasvr02]}" on Nodes = "hannvzdlrasvr01,hannvzdlrasvr02"]
PRVG-2027 : Owner of file "/u01/app/19.0.0.0/grid/lib/libzt19.a" is inconsistent across nodes. [Found = "{oracle=[hannvzdlrasvr01], root=[hannvzdlrasvr02]}" on Nodes = "hannvzdlrasvr01,hannvzdlrasvr02"]
PRVG-2027 : Owner of file "/u01/app/19.0.0.0/grid/lib/libskgxp19.so" is inconsistent across nodes. [Found = "{oracle=[hannvzdlrasvr01], root=[hannvzdlrasvr02]}" on Nodes = "hannvzdlrasvr01,hannvzdlrasvr02"]

2024-12-07 12:33:37.990 [CVUD(61254)]CRS-10051: CVU found following errors with Clusterware setup : PRVG-2027 : Owner of file "/u01/app/19.0.0.0/grid/lib/libipps.a" is inconsistent across nodes. [Found = "{oracle=[hannvzdlrasvr01], root=[hannvzdlrasvr02]}" on Nodes = "hannvzdlrasvr01,hannvzdlrasvr02"]
PRVG-2027 : Owner of file "/u01/app/19.0.0.0/grid/lib/libedtn19_xp.a" is inconsistent across nodes. [Found = "{oracle=[hannvzdlrasvr01], root=[hannvzdlrasvr02]}" on Nodes = "hannvzdlrasvr01,hannvzdlrasvr02"]
PRVG-2027 : Owner of file "/u01/app/19.0.0.0/grid/lib/libofs.so" is inconsistent across nodes. [Found = "{oracle=[hannvzdlrasvr01], root=[hannvzdlrasvr02]}" on Nodes = "hannvzdlrasvr01,hannvzdlrasvr02"]

2024-12-07 12:33:37.990 [CVUD(61254)]CRS-10051: CVU found following errors with Clusterware setup : PRVG-2027 : Owner of file "/u01/app/19.0.0.0/grid/lib/libowm2.a" is inconsistent across nodes. [Found = "{oracle=[hannvzdlrasvr01], root=[hannvzdlrasvr02]}" on Nodes = "hannvzdlrasvr01,hannvzdlrasvr02"]
PRVG-2027 : Owner of file "/u01/app/19.0.0.0/grid/lib/libnnz19.so" is inconsistent across nodes. [Found = "{oracle=[hannvzdlrasvr01], root=[hannvzdlrasvr02]}" on Nodes = "hannvzdlrasvr01,hannvzdlrasvr02"]
PRVG-2027 : Owner of file "/u01/app/19.0.0.0/grid/lib/libnnz19.a" is inconsistent across nodes. [Found = "{oracle=[hannvzdlrasvr01], root=[hannvzdlrasvr02]}" on Nodes = "hannvzdlrasvr01,hannvzdlrasvr02"]

2024-12-07 12:33:37.990 [CVUD(61254)]CRS-10051: CVU found following errors with Clusterware setup : PRVG-2027 : Owner of file "/u01/app/19.0.0.0/grid/lib/libowm2.so" is inconsistent across nodes. [Found = "{oracle=[hannvzdlrasvr01], root=[hannvzdlrasvr02]}" on Nodes = "hannvzdlrasvr01,hannvzdlrasvr02"]
PRVG-2027 : Owner of file "/u01/app/19.0.0.0/grid/lib/libldapjclnt19.a" is inconsistent across nodes. [Found = "{oracle=[hannvzdlrasvr01], root=[hannvzdlrasvr02]}" on Nodes = "hannvzdlrasvr01,hannvzdlrasvr02"]
PRVG-2027 : Owner of file "/u01/app/19.0.0.0/grid/lib/libnnzst19.a" is inconsistent across nodes. [Found = "{oracle=[hannvzdlrasvr01], root=[hannvzdlrasvr02]}" on Nodes = "hannvzdlrasvr01,hannvzdlrasvr02"]

2024-12-07 12:33:37.990 [CVUD(61254)]CRS-10051: CVU found following errors with Clusterware setup : PRVG-2027 : Owner of file "/u01/app/19.0.0.0/grid/lib/libccme_asym.so" is inconsistent across nodes. [Found = "{oracle=[hannvzdlrasvr01], root=[hannvzdlrasvr02]}" on Nodes = "hannvzdlrasvr01,hannvzdlrasvr02"]
PRVG-2027 : Owner of file "/u01/app/19.0.0.0/grid/lib/libldapclnt19.a" is inconsistent across nodes. [Found = "{oracle=[hannvzdlrasvr01], root=[hannvzdlrasvr02]}" on Nodes = "hannvzdlrasvr01,hannvzdlrasvr02"]
PRVG-2027 : Owner of file "/u01/app/19.0.0.0/grid/lib/libccme_ecc.so" is inconsistent across nodes. [Found = "{oracle=[hannvzdlrasvr01], root=[hannvzdlrasvr02]}" on Nodes = "hannvzdlrasvr01,hannvzdlrasvr02"]

2024-12-07 12:33:37.990 [CVUD(61254)]CRS-10051: CVU found following errors with Clusterware setup : PRVG-2027 : Owner of file "/u01/app/19.0.0.0/grid/lib/libccme_ecc_non_fips.so" is inconsistent across nodes. [Found = "{oracle=[hannvzdlrasvr01], root=[hannvzdlrasvr02]}" on Nodes = "hannvzdlrasvr01,hannvzdlrasvr02"]
PRVG-2027 : Owner of file "/u01/app/19.0.0.0/grid/lib/libcryptocme.so" is inconsistent across nodes. [Found = "{oracle=[hannvzdlrasvr01], root=[hannvzdlrasvr02]}" on Nodes = "hannvzdlrasvr01,hannvzdlrasvr02"]
PRVG-2027 : Owner of file "/u01/app/19.0.0.0/grid/lib/libccme_base_non_fips.so" is inconsistent across nodes. [Found = "{oracle=[hannvzdlrasvr01], root=[hannvzdlrasvr02]}" on Nodes = "hannvzdlrasvr01,hannvzdlrasvr02"]

2024-12-07 12:33:37.990 [CVUD(61254)]CRS-10051: CVU found following errors with Clusterware setup : PRVG-2027 : Owner of file "/u01/app/19.0.0.0/grid/lib/libccme_base.so" is inconsistent across nodes. [Found = "{oracle=[hannvzdlrasvr01], root=[hannvzdlrasvr02]}" on Nodes = "hannvzdlrasvr01,hannvzdlrasvr02"]
PRVG-2027 : Owner of file "/u01/app/19.0.0.0/grid/lib/libztkg19.a" is inconsistent across nodes. [Found = "{oracle=[hannvzdlrasvr01], root=[hannvzdlrasvr02]}" on Nodes = "hannvzdlrasvr01,hannvzdlrasvr02"]
PRVG-2027 : Owner of file "/u01/app/19.0.0.0/grid/lib/libldapjclnt19.so" is inconsistent across nodes. [Found = "{oracle=[hannvzdlrasvr01], root=[hannvzdlrasvr02]}" on Nodes = "hannvzdlrasvr01,hannvzdlrasvr02"]

2024-12-07 12:33:37.990 [CVUD(61254)]CRS-10051: CVU found following errors with Clusterware setup : PRVG-2031 : Owner of file "/u01/app/19.0.0.0/grid/jlib/netcfg.jar" did not match the expected value on node "hannvzdlrasvr01". [Expected = "root" ; Found = "oracle"]
PRVG-2027 : Owner of file "/u01/app/19.0.0.0/grid/lib/libntwss19.a" is inconsistent across nodes. [Found = "{oracle=[hannvzdlrasvr01], root=[hannvzdlrasvr02]}" on Nodes = "hannvzdlrasvr01,hannvzdlrasvr02"]
PRVG-2027 : Owner of file "/u01/app/19.0.0.0/grid/lib/libntns19.a" is inconsistent across nodes. [Found = "{oracle=[hannvzdlrasvr01], root=[hannvzdlrasvr02]}" on Nodes = "hannvzdlrasvr01,hannvzdlrasvr02"]

2024-12-07 12:33:37.990 [CVUD(61254)]CRS-10051: CVU found following errors with Clusterware setup : PRVG-2027 : Owner of file "/u01/app/19.0.0.0/grid/lib/clntsh.map" is inconsistent across nodes. [Found = "{oracle=[hannvzdlrasvr01], root=[hannvzdlrasvr02]}" on Nodes = "hannvzdlrasvr01,hannvzdlrasvr02"]
PRVG-2027 : Owner of file "/u01/app/19.0.0.0/grid/lib/naedhs.o" is inconsistent across nodes. [Found = "{oracle=[hannvzdlrasvr01], root=[hannvzdlrasvr02]}" on Nodes = "hannvzdlrasvr01,hannvzdlrasvr02"]
PRVG-2027 : Owner of file "/u01/app/19.0.0.0/grid/lib/libnro19.a" is inconsistent across nodes. [Found = "{oracle=[hannvzdlrasvr01], root=[hannvzdlrasvr02]}" on Nodes = "hannvzdlrasvr01,hannvzdlrasvr02"]

2024-12-07 12:33:37.990 [CVUD(61254)]CRS-10051: CVU found following errors with Clusterware setup : PRVG-2027 : Owner of file "/u01/app/19.0.0.0/grid/lib/libngsmshd19.a" is inconsistent across nodes. [Found = "{oracle=[hannvzdlrasvr01], root=[hannvzdlrasvr02]}" on Nodes = "hannvzdlrasvr01,hannvzdlrasvr02"]
PRVG-2027 : Owner of file "/u01/app/19.0.0.0/grid/lib/libnzjs19.a" is inconsistent across nodes. [Found = "{oracle=[hannvzdlrasvr01], root=[hannvzdlrasvr02]}" on Nodes = "hannvzdlrasvr01,hannvzdlrasvr02"]
PRVG-2027 : Owner of file "/u01/app/19.0.0.0/grid/lib/libnbeq19.a" is inconsistent across nodes. [Found = "{oracle=[hannvzdlrasvr01], root=[hannvzdlrasvr02]}" on Nodes = "hannvzdlrasvr01,hannvzdlrasvr02"]

2024-12-07 12:33:37.990 [CVUD(61254)]CRS-10051: CVU found following errors with Clusterware setup : PRVG-2027 : Owner of file "/u01/app/19.0.0.0/grid/lib/libnhost19.a" is inconsistent across nodes. [Found = "{oracle=[hannvzdlrasvr01], root=[hannvzdlrasvr02]}" on Nodes = "hannvzdlrasvr01,hannvzdlrasvr02"]
PRVG-2027 : Owner of file "/u01/app/19.0.0.0/grid/lib/ldflags" is inconsistent across nodes. [Found = "{oracle=[hannvzdlrasvr01], root=[hannvzdlrasvr02]}" on Nodes = "hannvzdlrasvr01,hannvzdlrasvr02"]
PRVG-2027 : Owner of file "/u01/app/19.0.0.0/grid/lib/libn19.a" is inconsistent across nodes. [Found = "{oracle=[hannvzdlrasvr01], root=[hannvzdlrasvr02]}" on Nodes = "hannvzdlrasvr01,hannvzdlrasvr02"]

2024-12-07 12:33:37.991 [CVUD(61254)]CRS-10051: CVU found following errors with Clusterware setup : PRVG-2027 : Owner of file "/u01/app/19.0.0.0/grid/lib/nnfgt.o" is inconsistent across nodes. [Found = "{oracle=[hannvzdlrasvr01], root=[hannvzdlrasvr02]}" on Nodes = "hannvzdlrasvr01,hannvzdlrasvr02"]
PRVG-2027 : Owner of file "/u01/app/19.0.0.0/grid/lib/libnoname19.a" is inconsistent across nodes. [Found = "{oracle=[hannvzdlrasvr01], root=[hannvzdlrasvr02]}" on Nodes = "hannvzdlrasvr01,hannvzdlrasvr02"]
PRVG-2027 : Owner of file "/u01/app/19.0.0.0/grid/lib/libnus19.a" is inconsistent across nodes. [Found = "{oracle=[hannvzdlrasvr01], root=[hannvzdlrasvr02]}" on Nodes = "hannvzdlrasvr01,hannvzdlrasvr02"]

2024-12-07 12:33:37.991 [CVUD(61254)]CRS-10051: CVU found following errors with Clusterware setup : PRVG-2027 : Owner of file "/u01/app/19.0.0.0/grid/lib/libntcp19.a" is inconsistent across nodes. [Found = "{oracle=[hannvzdlrasvr01], root=[hannvzdlrasvr02]}" on Nodes = "hannvzdlrasvr01,hannvzdlrasvr02"]
PRVG-2027 : Owner of file "/u01/app/19.0.0.0/grid/lib/ntcontab.o" is inconsistent across nodes. [Found = "{oracle=[hannvzdlrasvr01], root=[hannvzdlrasvr02]}" on Nodes = "hannvzdlrasvr01,hannvzdlrasvr02"]
PRVG-2027 : Owner of file "/u01/app/19.0.0.0/grid/lib/libncrypt19.a" is inconsistent across nodes. [Found = "{oracle=[hannvzdlrasvr01], root=[hannvzdlrasvr02]}" on Nodes = "hannvzdlrasvr01,hannvzdlrasvr02"]

2024-12-07 12:33:37.991 [CVUD(61254)]CRS-10051: CVU found following errors with Clusterware setup : PRVG-2027 : Owner of file "/u01/app/19.0.0.0/grid/lib/libnl19.a" is inconsistent across nodes. [Found = "{oracle=[hannvzdlrasvr01], root=[hannvzdlrasvr02]}" on Nodes = "hannvzdlrasvr01,hannvzdlrasvr02"]
PRVG-2027 : Owner of file "/u01/app/19.0.0.0/grid/lib/libnsgr19.a" is inconsistent across nodes. [Found = "{oracle=[hannvzdlrasvr01], root=[hannvzdlrasvr02]}" on Nodes = "hannvzdlrasvr01,hannvzdlrasvr02"]
PRVG-2027 : Owner of file "/u01/app/19.0.0.0/grid/bin/tnsping" is inconsistent across nodes. [Found = "{oracle=[hannvzdlrasvr01], root=[hannvzdlrasvr02]}" on Nodes = "hannvzdlrasvr01,hannvzdlrasvr02"]

2024-12-07 12:33:37.991 [CVUD(61254)]CRS-10051: CVU found following errors with Clusterware setup : PRVG-2027 : Owner of file "/u01/app/19.0.0.0/grid/bin/echodo" is inconsistent across nodes. [Found = "{oracle=[hannvzdlrasvr01], root=[hannvzdlrasvr02]}" on Nodes = "hannvzdlrasvr01,hannvzdlrasvr02"]
PRVG-2027 : Owner of file "/u01/app/19.0.0.0/grid/bin/gennfgt" is inconsistent across nodes. [Found = "{oracle=[hannvzdlrasvr01], root=[hannvzdlrasvr02]}" on Nodes = "hannvzdlrasvr01,hannvzdlrasvr02"]
PRVG-2027 : Owner of file "/u01/app/19.0.0.0/grid/bin/gennttab" is inconsistent across nodes. [Found = "{oracle=[hannvzdlrasvr01], root=[hannvzdlrasvr02]}" on Nodes = "hannvzdlrasvr01,hannvzdlrasvr02"]

2024-12-07 12:33:37.991 [CVUD(61254)]CRS-10051: CVU found following errors with Clusterware setup : PRVG-2027 : Owner of file "/u01/app/19.0.0.0/grid/lib/libntmq19.a" is inconsistent across nodes. [Found = "{oracle=[hannvzdlrasvr01], root=[hannvzdlrasvr02]}" on Nodes = "hannvzdlrasvr01,hannvzdlrasvr02"]
PRVG-2027 : Owner of file "/u01/app/19.0.0.0/grid/lib/libnque19.so" is inconsistent across nodes. [Found = "{oracle=[hannvzdlrasvr01], root=[hannvzdlrasvr02]}" on Nodes = "hannvzdlrasvr01,hannvzdlrasvr02"]
PRVG-2027 : Owner of file "/u01/app/19.0.0.0/grid/lib/libnldap19.a" is inconsistent across nodes. [Found = "{oracle=[hannvzdlrasvr01], root=[hannvzdlrasvr02]}" on Nodes = "hannvzdlrasvr01,hannvzdlrasvr02"]

2024-12-07 12:33:37.991 [CVUD(61254)]CRS-10051: CVU found following errors with Clusterware setup : PRVG-2027 : Owner of file "/u01/app/19.0.0.0/grid/lib/libnjni19.so" is inconsistent across nodes. [Found = "{oracle=[hannvzdlrasvr01], root=[hannvzdlrasvr02]}" on Nodes = "hannvzdlrasvr01,hannvzdlrasvr02"]
PRVG-2027 : Owner of file "/u01/app/19.0.0.0/grid/lib/libntcpaio19.so" is inconsistent across nodes. [Found = "{oracle=[hannvzdlrasvr01], root=[hannvzdlrasvr02]}" on Nodes = "hannvzdlrasvr01,hannvzdlrasvr02"]
PRVG-2027 : Owner of file "/u01/app/19.0.0.0/grid/lib/libnls19.a" is inconsistent across nodes. [Found = "{oracle=[hannvzdlrasvr01], root=[hannvzdlrasvr02]}" on Nodes = "hannvzdlrasvr01,hannvzdlrasvr02"]

2024-12-07 12:33:37.991 [CVUD(61254)]CRS-10051: CVU found following errors with Clusterware setup : PRVG-2027 : Owner of file "/u01/app/19.0.0.0/grid/lib/libsnls19.a" is inconsistent across nodes. [Found = "{oracle=[hannvzdlrasvr01], root=[hannvzdlrasvr02]}" on Nodes = "hannvzdlrasvr01,hannvzdlrasvr02"]
PRVG-2027 : Owner of file "/u01/app/19.0.0.0/grid/lib/liblxled.a" is inconsistent across nodes. [Found = "{oracle=[hannvzdlrasvr01], root=[hannvzdlrasvr02]}" on Nodes = "hannvzdlrasvr01,hannvzdlrasvr02"]
PRVG-2027 : Owner of file "/u01/app/19.0.0.0/grid/lib/libunls19.a" is inconsistent across nodes. [Found = "{oracle=[hannvzdlrasvr01], root=[hannvzdlrasvr02]}" on Nodes = "hannvzdlrasvr01,hannvzdlrasvr02"]

2024-12-07 12:33:37.991 [CVUD(61254)]CRS-10051: CVU found following errors with Clusterware setup : PRVG-2027 : Owner of file "/u01/app/19.0.0.0/grid/bin/lxinst" is inconsistent across nodes. [Found = "{oracle=[hannvzdlrasvr01], root=[hannvzdlrasvr02]}" on Nodes = "hannvzdlrasvr01,hannvzdlrasvr02"]
PRVG-2027 : Owner of file "/u01/app/19.0.0.0/grid/bin/lcsscan" is inconsistent across nodes. [Found = "{oracle=[hannvzdlrasvr01], root=[hannvzdlrasvr02]}" on Nodes = "hannvzdlrasvr01,hannvzdlrasvr02"]
PRVG-2027 : Owner of file "/u01/app/19.0.0.0/grid/bin/lmsgen" is inconsistent across nodes. [Found = "{oracle=[hannvzdlrasvr01], root=[hannvzdlrasvr02]}" on Nodes = "hannvzdlrasvr01,hannvzdlrasvr02"]

2024-12-07 12:33:37.991 [CVUD(61254)]CRS-10051: CVU found following errors with Clusterware setup : PRVG-2027 : Owner of file "/u01/app/19.0.0.0/grid/bin/lxegen" is inconsistent across nodes. [Found = "{oracle=[hannvzdlrasvr01], root=[hannvzdlrasvr02]}" on Nodes = "hannvzdlrasvr01,hannvzdlrasvr02"]
PRVG-2027 : Owner of file "/u01/app/19.0.0.0/grid/bin/lxchknlb" is inconsistent across nodes. [Found = "{oracle=[hannvzdlrasvr01], root=[hannvzdlrasvr02]}" on Nodes = "hannvzdlrasvr01,hannvzdlrasvr02"]
PRVG-2027 : Owner of file "/u01/app/19.0.0.0/grid/lib/s0main.o" is inconsistent across nodes. [Found = "{oracle=[hannvzdlrasvr01], root=[hannvzdlrasvr02]}" on Nodes = "hannvzdlrasvr01,hannvzdlrasvr02"]

2024-12-07 12:33:37.991 [CVUD(61254)]CRS-10051: CVU found following errors with Clusterware setup : PRVG-2027 : Owner of file "/u01/app/19.0.0.0/grid/lib/sscoreed.o" is inconsistent across nodes. [Found = "{oracle=[hannvzdlrasvr01], root=[hannvzdlrasvr02]}" on Nodes = "hannvzdlrasvr01,hannvzdlrasvr02"]
PRVG-2027 : Owner of file "/u01/app/19.0.0.0/grid/lib/libcorejava.so" is inconsistent across nodes. [Found = "{oracle=[hannvzdlrasvr01], root=[hannvzdlrasvr02]}" on Nodes = "hannvzdlrasvr01,hannvzdlrasvr02"]
PRVG-2027 : Owner of file "/u01/app/19.0.0.0/grid/lib/liboralz4.a" is inconsistent across nodes. [Found = "{oracle=[hannvzdlrasvr01], root=[hannvzdlrasvr02]}" on Nodes = "hannvzdlrasvr01,hannvzdlrasvr02"]

2024-12-07 12:33:37.991 [CVUD(61254)]CRS-10051: CVU found following errors with Clusterware setup : PRVG-2027 : Owner of file "/u01/app/19.0.0.0/grid/lib/liborazstd.a" is inconsistent across nodes. [Found = "{oracle=[hannvzdlrasvr01], root=[hannvzdlrasvr02]}" on Nodes = "hannvzdlrasvr01,hannvzdlrasvr02"]
PRVG-2027 : Owner of file "/u01/app/19.0.0.0/grid/lib/liborazip.a" is inconsistent across nodes. [Found = "{oracle=[hannvzdlrasvr01], root=[hannvzdlrasvr02]}" on Nodes = "hannvzdlrasvr01,hannvzdlrasvr02"]
PRVG-2027 : Owner of file "/u01/app/19.0.0.0/grid/lib/libcore19.a" is inconsistent across nodes. [Found = "{oracle=[hannvzdlrasvr01], root=[hannvzdlrasvr02]}" on Nodes = "hannvzdlrasvr01,hannvzdlrasvr02"]

2024-12-07 12:33:37.991 [CVUD(61254)]CRS-10051: CVU found following errors with Clusterware setup : PRVG-2027 : Owner of file "/u01/app/19.0.0.0/grid/lib/libcorejava.a" is inconsistent across nodes. [Found = "{oracle=[hannvzdlrasvr01], root=[hannvzdlrasvr02]}" on Nodes = "hannvzdlrasvr01,hannvzdlrasvr02"]
PRVG-2027 : Owner of file "/u01/app/19.0.0.0/grid/lib/scorept.o" is inconsistent across nodes. [Found = "{oracle=[hannvzdlrasvr01], root=[hannvzdlrasvr02]}" on Nodes = "hannvzdlrasvr01,hannvzdlrasvr02"]
PRVG-2027 : Owner of file "/u01/app/19.0.0.0/grid/bin/oerr.pl" is inconsistent across nodes. [Found = "{oracle=[hannvzdlrasvr01], root=[hannvzdlrasvr02]}" on Nodes = "hannvzdlrasvr01,hannvzdlrasvr02"]

2024-12-07 12:33:37.992 [CVUD(61254)]CRS-10051: CVU found following errors with Clusterware setup : PRVG-2027 : Owner of file "/u01/app/19.0.0.0/grid/bin/gensyslib" is inconsistent across nodes. [Found = "{oracle=[hannvzdlrasvr01], root=[hannvzdlrasvr02]}" on Nodes = "hannvzdlrasvr01,hannvzdlrasvr02"]
PRVG-2027 : Owner of file "/u01/app/19.0.0.0/grid/bin/oerr" is inconsistent across nodes. [Found = "{oracle=[hannvzdlrasvr01], root=[hannvzdlrasvr02]}" on Nodes = "hannvzdlrasvr01,hannvzdlrasvr02"]
PRVG-2027 : Owner of file "/u01/app/19.0.0.0/grid/bin/linkshlib" is inconsistent across nodes. [Found = "{oracle=[hannvzdlrasvr01], root=[hannvzdlrasvr02]}" on Nodes = "hannvzdlrasvr01,hannvzdlrasvr02"]

2024-12-07 12:33:37.992 [CVUD(61254)]CRS-10051: CVU found following errors with Clusterware setup : PRVG-2027 : Owner of file "/u01/app/19.0.0.0/grid/bin/zip" is inconsistent across nodes. [Found = "{oracle=[hannvzdlrasvr01], root=[hannvzdlrasvr02]}" on Nodes = "hannvzdlrasvr01,hannvzdlrasvr02"]
PRVG-2027 : Owner of file "/u01/app/19.0.0.0/grid/bin/genorasdksh" is inconsistent across nodes. [Found = "{oracle=[hannvzdlrasvr01], root=[hannvzdlrasvr02]}" on Nodes = "hannvzdlrasvr01,hannvzdlrasvr02"]
PRVG-2027 : Owner of file "/u01/app/19.0.0.0/grid/bin/orald" is inconsistent across nodes. [Found = "{oracle=[hannvzdlrasvr01], root=[hannvzdlrasvr02]}" on Nodes = "hannvzdlrasvr01,hannvzdlrasvr02"]

2024-12-07 12:33:37.992 [CVUD(61254)]CRS-10051: CVU found following errors with Clusterware setup : PRVG-2027 : Owner of file "/u01/app/19.0.0.0/grid/lib/crtend.o" is inconsistent across nodes. [Found = "{oracle=[hannvzdlrasvr01], root=[hannvzdlrasvr02]}" on Nodes = "hannvzdlrasvr01,hannvzdlrasvr02"]
PRVG-2027 : Owner of file "/u01/app/19.0.0.0/grid/lib/libirc.a" is inconsistent across nodes. [Found = "{oracle=[hannvzdlrasvr01], root=[hannvzdlrasvr02]}" on Nodes = "hannvzdlrasvr01,hannvzdlrasvr02"]
PRVG-2027 : Owner of file "/u01/app/19.0.0.0/grid/lib/libimf.a" is inconsistent across nodes. [Found = "{oracle=[hannvzdlrasvr01], root=[hannvzdlrasvr02]}" on Nodes = "hannvzdlrasvr01,hannvzdlrasvr02"]

2024-12-07 12:33:37.992 [CVUD(61254)]CRS-10051: CVU found following errors with Clusterware setup : PRVG-2027 : Owner of file "/u01/app/19.0.0.0/grid/lib/libintlc.so.5" is inconsistent across nodes. [Found = "{oracle=[hannvzdlrasvr01], root=[hannvzdlrasvr02]}" on Nodes = "hannvzdlrasvr01,hannvzdlrasvr02"]
PRVG-2027 : Owner of file "/u01/app/19.0.0.0/grid/lib/libsvml.a" is inconsistent across nodes. [Found = "{oracle=[hannvzdlrasvr01], root=[hannvzdlrasvr02]}" on Nodes = "hannvzdlrasvr01,hannvzdlrasvr02"]
PRVG-2027 : Owner of file "/u01/app/19.0.0.0/grid/lib/libirng.a" is inconsistent across nodes. [Found = "{oracle=[hannvzdlrasvr01], root=[hannvzdlrasvr02]}" on Nodes = "hannvzdlrasvr01,hannvzdlrasvr02"]

2024-12-07 12:33:37.992 [CVUD(61254)]CRS-10051: CVU found following errors with Clusterware setup : PRVG-2027 : Owner of file "/u01/app/19.0.0.0/grid/lib/crtbegin.o" is inconsistent across nodes. [Found = "{oracle=[hannvzdlrasvr01], root=[hannvzdlrasvr02]}" on Nodes = "hannvzdlrasvr01,hannvzdlrasvr02"]
PRVG-2027 : Owner of file "/u01/app/19.0.0.0/grid/lib/stubs/libXext.so" is inconsistent across nodes. [Found = "{oracle=[hannvzdlrasvr01], root=[hannvzdlrasvr02]}" on Nodes = "hannvzdlrasvr01,hannvzdlrasvr02"]
PRVG-2027 : Owner of file "/u01/app/19.0.0.0/grid/lib/stubs/libXm.so.4" is inconsistent across nodes. [Found = "{oracle=[hannvzdlrasvr01], root=[hannvzdlrasvr02]}" on Nodes = "hannvzdlrasvr01,hannvzdlrasvr02"]

2024-12-07 12:33:37.992 [CVUD(61254)]CRS-10051: CVU found following errors with Clusterware setup : PRVG-2027 : Owner of file "/u01/app/19.0.0.0/grid/lib/stubs/libaio-2.17.0-stub.so" is inconsistent across nodes. [Found = "{oracle=[hannvzdlrasvr01], root=[hannvzdlrasvr02]}" on Nodes = "hannvzdlrasvr01,hannvzdlrasvr02"]
PRVG-2027 : Owner of file "/u01/app/19.0.0.0/grid/lib/stubs/libXpm.so" is inconsistent across nodes. [Found = "{oracle=[hannvzdlrasvr01], root=[hannvzdlrasvr02]}" on Nodes = "hannvzdlrasvr01,hannvzdlrasvr02"]
PRVG-2027 : Owner of file "/u01/app/19.0.0.0/grid/lib/stubs/libext2fs-2.17.0-stub.so" is inconsistent across nodes. [Found = "{oracle=[hannvzdlrasvr01], root=[hannvzdlrasvr02]}" on Nodes = "hannvzdlrasvr01,hannvzdlrasvr02"]

2024-12-07 12:33:37.992 [CVUD(61254)]CRS-10051: CVU found following errors with Clusterware setup : PRVG-2027 : Owner of file "/u01/app/19.0.0.0/grid/lib/stubs/libdl.so" is inconsistent across nodes. [Found = "{oracle=[hannvzdlrasvr01], root=[hannvzdlrasvr02]}" on Nodes = "hannvzdlrasvr01,hannvzdlrasvr02"]
PRVG-2027 : Owner of file "/u01/app/19.0.0.0/grid/lib/stubs/libXm.so" is inconsistent across nodes. [Found = "{oracle=[hannvzdlrasvr01], root=[hannvzdlrasvr02]}" on Nodes = "hannvzdlrasvr01,hannvzdlrasvr02"]
PRVG-2027 : Owner of file "/u01/app/19.0.0.0/grid/lib/stubs/libcom_err.so.2" is inconsistent across nodes. [Found = "{oracle=[hannvzdlrasvr01], root=[hannvzdlrasvr02]}" on Nodes = "hannvzdlrasvr01,hannvzdlrasvr02"]

2024-12-07 12:33:37.992 [CVUD(61254)]CRS-10051: CVU found following errors with Clusterware setup : PRVG-2027 : Owner of file "/u01/app/19.0.0.0/grid/lib/stubs/librt.so.1" is inconsistent across nodes. [Found = "{oracle=[hannvzdlrasvr01], root=[hannvzdlrasvr02]}" on Nodes = "hannvzdlrasvr01,hannvzdlrasvr02"]
PRVG-2027 : Owner of file "/u01/app/19.0.0.0/grid/lib/stubs/libSM.so.6" is inconsistent across nodes. [Found = "{oracle=[hannvzdlrasvr01], root=[hannvzdlrasvr02]}" on Nodes = "hannvzdlrasvr01,hannvzdlrasvr02"]
PRVG-2027 : Owner of file "/u01/app/19.0.0.0/grid/lib/stubs/libm.so.6" is inconsistent across nodes. [Found = "{oracle=[hannvzdlrasvr01], root=[hannvzdlrasvr02]}" on Nodes = "hannvzdlrasvr01,hannvzdlrasvr02"]

2024-12-07 12:33:37.992 [CVUD(61254)]CRS-10051: CVU found following errors with Clusterware setup : PRVG-2027 : Owner of file "/u01/app/19.0.0.0/grid/lib/stubs/libcom_err.so" is inconsistent across nodes. [Found = "{oracle=[hannvzdlrasvr01], root=[hannvzdlrasvr02]}" on Nodes = "hannvzdlrasvr01,hannvzdlrasvr02"]
PRVG-2027 : Owner of file "/u01/app/19.0.0.0/grid/lib/stubs/libcrypto-2.17.0-stub.so" is inconsistent across nodes. [Found = "{oracle=[hannvzdlrasvr01], root=[hannvzdlrasvr02]}" on Nodes = "hannvzdlrasvr01,hannvzdlrasvr02"]
PRVG-2027 : Owner of file "/u01/app/19.0.0.0/grid/lib/stubs/libutil.so.1" is inconsistent across nodes. [Found = "{oracle=[hannvzdlrasvr01], root=[hannvzdlrasvr02]}" on Nodes = "hannvzdlrasvr01,hannvzdlrasvr02"]

2024-12-07 12:33:37.992 [CVUD(61254)]CRS-10051: CVU found following errors with Clusterware setup : PRVG-2027 : Owner of file "/u01/app/19.0.0.0/grid/lib/stubs/libXm-2.17.0-stub.so" is inconsistent across nodes. [Found = "{oracle=[hannvzdlrasvr01], root=[hannvzdlrasvr02]}" on Nodes = "hannvzdlrasvr01,hannvzdlrasvr02"]
PRVG-2027 : Owner of file "/u01/app/19.0.0.0/grid/lib/stubs/libstdc++-2.17.0-stub.so" is inconsistent across nodes. [Found = "{oracle=[hannvzdlrasvr01], root=[hannvzdlrasvr02]}" on Nodes = "hannvzdlrasvr01,hannvzdlrasvr02"]
PRVG-2027 : Owner of file "/u01/app/19.0.0.0/grid/lib/stubs/librdmacm.so.1" is inconsistent across nodes. [Found = "{oracle=[hannvzdlrasvr01], root=[hannvzdlrasvr02]}" on Nodes = "hannvzdlrasvr01,hannvzdlrasvr02"]

2024-12-07 12:33:37.992 [CVUD(61254)]CRS-10051: CVU found following errors with Clusterware setup : PRVG-2027 : Owner of file "/u01/app/19.0.0.0/grid/lib/stubs/libnuma.so" is inconsistent across nodes. [Found = "{oracle=[hannvzdlrasvr01], root=[hannvzdlrasvr02]}" on Nodes = "hannvzdlrasvr01,hannvzdlrasvr02"]
PRVG-2027 : Owner of file "/u01/app/19.0.0.0/grid/lib/stubs/libibverbs.so" is inconsistent across nodes. [Found = "{oracle=[hannvzdlrasvr01], root=[hannvzdlrasvr02]}" on Nodes = "hannvzdlrasvr01,hannvzdlrasvr02"]
PRVG-2027 : Owner of file "/u01/app/19.0.0.0/grid/lib/stubs/libX11.so.6" is inconsistent across nodes. [Found = "{oracle=[hannvzdlrasvr01], root=[hannvzdlrasvr02]}" on Nodes = "hannvzdlrasvr01,hannvzdlrasvr02"]

2024-12-07 12:33:37.992 [CVUD(61254)]CRS-10051: CVU found following errors with Clusterware setup : PRVG-2027 : Owner of file "/u01/app/19.0.0.0/grid/lib/stubs/libXt-2.17.0-stub.so" is inconsistent across nodes. [Found = "{oracle=[hannvzdlrasvr01], root=[hannvzdlrasvr02]}" on Nodes = "hannvzdlrasvr01,hannvzdlrasvr02"]
PRVG-2027 : Owner of file "/u01/app/19.0.0.0/grid/lib/stubs/libcrypt.so" is inconsistent across nodes. [Found = "{oracle=[hannvzdlrasvr01], root=[hannvzdlrasvr02]}" on Nodes = "hannvzdlrasvr01,hannvzdlrasvr02"]
PRVG-2027 : Owner of file "/u01/app/19.0.0.0/grid/lib/stubs/libcom_err-2.17.0-stub.so" is inconsistent across nodes. [Found = "{oracle=[hannvzdlrasvr01], root=[hannvzdlrasvr02]}" on Nodes = "hannvzdlrasvr01,hannvzdlrasvr02"]

2024-12-07 12:33:37.993 [CVUD(61254)]CRS-10051: CVU found following errors with Clusterware setup : PRVG-2027 : Owner of file "/u01/app/19.0.0.0/grid/lib/stubs/libgcc_s-2.17.0-stub.so" is inconsistent across nodes. [Found = "{oracle=[hannvzdlrasvr01], root=[hannvzdlrasvr02]}" on Nodes = "hannvzdlrasvr01,hannvzdlrasvr02"]
PRVG-2027 : Owner of file "/u01/app/19.0.0.0/grid/lib/stubs/libresolv-2.17.0-stub.so" is inconsistent across nodes. [Found = "{oracle=[hannvzdlrasvr01], root=[hannvzdlrasvr02]}" on Nodes = "hannvzdlrasvr01,hannvzdlrasvr02"]
PRVG-2027 : Owner of file "/u01/app/19.0.0.0/grid/lib/stubs/libz-2.17.0-stub.so" is inconsistent across nodes. [Found = "{oracle=[hannvzdlrasvr01], root=[hannvzdlrasvr02]}" on Nodes = "hannvzdlrasvr01,hannvzdlrasvr02"]

2024-12-07 12:33:37.993 [CVUD(61254)]CRS-10051: CVU found following errors with Clusterware setup : PRVG-2027 : Owner of file "/u01/app/19.0.0.0/grid/lib/stubs/libutil.so" is inconsistent across nodes. [Found = "{oracle=[hannvzdlrasvr01], root=[hannvzdlrasvr02]}" on Nodes = "hannvzdlrasvr01,hannvzdlrasvr02"]
PRVG-2027 : Owner of file "/u01/app/19.0.0.0/grid/lib/stubs/libm.so" is inconsistent across nodes. [Found = "{oracle=[hannvzdlrasvr01], root=[hannvzdlrasvr02]}" on Nodes = "hannvzdlrasvr01,hannvzdlrasvr02"]
PRVG-2027 : Owner of file "/u01/app/19.0.0.0/grid/lib/stubs/libz.so" is inconsistent across nodes. [Found = "{oracle=[hannvzdlrasvr01], root=[hannvzdlrasvr02]}" on Nodes = "hannvzdlrasvr01,hannvzdlrasvr02"]

2024-12-07 12:33:37.993 [CVUD(61254)]CRS-10051: CVU found following errors with Clusterware setup : PRVG-2027 : Owner of file "/u01/app/19.0.0.0/grid/lib/stubs/libstdc++.so.6" is inconsistent across nodes. [Found = "{oracle=[hannvzdlrasvr01], root=[hannvzdlrasvr02]}" on Nodes = "hannvzdlrasvr01,hannvzdlrasvr02"]
PRVG-2027 : Owner of file "/u01/app/19.0.0.0/grid/lib/stubs/libaio.so.1" is inconsistent across nodes. [Found = "{oracle=[hannvzdlrasvr01], root=[hannvzdlrasvr02]}" on Nodes = "hannvzdlrasvr01,hannvzdlrasvr02"]
PRVG-2027 : Owner of file "/u01/app/19.0.0.0/grid/lib/stubs/libXtst.so.6" is inconsistent across nodes. [Found = "{oracle=[hannvzdlrasvr01], root=[hannvzdlrasvr02]}" on Nodes = "hannvzdlrasvr01,hannvzdlrasvr02"]

2024-12-07 12:33:37.993 [CVUD(61254)]CRS-10051: CVU found following errors with Clusterware setup : PRVG-2027 : Owner of file "/u01/app/19.0.0.0/grid/lib/stubs/libBrokenLocale.so.1" is inconsistent across nodes. [Found = "{oracle=[hannvzdlrasvr01], root=[hannvzdlrasvr02]}" on Nodes = "hannvzdlrasvr01,hannvzdlrasvr02"]
PRVG-2027 : Owner of file "/u01/app/19.0.0.0/grid/lib/stubs/libc-2.17.0-stub.so" is inconsistent across nodes. [Found = "{oracle=[hannvzdlrasvr01], root=[hannvzdlrasvr02]}" on Nodes = "hannvzdlrasvr01,hannvzdlrasvr02"]
PRVG-2027 : Owner of file "/u01/app/19.0.0.0/grid/lib/stubs/librt.so" is inconsistent across nodes. [Found = "{oracle=[hannvzdlrasvr01], root=[hannvzdlrasvr02]}" on Nodes = "hannvzdlrasvr01,hannvzdlrasvr02"]

2024-12-07 12:33:37.993 [CVUD(61254)]CRS-10051: CVU found following errors with Clusterware setup : PRVG-2027 : Owner of file "/u01/app/19.0.0.0/grid/lib/stubs/libibverbs.so.1" is inconsistent across nodes. [Found = "{oracle=[hannvzdlrasvr01], root=[hannvzdlrasvr02]}" on Nodes = "hannvzdlrasvr01,hannvzdlrasvr02"]
PRVG-2027 : Owner of file "/u01/app/19.0.0.0/grid/lib/stubs/libXmu-2.17.0-stub.so" is inconsistent across nodes. [Found = "{oracle=[hannvzdlrasvr01], root=[hannvzdlrasvr02]}" on Nodes = "hannvzdlrasvr01,hannvzdlrasvr02"]
PRVG-2027 : Owner of file "/u01/app/19.0.0.0/grid/lib/stubs/libXaw.so" is inconsistent across nodes. [Found = "{oracle=[hannvzdlrasvr01], root=[hannvzdlrasvr02]}" on Nodes = "hannvzdlrasvr01,hannvzdlrasvr02"]

2024-12-07 12:33:37.993 [CVUD(61254)]CRS-10051: CVU found following errors with Clusterware setup : PRVG-2027 : Owner of file "/u01/app/19.0.0.0/grid/lib/stubs/stubs.tar" is inconsistent across nodes. [Found = "{oracle=[hannvzdlrasvr01], root=[hannvzdlrasvr02]}" on Nodes = "hannvzdlrasvr01,hannvzdlrasvr02"]
PRVG-2027 : Owner of file "/u01/app/19.0.0.0/grid/lib/stubs/libm-2.17.0-stub.so" is inconsistent across nodes. [Found = "{oracle=[hannvzdlrasvr01], root=[hannvzdlrasvr02]}" on Nodes = "hannvzdlrasvr01,hannvzdlrasvr02"]
PRVG-2027 : Owner of file "/u01/app/19.0.0.0/grid/lib/stubs/libXaw-2.17.0-stub.so" is inconsistent across nodes. [Found = "{oracle=[hannvzdlrasvr01], root=[hannvzdlrasvr02]}" on Nodes = "hannvzdlrasvr01,hannvzdlrasvr02"]

2024-12-07 12:33:37.993 [CVUD(61254)]CRS-10051: CVU found following errors with Clusterware setup : PRVG-2027 : Owner of file "/u01/app/19.0.0.0/grid/lib/stubs/libssl.so" is inconsistent across nodes. [Found = "{oracle=[hannvzdlrasvr01], root=[hannvzdlrasvr02]}" on Nodes = "hannvzdlrasvr01,hannvzdlrasvr02"]
PRVG-2027 : Owner of file "/u01/app/19.0.0.0/grid/lib/stubs/libgcc_s.so" is inconsistent across nodes. [Found = "{oracle=[hannvzdlrasvr01], root=[hannvzdlrasvr02]}" on Nodes = "hannvzdlrasvr01,hannvzdlrasvr02"]
PRVG-2027 : Owner of file "/u01/app/19.0.0.0/grid/lib/stubs/libX11.so" is inconsistent across nodes. [Found = "{oracle=[hannvzdlrasvr01], root=[hannvzdlrasvr02]}" on Nodes = "hannvzdlrasvr01,hannvzdlrasvr02"]

2024-12-07 12:33:37.993 [CVUD(61254)]CRS-10051: CVU found following errors with Clusterware setup : PRVG-2027 : Owner of file "/u01/app/19.0.0.0/grid/lib/stubs/libXi.so" is inconsistent across nodes. [Found = "{oracle=[hannvzdlrasvr01], root=[hannvzdlrasvr02]}" on Nodes = "hannvzdlrasvr01,hannvzdlrasvr02"]
PRVG-2027 : Owner of file "/u01/app/19.0.0.0/grid/lib/stubs/libdl.so.2" is inconsistent across nodes. [Found = "{oracle=[hannvzdlrasvr01], root=[hannvzdlrasvr02]}" on Nodes = "hannvzdlrasvr01,hannvzdlrasvr02"]
PRVG-2027 : Owner of file "/u01/app/19.0.0.0/grid/lib/stubs/libnsl.so" is inconsistent across nodes. [Found = "{oracle=[hannvzdlrasvr01], root=[hannvzdlrasvr02]}" on Nodes = "hannvzdlrasvr01,hannvzdlrasvr02"]

2024-12-07 12:33:37.993 [CVUD(61254)]CRS-10051: CVU found following errors with Clusterware setup : PRVG-2027 : Owner of file "/u01/app/19.0.0.0/grid/lib/stubs/libpthread-2.17.0-stub.so" is inconsistent across nodes. [Found = "{oracle=[hannvzdlrasvr01], root=[hannvzdlrasvr02]}" on Nodes = "hannvzdlrasvr01,hannvzdlrasvr02"]
PRVG-2027 : Owner of file "/u01/app/19.0.0.0/grid/lib/stubs/libuuid-2.17.0-stub.so" is inconsistent across nodes. [Found = "{oracle=[hannvzdlrasvr01], root=[hannvzdlrasvr02]}" on Nodes = "hannvzdlrasvr01,hannvzdlrasvr02"]
PRVG-2027 : Owner of file "/u01/app/19.0.0.0/grid/lib/stubs/libnsl.so.1" is inconsistent across nodes. [Found = "{oracle=[hannvzdlrasvr01], root=[hannvzdlrasvr02]}" on Nodes = "hannvzdlrasvr01,hannvzdlrasvr02"]

2024-12-07 12:33:37.993 [CVUD(61254)]CRS-10051: CVU found following errors with Clusterware setup : PRVG-2027 : Owner of file "/u01/app/19.0.0.0/grid/lib/stubs/libaio.so" is inconsistent across nodes. [Found = "{oracle=[hannvzdlrasvr01], root=[hannvzdlrasvr02]}" on Nodes = "hannvzdlrasvr01,hannvzdlrasvr02"]
PRVG-2027 : Owner of file "/u01/app/19.0.0.0/grid/lib/stubs/ld-linux-2.17.0-stub.so" is inconsistent across nodes. [Found = "{oracle=[hannvzdlrasvr01], root=[hannvzdlrasvr02]}" on Nodes = "hannvzdlrasvr01,hannvzdlrasvr02"]
PRVG-2027 : Owner of file "/u01/app/19.0.0.0/grid/lib/stubs/libXtst.so" is inconsistent across nodes. [Found = "{oracle=[hannvzdlrasvr01], root=[hannvzdlrasvr02]}" on Nodes = "hannvzdlrasvr01,hannvzdlrasvr02"]

2024-12-07 12:33:37.993 [CVUD(61254)]CRS-10051: CVU found following errors with Clusterware setup : PRVG-2027 : Owner of file "/u01/app/19.0.0.0/grid/lib/stubs/libXi-2.17.0-stub.so" is inconsistent across nodes. [Found = "{oracle=[hannvzdlrasvr01], root=[hannvzdlrasvr02]}" on Nodes = "hannvzdlrasvr01,hannvzdlrasvr02"]
PRVG-2027 : Owner of file "/u01/app/19.0.0.0/grid/lib/stubs/libICE-2.17.0-stub.so" is inconsistent across nodes. [Found = "{oracle=[hannvzdlrasvr01], root=[hannvzdlrasvr02]}" on Nodes = "hannvzdlrasvr01,hannvzdlrasvr02"]
PRVG-2027 : Owner of file "/u01/app/19.0.0.0/grid/lib/stubs/libXpm.so.4" is inconsistent across nodes. [Found = "{oracle=[hannvzdlrasvr01], root=[hannvzdlrasvr02]}" on Nodes = "hannvzdlrasvr01,hannvzdlrasvr02"]

2024-12-07 12:33:37.993 [CVUD(61254)]CRS-10051: CVU found following errors with Clusterware setup : PRVG-2027 : Owner of file "/u01/app/19.0.0.0/grid/lib/stubs/libext2fs.so" is inconsistent across nodes. [Found = "{oracle=[hannvzdlrasvr01], root=[hannvzdlrasvr02]}" on Nodes = "hannvzdlrasvr01,hannvzdlrasvr02"]
PRVG-2027 : Owner of file "/u01/app/19.0.0.0/grid/lib/stubs/libcrypt.so.1" is inconsistent across nodes. [Found = "{oracle=[hannvzdlrasvr01], root=[hannvzdlrasvr02]}" on Nodes = "hannvzdlrasvr01,hannvzdlrasvr02"]
PRVG-2027 : Owner of file "/u01/app/19.0.0.0/grid/lib/stubs/libnuma.so.1" is inconsistent across nodes. [Found = "{oracle=[hannvzdlrasvr01], root=[hannvzdlrasvr02]}" on Nodes = "hannvzdlrasvr01,hannvzdlrasvr02"]

2024-12-07 12:33:37.994 [CVUD(61254)]CRS-10051: CVU found following errors with Clusterware setup : PRVG-2027 : Owner of file "/u01/app/19.0.0.0/grid/lib/stubs/libICE.so" is inconsistent across nodes. [Found = "{oracle=[hannvzdlrasvr01], root=[hannvzdlrasvr02]}" on Nodes = "hannvzdlrasvr01,hannvzdlrasvr02"]
PRVG-2027 : Owner of file "/u01/app/19.0.0.0/grid/lib/stubs/libresolv.so" is inconsistent across nodes. [Found = "{oracle=[hannvzdlrasvr01], root=[hannvzdlrasvr02]}" on Nodes = "hannvzdlrasvr01,hannvzdlrasvr02"]
PRVG-2027 : Owner of file "/u01/app/19.0.0.0/grid/lib/stubs/libext2fs.so.2" is inconsistent across nodes. [Found = "{oracle=[hannvzdlrasvr01], root=[hannvzdlrasvr02]}" on Nodes = "hannvzdlrasvr01,hannvzdlrasvr02"]

2024-12-07 12:33:37.994 [CVUD(61254)]CRS-10051: CVU found following errors with Clusterware setup : PRVG-2027 : Owner of file "/u01/app/19.0.0.0/grid/lib/stubs/libssl-2.17.0-stub.so" is inconsistent across nodes. [Found = "{oracle=[hannvzdlrasvr01], root=[hannvzdlrasvr02]}" on Nodes = "hannvzdlrasvr01,hannvzdlrasvr02"]
PRVG-2027 : Owner of file "/u01/app/19.0.0.0/grid/lib/stubs/librt-2.17.0-stub.so" is inconsistent across nodes. [Found = "{oracle=[hannvzdlrasvr01], root=[hannvzdlrasvr02]}" on Nodes = "hannvzdlrasvr01,hannvzdlrasvr02"]
PRVG-2027 : Owner of file "/u01/app/19.0.0.0/grid/lib/stubs/libXpm-2.17.0-stub.so" is inconsistent across nodes. [Found = "{oracle=[hannvzdlrasvr01], root=[hannvzdlrasvr02]}" on Nodes = "hannvzdlrasvr01,hannvzdlrasvr02"]

2024-12-07 12:33:37.994 [CVUD(61254)]CRS-10051: CVU found following errors with Clusterware setup : PRVG-2027 : Owner of file "/u01/app/19.0.0.0/grid/lib/stubs/libXp-2.17.0-stub.so" is inconsistent across nodes. [Found = "{oracle=[hannvzdlrasvr01], root=[hannvzdlrasvr02]}" on Nodes = "hannvzdlrasvr01,hannvzdlrasvr02"]
PRVG-2027 : Owner of file "/u01/app/19.0.0.0/grid/lib/stubs/libnuma-2.17.0-stub.so" is inconsistent across nodes. [Found = "{oracle=[hannvzdlrasvr01], root=[hannvzdlrasvr02]}" on Nodes = "hannvzdlrasvr01,hannvzdlrasvr02"]
PRVG-2027 : Owner of file "/u01/app/19.0.0.0/grid/lib/stubs/libSM-2.17.0-stub.so" is inconsistent across nodes. [Found = "{oracle=[hannvzdlrasvr01], root=[hannvzdlrasvr02]}" on Nodes = "hannvzdlrasvr01,hannvzdlrasvr02"]

2024-12-07 12:33:37.994 [CVUD(61254)]CRS-10051: CVU found following errors with Clusterware setup : PRVG-2027 : Owner of file "/u01/app/19.0.0.0/grid/lib/stubs/libcrypto.so" is inconsistent across nodes. [Found = "{oracle=[hannvzdlrasvr01], root=[hannvzdlrasvr02]}" on Nodes = "hannvzdlrasvr01,hannvzdlrasvr02"]
PRVG-2027 : Owner of file "/u01/app/19.0.0.0/grid/lib/stubs/librdmacm.so" is inconsistent across nodes. [Found = "{oracle=[hannvzdlrasvr01], root=[hannvzdlrasvr02]}" on Nodes = "hannvzdlrasvr01,hannvzdlrasvr02"]
PRVG-2027 : Owner of file "/u01/app/19.0.0.0/grid/lib/stubs/libXt.so" is inconsistent across nodes. [Found = "{oracle=[hannvzdlrasvr01], root=[hannvzdlrasvr02]}" on Nodes = "hannvzdlrasvr01,hannvzdlrasvr02"]

2024-12-07 12:33:37.994 [CVUD(61254)]CRS-10051: CVU found following errors with Clusterware setup : PRVG-2027 : Owner of file "/u01/app/19.0.0.0/grid/lib/stubs/libutil-2.17.0-stub.so" is inconsistent across nodes. [Found = "{oracle=[hannvzdlrasvr01], root=[hannvzdlrasvr02]}" on Nodes = "hannvzdlrasvr01,hannvzdlrasvr02"]
PRVG-2027 : Owner of file "/u01/app/19.0.0.0/grid/lib/stubs/libXmu.so.6" is inconsistent across nodes. [Found = "{oracle=[hannvzdlrasvr01], root=[hannvzdlrasvr02]}" on Nodes = "hannvzdlrasvr01,hannvzdlrasvr02"]
PRVG-2027 : Owner of file "/u01/app/19.0.0.0/grid/lib/stubs/libXtst-2.17.0-stub.so" is inconsistent across nodes. [Found = "{oracle=[hannvzdlrasvr01], root=[hannvzdlrasvr02]}" on Nodes = "hannvzdlrasvr01,hannvzdlrasvr02"]

2024-12-07 12:33:37.994 [CVUD(61254)]CRS-10051: CVU found following errors with Clusterware setup : PRVG-2027 : Owner of file "/u01/app/19.0.0.0/grid/lib/stubs/libBrokenLocale-2.17.0-stub.so" is inconsistent across nodes. [Found = "{oracle=[hannvzdlrasvr01], root=[hannvzdlrasvr02]}" on Nodes = "hannvzdlrasvr01,hannvzdlrasvr02"]
PRVG-2027 : Owner of file "/u01/app/19.0.0.0/grid/lib/stubs/libcrypt-2.17.0-stub.so" is inconsistent across nodes. [Found = "{oracle=[hannvzdlrasvr01], root=[hannvzdlrasvr02]}" on Nodes = "hannvzdlrasvr01,hannvzdlrasvr02"]
PRVG-2027 : Owner of file "/u01/app/19.0.0.0/grid/lib/stubs/libSM.so" is inconsistent across nodes. [Found = "{oracle=[hannvzdlrasvr01], root=[hannvzdlrasvr02]}" on Nodes = "hannvzdlrasvr01,hannvzdlrasvr02"]

2024-12-07 12:33:37.994 [CVUD(61254)]CRS-10051: CVU found following errors with Clusterware setup : PRVG-2027 : Owner of file "/u01/app/19.0.0.0/grid/lib/stubs/librdmacm-2.17.0-stub.so" is inconsistent across nodes. [Found = "{oracle=[hannvzdlrasvr01], root=[hannvzdlrasvr02]}" on Nodes = "hannvzdlrasvr01,hannvzdlrasvr02"]
PRVG-2027 : Owner of file "/u01/app/19.0.0.0/grid/lib/stubs/libnsl-2.17.0-stub.so" is inconsistent across nodes. [Found = "{oracle=[hannvzdlrasvr01], root=[hannvzdlrasvr02]}" on Nodes = "hannvzdlrasvr01,hannvzdlrasvr02"]
PRVG-2027 : Owner of file "/u01/app/19.0.0.0/grid/lib/stubs/libresolv.so.2" is inconsistent across nodes. [Found = "{oracle=[hannvzdlrasvr01], root=[hannvzdlrasvr02]}" on Nodes = "hannvzdlrasvr01,hannvzdlrasvr02"]

2024-12-07 12:33:37.994 [CVUD(61254)]CRS-10051: CVU found following errors with Clusterware setup : PRVG-2027 : Owner of file "/u01/app/19.0.0.0/grid/lib/stubs/libuuid.so" is inconsistent across nodes. [Found = "{oracle=[hannvzdlrasvr01], root=[hannvzdlrasvr02]}" on Nodes = "hannvzdlrasvr01,hannvzdlrasvr02"]
PRVG-2027 : Owner of file "/u01/app/19.0.0.0/grid/lib/stubs/libXp.so" is inconsistent across nodes. [Found = "{oracle=[hannvzdlrasvr01], root=[hannvzdlrasvr02]}" on Nodes = "hannvzdlrasvr01,hannvzdlrasvr02"]
PRVG-2027 : Owner of file "/u01/app/19.0.0.0/grid/lib/stubs/libcrypto.so.10" is inconsistent across nodes. [Found = "{oracle=[hannvzdlrasvr01], root=[hannvzdlrasvr02]}" on Nodes = "hannvzdlrasvr01,hannvzdlrasvr02"]

2024-12-07 12:33:37.994 [CVUD(61254)]CRS-10051: CVU found following errors with Clusterware setup : PRVG-2027 : Owner of file "/u01/app/19.0.0.0/grid/lib/stubs/libXaw.so.7" is inconsistent across nodes. [Found = "{oracle=[hannvzdlrasvr01], root=[hannvzdlrasvr02]}" on Nodes = "hannvzdlrasvr01,hannvzdlrasvr02"]
PRVG-2027 : Owner of file "/u01/app/19.0.0.0/grid/lib/stubs/libXext.so.6" is inconsistent across nodes. [Found = "{oracle=[hannvzdlrasvr01], root=[hannvzdlrasvr02]}" on Nodes = "hannvzdlrasvr01,hannvzdlrasvr02"]
PRVG-2027 : Owner of file "/u01/app/19.0.0.0/grid/lib/stubs/libz.so.1" is inconsistent across nodes. [Found = "{oracle=[hannvzdlrasvr01], root=[hannvzdlrasvr02]}" on Nodes = "hannvzdlrasvr01,hannvzdlrasvr02"]

2024-12-07 12:33:37.994 [CVUD(61254)]CRS-10051: CVU found following errors with Clusterware setup : PRVG-2027 : Owner of file "/u01/app/19.0.0.0/grid/lib/stubs/libuuid.so.1" is inconsistent across nodes. [Found = "{oracle=[hannvzdlrasvr01], root=[hannvzdlrasvr02]}" on Nodes = "hannvzdlrasvr01,hannvzdlrasvr02"]
PRVG-2027 : Owner of file "/u01/app/19.0.0.0/grid/lib/stubs/libssl.so.10" is inconsistent across nodes. [Found = "{oracle=[hannvzdlrasvr01], root=[hannvzdlrasvr02]}" on Nodes = "hannvzdlrasvr01,hannvzdlrasvr02"]
PRVG-2027 : Owner of file "/u01/app/19.0.0.0/grid/lib/stubs/libX11-2.17.0-stub.so" is inconsistent across nodes. [Found = "{oracle=[hannvzdlrasvr01], root=[hannvzdlrasvr02]}" on Nodes = "hannvzdlrasvr01,hannvzdlrasvr02"]

2024-12-07 12:33:37.994 [CVUD(61254)]CRS-10051: CVU found following errors with Clusterware setup : PRVG-2027 : Owner of file "/u01/app/19.0.0.0/grid/lib/stubs/libICE.so.6" is inconsistent across nodes. [Found = "{oracle=[hannvzdlrasvr01], root=[hannvzdlrasvr02]}" on Nodes = "hannvzdlrasvr01,hannvzdlrasvr02"]
PRVG-2027 : Owner of file "/u01/app/19.0.0.0/grid/lib/stubs/libXext-2.17.0-stub.so" is inconsistent across nodes. [Found = "{oracle=[hannvzdlrasvr01], root=[hannvzdlrasvr02]}" on Nodes = "hannvzdlrasvr01,hannvzdlrasvr02"]
PRVG-2027 : Owner of file "/u01/app/19.0.0.0/grid/lib/stubs/libXmu.so" is inconsistent across nodes. [Found = "{oracle=[hannvzdlrasvr01], root=[hannvzdlrasvr02]}" on Nodes = "hannvzdlrasvr01,hannvzdlrasvr02"]

2024-12-07 12:33:37.995 [CVUD(61254)]CRS-10051: CVU found following errors with Clusterware setup : PRVG-2027 : Owner of file "/u01/app/19.0.0.0/grid/lib/stubs/libXi.so.6" is inconsistent across nodes. [Found = "{oracle=[hannvzdlrasvr01], root=[hannvzdlrasvr02]}" on Nodes = "hannvzdlrasvr01,hannvzdlrasvr02"]
PRVG-2027 : Owner of file "/u01/app/19.0.0.0/grid/lib/stubs/libdl-2.17.0-stub.so" is inconsistent across nodes. [Found = "{oracle=[hannvzdlrasvr01], root=[hannvzdlrasvr02]}" on Nodes = "hannvzdlrasvr01,hannvzdlrasvr02"]
PRVG-2027 : Owner of file "/u01/app/19.0.0.0/grid/lib/stubs/libc.so.6" is inconsistent across nodes. [Found = "{oracle=[hannvzdlrasvr01], root=[hannvzdlrasvr02]}" on Nodes = "hannvzdlrasvr01,hannvzdlrasvr02"]

2024-12-07 12:33:37.995 [CVUD(61254)]CRS-10051: CVU found following errors with Clusterware setup : PRVG-2027 : Owner of file "/u01/app/19.0.0.0/grid/lib/stubs/libibverbs-2.17.0-stub.so" is inconsistent across nodes. [Found = "{oracle=[hannvzdlrasvr01], root=[hannvzdlrasvr02]}" on Nodes = "hannvzdlrasvr01,hannvzdlrasvr02"]
PRVG-2027 : Owner of file "/u01/app/19.0.0.0/grid/lib/stubs/libpthread.so" is inconsistent across nodes. [Found = "{oracle=[hannvzdlrasvr01], root=[hannvzdlrasvr02]}" on Nodes = "hannvzdlrasvr01,hannvzdlrasvr02"]
PRVG-2027 : Owner of file "/u01/app/19.0.0.0/grid/lib/stubs/libBrokenLocale.so" is inconsistent across nodes. [Found = "{oracle=[hannvzdlrasvr01], root=[hannvzdlrasvr02]}" on Nodes = "hannvzdlrasvr01,hannvzdlrasvr02"]

2024-12-07 12:33:37.995 [CVUD(61254)]CRS-10051: CVU found following errors with Clusterware setup : PRVG-2027 : Owner of file "/u01/app/19.0.0.0/grid/lib/stubs/libXt.so.6" is inconsistent across nodes. [Found = "{oracle=[hannvzdlrasvr01], root=[hannvzdlrasvr02]}" on Nodes = "hannvzdlrasvr01,hannvzdlrasvr02"]
PRVG-2027 : Owner of file "/u01/app/19.0.0.0/grid/lib/stubs/libc.so" is inconsistent across nodes. [Found = "{oracle=[hannvzdlrasvr01], root=[hannvzdlrasvr02]}" on Nodes = "hannvzdlrasvr01,hannvzdlrasvr02"]
PRVG-2027 : Owner of file "/u01/app/19.0.0.0/grid/lib/stubs/libstdc++.so" is inconsistent across nodes. [Found = "{oracle=[hannvzdlrasvr01], root=[hannvzdlrasvr02]}" on Nodes = "hannvzdlrasvr01,hannvzdlrasvr02"]

2024-12-07 12:33:37.995 [CVUD(61254)]CRS-10051: CVU found following errors with Clusterware setup : PRVG-2027 : Owner of file "/u01/app/19.0.0.0/grid/lib/stubs/libgcc_s.so.1" is inconsistent across nodes. [Found = "{oracle=[hannvzdlrasvr01], root=[hannvzdlrasvr02]}" on Nodes = "hannvzdlrasvr01,hannvzdlrasvr02"]
PRVG-2027 : Owner of file "/u01/app/19.0.0.0/grid/lib/stubs/ld-linux-x86-64.so.2" is inconsistent across nodes. [Found = "{oracle=[hannvzdlrasvr01], root=[hannvzdlrasvr02]}" on Nodes = "hannvzdlrasvr01,hannvzdlrasvr02"]
PRVG-2027 : Owner of file "/u01/app/19.0.0.0/grid/lib/stubs/libXp.so.6" is inconsistent across nodes. [Found = "{oracle=[hannvzdlrasvr01], root=[hannvzdlrasvr02]}" on Nodes = "hannvzdlrasvr01,hannvzdlrasvr02"]

2024-12-07 12:33:37.995 [CVUD(61254)]CRS-10051: CVU found following errors with Clusterware setup : PRVG-2027 : Owner of file "/u01/app/19.0.0.0/grid/lib/stubs/libpthread.so.0" is inconsistent across nodes. [Found = "{oracle=[hannvzdlrasvr01], root=[hannvzdlrasvr02]}" on Nodes = "hannvzdlrasvr01,hannvzdlrasvr02"]
PRVG-2027 : Owner of file "/u01/app/19.0.0.0/grid/lib/libsql19.a" is inconsistent across nodes. [Found = "{oracle=[hannvzdlrasvr01], root=[hannvzdlrasvr02]}" on Nodes = "hannvzdlrasvr01,hannvzdlrasvr02"]
PRVG-2027 : Owner of file "/u01/app/19.0.0.0/grid/lib/libslax19.a" is inconsistent across nodes. [Found = "{oracle=[hannvzdlrasvr01], root=[hannvzdlrasvr02]}" on Nodes = "hannvzdlrasvr01,hannvzdlrasvr02"]

2024-12-07 12:33:37.995 [CVUD(61254)]CRS-10051: CVU found following errors with Clusterware setup : PRVG-2027 : Owner of file "/u01/app/19.0.0.0/grid/lib/libxml19.a" is inconsistent across nodes. [Found = "{oracle=[hannvzdlrasvr01], root=[hannvzdlrasvr02]}" on Nodes = "hannvzdlrasvr01,hannvzdlrasvr02"]
PRVG-2031 : Owner of file "/u01/app/19.0.0.0/grid/jlib/srvm.jar" did not match the expected value on node "hannvzdlrasvr01". [Expected = "root" ; Found = "oracle"]
PRVG-2027 : Owner of file "/u01/app/19.0.0.0/grid/lib/libhasgen19.so" is inconsistent across nodes. [Found = "{oracle=[hannvzdlrasvr01], root=[hannvzdlrasvr02]}" on Nodes = "hannvzdlrasvr01,hannvzdlrasvr02"]

2024-12-07 12:33:37.995 [CVUD(61254)]CRS-10051: CVU found following errors with Clusterware setup : PRVG-2027 : Owner of file "/u01/app/19.0.0.0/grid/lib/libocrutl19.so" is inconsistent across nodes. [Found = "{oracle=[hannvzdlrasvr01], root=[hannvzdlrasvr02]}" on Nodes = "hannvzdlrasvr01,hannvzdlrasvr02"]
PRVG-2031 : Owner of file "/u01/app/19.0.0.0/grid/lib/libperlhasgen.so" did not match the expected value on node "hannvzdlrasvr01". [Expected = "root" ; Found = "oracle"]
PRVG-2027 : Owner of file "/u01/app/19.0.0.0/grid/lib/libclsra19.so" is inconsistent across nodes. [Found = "{oracle=[hannvzdlrasvr01], root=[hannvzdlrasvr02]}" on Nodes = "hannvzdlrasvr01,hannvzdlrasvr02"]

2024-12-07 12:33:37.995 [CVUD(61254)]CRS-10051: CVU found following errors with Clusterware setup : PRVG-2027 : Owner of file "/u01/app/19.0.0.0/grid/lib/libocrb19.so" is inconsistent across nodes. [Found = "{oracle=[hannvzdlrasvr01], root=[hannvzdlrasvr02]}" on Nodes = "hannvzdlrasvr01,hannvzdlrasvr02"]
PRVG-2031 : Owner of file "/u01/app/19.0.0.0/grid/lib/perlhasgen.so" did not match the expected value on node "hannvzdlrasvr01". [Expected = "root" ; Found = "oracle"]
PRVG-2027 : Owner of file "/u01/app/19.0.0.0/grid/lib/libocr19.so" is inconsistent across nodes. [Found = "{oracle=[hannvzdlrasvr01], root=[hannvzdlrasvr02]}" on Nodes = "hannvzdlrasvr01,hannvzdlrasvr02"]

2024-12-07 12:33:37.995 [CVUD(61254)]CRS-10051: CVU found following errors with Clusterware setup : PRVG-2027 : Owner of file "/u01/app/19.0.0.0/grid/lib/libagfw19.so" is inconsistent across nodes. [Found = "{oracle=[hannvzdlrasvr01], root=[hannvzdlrasvr02]}" on Nodes = "hannvzdlrasvr01,hannvzdlrasvr02"]
PRVG-2027 : Owner of file "/u01/app/19.0.0.0/grid/lib/libcrs19.so" is inconsistent across nodes. [Found = "{oracle=[hannvzdlrasvr01], root=[hannvzdlrasvr02]}" on Nodes = "hannvzdlrasvr01,hannvzdlrasvr02"]
PRVG-2027 : Owner of file "/u01/app/19.0.0.0/grid/lib/libskgxn2.so" is inconsistent across nodes. [Found = "{oracle=[hannvzdlrasvr01], root=[hannvzdlrasvr02]}" on Nodes = "hannvzdlrasvr01,hannvzdlrasvr02"]

2024-12-07 12:33:37.995 [CVUD(61254)]CRS-10051: CVU found following errors with Clusterware setup : PRVG-2027 : Owner of file "/u01/app/19.0.0.0/grid/bin/diskmon.bin" is inconsistent across nodes. [Found = "{oracle=[hannvzdlrasvr01], root=[hannvzdlrasvr02]}" on Nodes = "hannvzdlrasvr01,hannvzdlrasvr02"]
PRVG-2031 : Owner of file "/u01/app/19.0.0.0/grid/jlib/supercluster.jar" did not match the expected value on node "hannvzdlrasvr01". [Expected = "root" ; Found = "oracle"]
PRVG-2031 : Owner of file "/u01/app/19.0.0.0/grid/jlib/srvmhas.jar" did not match the expected value on node "hannvzdlrasvr01". [Expected = "root" ; Found = "oracle"]
PRVG-2031 : Owner of file "/u01/app/19.0.0.0/grid/jlib/gns.jar" did not match the expected value on node "hannvzdlrasvr01". [Expected = "root" ; Found = "oracle"]

2024-12-07 12:33:37.995 [CVUD(61254)]CRS-10051: CVU found following errors with Clusterware setup : PRVG-2031 : Owner of file "/u01/app/19.0.0.0/grid/jlib/supercluster-common.jar" did not match the expected value on node "hannvzdlrasvr01". [Expected = "root" ; Found = "oracle"]
PRVG-2031 : Owner of file "/u01/app/19.0.0.0/grid/jlib/srvmasm.jar" did not match the expected value on node "hannvzdlrasvr01". [Expected = "root" ; Found = "oracle"]
PRVG-2031 : Owner of file "/u01/app/19.0.0.0/grid/srvm/jlib/srvctl.jar" did not match the expected value on node "hannvzdlrasvr01". [Expected = "root" ; Found = "oracle"]
PRVG-2031 : Owner of file "/u01/app/19.0.0.0/grid/jlib/srvmrhp.jar" did not match the expected value on node "hannvzdlrasvr01". [Expected = "root" ; Found = "oracle"]

2024-12-07 12:33:37.995 [CVUD(61254)]CRS-10051: CVU found following errors with Clusterware setup : PRVG-2027 : Owner of file "/u01/app/19.0.0.0/grid/lib/libsrvmocr19.so" is inconsistent across nodes. [Found = "{oracle=[hannvzdlrasvr01], root=[hannvzdlrasvr02]}" on Nodes = "hannvzdlrasvr01,hannvzdlrasvr02"]
PRVG-2027 : Owner of file "/u01/app/19.0.0.0/grid/lib/libclscest19.a" is inconsistent across nodes. [Found = "{oracle=[hannvzdlrasvr01], root=[hannvzdlrasvr02]}" on Nodes = "hannvzdlrasvr01,hannvzdlrasvr02"]
PRVG-2027 : Owner of file "/u01/app/19.0.0.0/grid/lib/libsrvmcred19.so" is inconsistent across nodes. [Found = "{oracle=[hannvzdlrasvr01], root=[hannvzdlrasvr02]}" on Nodes = "hannvzdlrasvr01,hannvzdlrasvr02"]

2024-12-07 12:33:37.996 [CVUD(61254)]CRS-10051: CVU found following errors with Clusterware setup : PRVG-2027 : Owner of file "/u01/app/19.0.0.0/grid/lib/libclsnsjni19.so" is inconsistent across nodes. [Found = "{oracle=[hannvzdlrasvr01], root=[hannvzdlrasvr02]}" on Nodes = "hannvzdlrasvr01,hannvzdlrasvr02"]
PRVG-2027 : Owner of file "/u01/app/19.0.0.0/grid/lib/libgns19.so" is inconsistent across nodes. [Found = "{oracle=[hannvzdlrasvr01], root=[hannvzdlrasvr02]}" on Nodes = "hannvzdlrasvr01,hannvzdlrasvr02"]
PRVG-2031 : Owner of file "/u01/app/19.0.0.0/grid/lib/libeons.so" did not match the expected value on node "hannvzdlrasvr01". [Expected = "root" ; Found = "oracle"]

2024-12-07 12:33:37.996 [CVUD(61254)]CRS-10051: CVU found following errors with Clusterware setup : PRVG-2027 : Owner of file "/u01/app/19.0.0.0/grid/lib/librdjni19.so" is inconsistent across nodes. [Found = "{oracle=[hannvzdlrasvr01], root=[hannvzdlrasvr02]}" on Nodes = "hannvzdlrasvr01,hannvzdlrasvr02"]
PRVG-2027 : Owner of file "/u01/app/19.0.0.0/grid/lib/libgnsjni19.so" is inconsistent across nodes. [Found = "{oracle=[hannvzdlrasvr01], root=[hannvzdlrasvr02]}" on Nodes = "hannvzdlrasvr01,hannvzdlrasvr02"]
PRVG-2027 : Owner of file "/u01/app/19.0.0.0/grid/lib/libdbcfg19.so" is inconsistent across nodes. [Found = "{oracle=[hannvzdlrasvr01], root=[hannvzdlrasvr02]}" on Nodes = "hannvzdlrasvr01,hannvzdlrasvr02"]

2024-12-07 12:33:37.996 [CVUD(61254)]CRS-10051: CVU found following errors with Clusterware setup : PRVG-2027 : Owner of file "/u01/app/19.0.0.0/grid/lib/libsrvmhas19.so" is inconsistent across nodes. [Found = "{oracle=[hannvzdlrasvr01], root=[hannvzdlrasvr02]}" on Nodes = "hannvzdlrasvr01,hannvzdlrasvr02"]
PRVG-2027 : Owner of file "/u01/app/19.0.0.0/grid/lib/liboevm.a" is inconsistent across nodes. [Found = "{oracle=[hannvzdlrasvr01], root=[hannvzdlrasvr02]}" on Nodes = "hannvzdlrasvr01,hannvzdlrasvr02"]
PRVG-2027 : Owner of file "/u01/app/19.0.0.0/grid/lib/libclsce19.so" is inconsistent across nodes. [Found = "{oracle=[hannvzdlrasvr01], root=[hannvzdlrasvr02]}" on Nodes = "hannvzdlrasvr01,hannvzdlrasvr02"]

2024-12-07 12:33:37.996 [CVUD(61254)]CRS-10051: CVU found following errors with Clusterware setup : PRVG-2027 : Owner of file "/u01/app/19.0.0.0/grid/lib/libclscred19.so" is inconsistent across nodes. [Found = "{oracle=[hannvzdlrasvr01], root=[hannvzdlrasvr02]}" on Nodes = "hannvzdlrasvr01,hannvzdlrasvr02"]
PRVG-2027 : Owner of file "/u01/app/19.0.0.0/grid/lib/libuini19.so" is inconsistent across nodes. [Found = "{oracle=[hannvzdlrasvr01], root=[hannvzdlrasvr02]}" on Nodes = "hannvzdlrasvr01,hannvzdlrasvr02"]
PRVG-2027 : Owner of file "/u01/app/19.0.0.0/grid/lib/libsrvm19.so" is inconsistent across nodes. [Found = "{oracle=[hannvzdlrasvr01], root=[hannvzdlrasvr02]}" on Nodes = "hannvzdlrasvr01,hannvzdlrasvr02"]

2024-12-07 12:33:37.996 [CVUD(61254)]CRS-10051: CVU found following errors with Clusterware setup : PRVG-2027 : Owner of file "/u01/app/19.0.0.0/grid/lib/libonsx.a" is inconsistent across nodes. [Found = "{oracle=[hannvzdlrasvr01], root=[hannvzdlrasvr02]}" on Nodes = "hannvzdlrasvr01,hannvzdlrasvr02"]
PRVG-2031 : Owner of file "/u01/app/19.0.0.0/grid/lib/libonsx.so" did not match the expected value on node "hannvzdlrasvr01". [Expected = "root" ; Found = "oracle"]
PRVG-2027 : Owner of file "/u01/app/19.0.0.0/grid/bin/lsnodes.bin" is inconsistent across nodes. [Found = "{oracle=[hannvzdlrasvr01], root=[hannvzdlrasvr02]}" on Nodes = "hannvzdlrasvr01,hannvzdlrasvr02"]

2024-12-07 12:33:37.996 [CVUD(61254)]CRS-10051: CVU found following errors with Clusterware setup : PRVG-2027 : Owner of file "/u01/app/19.0.0.0/grid/bin/odnsd.bin" is inconsistent across nodes. [Found = "{oracle=[hannvzdlrasvr01], root=[hannvzdlrasvr02]}" on Nodes = "hannvzdlrasvr01,hannvzdlrasvr02"]
PRVG-2031 : Owner of file "/u01/app/19.0.0.0/grid/jlib/rhphelper112.jar" did not match the expected value on node "hannvzdlrasvr01". [Expected = "root" ; Found = "oracle"]
PRVG-2031 : Owner of file "/u01/app/19.0.0.0/grid/jlib/rhphelper12102.jar" did not match the expected value on node "hannvzdlrasvr01". [Expected = "root" ; Found = "oracle"]
PRVG-2031 : Owner of file "/u01/app/19.0.0.0/grid/jlib/rhp-restapi.jar" did not match the expected value on node "hannvzdlrasvr01". [Expected = "root" ; Found = "oracle"]

2024-12-07 12:33:37.996 [CVUD(61254)]CRS-10051: CVU found following errors with Clusterware setup : PRVG-2031 : Owner of file "/u01/app/19.0.0.0/grid/jlib/rhphelper122.jar" did not match the expected value on node "hannvzdlrasvr01". [Expected = "root" ; Found = "oracle"]
PRVG-2031 : Owner of file "/u01/app/19.0.0.0/grid/jlib/rhphelper18.jar" did not match the expected value on node "hannvzdlrasvr01". [Expected = "root" ; Found = "oracle"]
PRVG-2027 : Owner of file "/u01/app/19.0.0.0/grid/bin/rhpplsnr.pl" is inconsistent across nodes. [Found = "{oracle=[hannvzdlrasvr01], root=[hannvzdlrasvr02]}" on Nodes = "hannvzdlrasvr01,hannvzdlrasvr02"]

2024-12-07 12:33:37.996 [CVUD(61254)]CRS-10051: CVU found following errors with Clusterware setup : PRVG-2027 : Owner of file "/u01/app/19.0.0.0/grid/bin/rhpplsnr_lib.pm" is inconsistent across nodes. [Found = "{oracle=[hannvzdlrasvr01], root=[hannvzdlrasvr02]}" on Nodes = "hannvzdlrasvr01,hannvzdlrasvr02"]
PRVG-2031 : Owner of file "/u01/app/19.0.0.0/grid/jlib/jagent.jar" did not match the expected value on node "hannvzdlrasvr01". [Expected = "root" ; Found = "oracle"]
PRVG-2031 : Owner of file "/u01/app/19.0.0.0/grid/bin/cdpcfg.pl" did not match the expected value on node "hannvzdlrasvr01". [Expected = "root" ; Found = "oracle"]
PRVG-2031 : Owner of file "/u01/app/19.0.0.0/grid/bin/crsrename.pl" did not match the expected value on node "hannvzdlrasvr01". [Expected = "root" ; Found = "oracle"]

2024-12-07 12:33:37.996 [CVUD(61254)]CRS-10051: CVU found following errors with Clusterware setup : PRVG-2027 : Owner of file "/u01/app/19.0.0.0/grid/bin/asmproxy" is inconsistent across nodes. [Found = "{oracle=[hannvzdlrasvr01], root=[hannvzdlrasvr02]}" on Nodes = "hannvzdlrasvr01,hannvzdlrasvr02"]
PRVG-2027 : Owner of file "/u01/app/19.0.0.0/grid/bin/ochadctl.pl" is inconsistent across nodes. [Found = "{oracle=[hannvzdlrasvr01], root=[hannvzdlrasvr02]}" on Nodes = "hannvzdlrasvr01,hannvzdlrasvr02"]
PRVG-2031 : Owner of file "/u01/app/19.0.0.0/grid/jlib/rhphelper19.jar" did not match the expected value on node "hannvzdlrasvr01". [Expected = "root" ; Found = "oracle"]
PRVG-2031 : Owner of file "/u01/app/19.0.0.0/grid/lib/libeonsserver.so" did not match the expected value on node "hannvzdlrasvr01". [Expected = "root" ; Found = "oracle"]

2024-12-07 12:33:37.996 [CVUD(61254)]CRS-10051: CVU found following errors with Clusterware setup : PRVG-2027 : Owner of file "/u01/app/19.0.0.0/grid/lib/libjagent19.so" is inconsistent across nodes. [Found = "{oracle=[hannvzdlrasvr01], root=[hannvzdlrasvr02]}" on Nodes = "hannvzdlrasvr01,hannvzdlrasvr02"]
PRVG-2027 : Owner of file "/u01/app/19.0.0.0/grid/lib/libcha19.so" is inconsistent across nodes. [Found = "{oracle=[hannvzdlrasvr01], root=[hannvzdlrasvr02]}" on Nodes = "hannvzdlrasvr01,hannvzdlrasvr02"]
PRVG-2031 : Owner of file "/u01/app/19.0.0.0/grid/bin/oradnssd" did not match the expected value on node "hannvzdlrasvr01". [Expected = "root" ; Found = "oracle"]
PRVG-2031 : Owner of file "/u01/app/19.0.0.0/grid/bin/crsd.bin" did not match the expected value on node "hannvzdlrasvr01". [Expected = "root" ; Found = "oracle"]

2024-12-07 12:33:37.996 [CVUD(61254)]CRS-10051: CVU found following errors with Clusterware setup : PRVG-2027 : Owner of file "/u01/app/19.0.0.0/grid/bin/emcrsp.bin" is inconsistent across nodes. [Found = "{oracle=[hannvzdlrasvr01], root=[hannvzdlrasvr02]}" on Nodes = "hannvzdlrasvr01,hannvzdlrasvr02"]
PRVG-2031 : Owner of file "/u01/app/19.0.0.0/grid/bin/ohasd.bin" did not match the expected value on node "hannvzdlrasvr01". [Expected = "root" ; Found = "oracle"]
PRVG-2027 : Owner of file "/u01/app/19.0.0.0/grid/bin/scriptagent.bin" is inconsistent across nodes. [Found = "{oracle=[hannvzdlrasvr01], root=[hannvzdlrasvr02]}" on Nodes = "hannvzdlrasvr01,hannvzdlrasvr02"]

2024-12-07 12:33:37.996 [CVUD(61254)]CRS-10051: CVU found following errors with Clusterware setup : PRVG-2027 : Owner of file "/u01/app/19.0.0.0/grid/bin/oifcfg.bin" is inconsistent across nodes. [Found = "{oracle=[hannvzdlrasvr01], root=[hannvzdlrasvr02]}" on Nodes = "hannvzdlrasvr01,hannvzdlrasvr02"]
PRVG-2027 : Owner of file "/u01/app/19.0.0.0/grid/bin/racgvip" is inconsistent across nodes. [Found = "{oracle=[hannvzdlrasvr01], root=[hannvzdlrasvr02]}" on Nodes = "hannvzdlrasvr01,hannvzdlrasvr02"]
PRVG-2027 : Owner of file "/u01/app/19.0.0.0/grid/bin/olsnodes.bin" is inconsistent across nodes. [Found = "{oracle=[hannvzdlrasvr01], root=[hannvzdlrasvr02]}" on Nodes = "hannvzdlrasvr01,hannvzdlrasvr02"]

2024-12-07 12:33:37.997 [CVUD(61254)]CRS-10051: CVU found following errors with Clusterware setup : PRVG-2027 : Owner of file "/u01/app/19.0.0.0/grid/bin/gipcd.bin" is inconsistent across nodes. [Found = "{oracle=[hannvzdlrasvr01], root=[hannvzdlrasvr02]}" on Nodes = "hannvzdlrasvr01,hannvzdlrasvr02"]
PRVG-2027 : Owner of file "/u01/app/19.0.0.0/grid/bin/clsid.bin" is inconsistent across nodes. [Found = "{oracle=[hannvzdlrasvr01], root=[hannvzdlrasvr02]}" on Nodes = "hannvzdlrasvr01,hannvzdlrasvr02"]
PRVG-2027 : Owner of file "/u01/app/19.0.0.0/grid/bin/racgeut" is inconsistent across nodes. [Found = "{oracle=[hannvzdlrasvr01], root=[hannvzdlrasvr02]}" on Nodes = "hannvzdlrasvr01,hannvzdlrasvr02"]

2024-12-07 12:33:37.997 [CVUD(61254)]CRS-10051: CVU found following errors with Clusterware setup : PRVG-2027 : Owner of file "/u01/app/19.0.0.0/grid/bin/sclsspawn" is inconsistent across nodes. [Found = "{oracle=[hannvzdlrasvr01], root=[hannvzdlrasvr02]}" on Nodes = "hannvzdlrasvr01,hannvzdlrasvr02"]
PRVG-2031 : Owner of file "/u01/app/19.0.0.0/grid/bin/cssdmonitor" did not match the expected value on node "hannvzdlrasvr01". [Expected = "root" ; Found = "oracle"]
PRVG-2031 : Owner of file "/u01/app/19.0.0.0/grid/bin/octssd.bin" did not match the expected value on node "hannvzdlrasvr01". [Expected = "root" ; Found = "oracle"]
PRVG-2031 : Owner of file "/u01/app/19.0.0.0/grid/bin/ologgerd" did not match the expected value on node "hannvzdlrasvr01". [Expected = "root" ; Found = "oracle"]

2024-12-07 12:33:37.997 [CVUD(61254)]CRS-10051: CVU found following errors with Clusterware setup : PRVG-2027 : Owner of file "/u01/app/19.0.0.0/grid/bin/evmd.bin" is inconsistent across nodes. [Found = "{oracle=[hannvzdlrasvr01], root=[hannvzdlrasvr02]}" on Nodes = "hannvzdlrasvr01,hannvzdlrasvr02"]
PRVG-2031 : Owner of file "/u01/app/19.0.0.0/grid/bin/cssvfupgd.bin" did not match the expected value on node "hannvzdlrasvr01". [Expected = "root" ; Found = "oracle"]
PRVG-2027 : Owner of file "/u01/app/19.0.0.0/grid/bin/evmmkbin.bin" is inconsistent across nodes. [Found = "{oracle=[hannvzdlrasvr01], root=[hannvzdlrasvr02]}" on Nodes = "hannvzdlrasvr01,hannvzdlrasvr02"]

2024-12-07 12:33:37.997 [CVUD(61254)]CRS-10051: CVU found following errors with Clusterware setup : PRVG-2027 : Owner of file "/u01/app/19.0.0.0/grid/bin/clsdiaglsnr.bin" is inconsistent across nodes. [Found = "{oracle=[hannvzdlrasvr01], root=[hannvzdlrasvr02]}" on Nodes = "hannvzdlrasvr01,hannvzdlrasvr02"]
PRVG-2031 : Owner of file "/u01/app/19.0.0.0/grid/bin/cssdagent" did not match the expected value on node "hannvzdlrasvr01". [Expected = "root" ; Found = "oracle"]
PRVG-2031 : Owner of file "/u01/app/19.0.0.0/grid/bin/ocrconfig.bin" did not match the expected value on node "hannvzdlrasvr01". [Expected = "root" ; Found = "oracle"]
PRVG-2031 : Owner of file "/u01/app/19.0.0.0/grid/bin/oracsswd.bin" did not match the expected value on node "hannvzdlrasvr01". [Expected = "root" ; Found = "oracle"]

2024-12-07 12:33:37.997 [CVUD(61254)]CRS-10051: CVU found following errors with Clusterware setup : PRVG-2031 : Owner of file "/u01/app/19.0.0.0/grid/bin/crsctl.bin" did not match the expected value on node "hannvzdlrasvr01". [Expected = "root" ; Found = "oracle"]
PRVG-2027 : Owner of file "/u01/app/19.0.0.0/grid/bin/gpnptool.bin" is inconsistent across nodes. [Found = "{oracle=[hannvzdlrasvr01], root=[hannvzdlrasvr02]}" on Nodes = "hannvzdlrasvr01,hannvzdlrasvr02"]
PRVG-2027 : Owner of file "/u01/app/19.0.0.0/grid/bin/mdnsd.bin" is inconsistent across nodes. [Found = "{oracle=[hannvzdlrasvr01], root=[hannvzdlrasvr02]}" on Nodes = "hannvzdlrasvr01,hannvzdlrasvr02"]

2024-12-07 12:33:37.997 [CVUD(61254)]CRS-10051: CVU found following errors with Clusterware setup : PRVG-2027 : Owner of file "/u01/app/19.0.0.0/grid/bin/evmpost.bin" is inconsistent across nodes. [Found = "{oracle=[hannvzdlrasvr01], root=[hannvzdlrasvr02]}" on Nodes = "hannvzdlrasvr01,hannvzdlrasvr02"]
PRVG-2027 : Owner of file "/u01/app/19.0.0.0/grid/bin/racgmain" is inconsistent across nodes. [Found = "{oracle=[hannvzdlrasvr01], root=[hannvzdlrasvr02]}" on Nodes = "hannvzdlrasvr01,hannvzdlrasvr02"]
PRVG-2031 : Owner of file "/u01/app/19.0.0.0/grid/bin/oclumon.bin" did not match the expected value on node "hannvzdlrasvr01". [Expected = "root" ; Found = "oracle"]
PRVG-2031 : Owner of file "/u01/app/19.0.0.0/grid/bin/oradnssd.bin" did not match the expected value on node "hannvzdlrasvr01". [Expected = "root" ; Found = "oracle"]

2024-12-07 12:33:37.997 [CVUD(61254)]CRS-10051: CVU found following errors with Clusterware setup : PRVG-2031 : Owner of file "/u01/app/19.0.0.0/grid/bin/oclskd.bin" did not match the expected value on node "hannvzdlrasvr01". [Expected = "root" ; Found = "oracle"]
PRVG-2031 : Owner of file "/u01/app/19.0.0.0/grid/bin/appvipcfg.pl" did not match the expected value on node "hannvzdlrasvr01". [Expected = "root" ; Found = "oracle"]
PRVG-2027 : Owner of file "/u01/app/19.0.0.0/grid/bin/oifcfg_ifls" is inconsistent across nodes. [Found = "{oracle=[hannvzdlrasvr01], root=[hannvzdlrasvr02]}" on Nodes = "hannvzdlrasvr01,hannvzdlrasvr02"]
PRVG-2031 : Owner of file "/u01/app/19.0.0.0/grid/bin/clscfg.bin" did not match the expected value on node "hannvzdlrasvr01". [Expected = "root" ; Found = "oracle"]

2024-12-07 12:33:37.997 [CVUD(61254)]CRS-10051: CVU found following errors with Clusterware setup : PRVG-2027 : Owner of file "/u01/app/19.0.0.0/grid/bin/gsd" is inconsistent across nodes. [Found = "{oracle=[hannvzdlrasvr01], root=[hannvzdlrasvr02]}" on Nodes = "hannvzdlrasvr01,hannvzdlrasvr02"]
PRVG-2027 : Owner of file "/u01/app/19.0.0.0/grid/bin/ghappctl.pl" is inconsistent across nodes. [Found = "{oracle=[hannvzdlrasvr01], root=[hannvzdlrasvr02]}" on Nodes = "hannvzdlrasvr01,hannvzdlrasvr02"]
PRVG-2027 : Owner of file "/u01/app/19.0.0.0/grid/bin/ocssdrim.bin" is inconsistent across nodes. [Found = "{oracle=[hannvzdlrasvr01], root=[hannvzdlrasvr02]}" on Nodes = "hannvzdlrasvr01,hannvzdlrasvr02"]

2024-12-07 12:33:37.997 [CVUD(61254)]CRS-10051: CVU found following errors with Clusterware setup : PRVG-2027 : Owner of file "/u01/app/19.0.0.0/grid/bin/evminfo.bin" is inconsistent across nodes. [Found = "{oracle=[hannvzdlrasvr01], root=[hannvzdlrasvr02]}" on Nodes = "hannvzdlrasvr01,hannvzdlrasvr02"]
PRVG-2027 : Owner of file "/u01/app/19.0.0.0/grid/bin/oraagent.bin" is inconsistent across nodes. [Found = "{oracle=[hannvzdlrasvr01], root=[hannvzdlrasvr02]}" on Nodes = "hannvzdlrasvr01,hannvzdlrasvr02"]
PRVG-2027 : Owner of file "/u01/app/19.0.0.0/grid/bin/ocssd.bin" is inconsistent across nodes. [Found = "{oracle=[hannvzdlrasvr01], root=[hannvzdlrasvr02]}" on Nodes = "hannvzdlrasvr01,hannvzdlrasvr02"]

2024-12-07 12:33:37.997 [CVUD(61254)]CRS-10051: CVU found following errors with Clusterware setup : PRVG-2031 : Owner of file "/u01/app/19.0.0.0/grid/bin/orarootagent.bin" did not match the expected value on node "hannvzdlrasvr01". [Expected = "root" ; Found = "oracle"]
PRVG-2027 : Owner of file "/u01/app/19.0.0.0/grid/bin/clssproxy.bin" is inconsistent across nodes. [Found = "{oracle=[hannvzdlrasvr01], root=[hannvzdlrasvr02]}" on Nodes = "hannvzdlrasvr01,hannvzdlrasvr02"]
PRVG-2027 : Owner of file "/u01/app/19.0.0.0/grid/bin/evmmklib.bin" is inconsistent across nodes. [Found = "{oracle=[hannvzdlrasvr01], root=[hannvzdlrasvr02]}" on Nodes = "hannvzdlrasvr01,hannvzdlrasvr02"]

2024-12-07 12:33:37.997 [CVUD(61254)]CRS-10051: CVU found following errors with Clusterware setup : PRVG-2027 : Owner of file "/u01/app/19.0.0.0/grid/bin/crstmpl.scr" is inconsistent across nodes. [Found = "{oracle=[hannvzdlrasvr01], root=[hannvzdlrasvr02]}" on Nodes = "hannvzdlrasvr01,hannvzdlrasvr02"]
PRVG-2031 : Owner of file "/u01/app/19.0.0.0/grid/bin/clsecho.bin" did not match the expected value on node "hannvzdlrasvr01". [Expected = "root" ; Found = "oracle"]
PRVG-2027 : Owner of file "/u01/app/19.0.0.0/grid/bin/racgevtf" is inconsistent across nodes. [Found = "{oracle=[hannvzdlrasvr01], root=[hannvzdlrasvr02]}" on Nodes = "hannvzdlrasvr01,hannvzdlrasvr02"]

2024-12-07 12:33:37.997 [CVUD(61254)]CRS-10051: CVU found following errors with Clusterware setup : PRVG-2027 : Owner of file "/u01/app/19.0.0.0/grid/bin/lsdb.bin" is inconsistent across nodes. [Found = "{oracle=[hannvzdlrasvr01], root=[hannvzdlrasvr02]}" on Nodes = "hannvzdlrasvr01,hannvzdlrasvr02"]
PRVG-2031 : Owner of file "/u01/app/19.0.0.0/grid/bin/ocrdump.bin" did not match the expected value on node "hannvzdlrasvr01". [Expected = "root" ; Found = "oracle"]
PRVG-2031 : Owner of file "/u01/app/19.0.0.0/grid/bin/osysmond.bin" did not match the expected value on node "hannvzdlrasvr01". [Expected = "root" ; Found = "oracle"]
PRVG-2027 : Owner of file "/u01/app/19.0.0.0/grid/bin/cemutlo.bin" is inconsistent across nodes. [Found = "{oracle=[hannvzdlrasvr01], root=[hannvzdlrasvr02]}" on Nodes = "hannvzdlrasvr01,hannvzdlrasvr02"]

2024-12-07 12:33:37.998 [CVUD(61254)]CRS-10051: CVU found following errors with Clusterware setup : PRVG-2031 : Owner of file "/u01/app/19.0.0.0/grid/bin/gnsd" did not match the expected value on node "hannvzdlrasvr01". [Expected = "root" ; Found = "oracle"]
PRVG-2027 : Owner of file "/u01/app/19.0.0.0/grid/bin/evmwatch.bin" is inconsistent across nodes. [Found = "{oracle=[hannvzdlrasvr01], root=[hannvzdlrasvr02]}" on Nodes = "hannvzdlrasvr01,hannvzdlrasvr02"]
PRVG-2027 : Owner of file "/u01/app/19.0.0.0/grid/bin/evmlogger.bin" is inconsistent across nodes. [Found = "{oracle=[hannvzdlrasvr01], root=[hannvzdlrasvr02]}" on Nodes = "hannvzdlrasvr01,hannvzdlrasvr02"]
PRVG-2031 : Owner of file "/u01/app/19.0.0.0/grid/bin/ocrcheck.bin" did not match the expected value on node "hannvzdlrasvr01". [Expected = "root" ; Found = "oracle"]

2024-12-07 12:33:37.998 [CVUD(61254)]CRS-10051: CVU found following errors with Clusterware setup : PRVG-2031 : Owner of file "/u01/app/19.0.0.0/grid/bin/gnsd.bin" did not match the expected value on node "hannvzdlrasvr01". [Expected = "root" ; Found = "oracle"]
PRVG-2027 : Owner of file "/u01/app/19.0.0.0/grid/bin/appagent.bin" is inconsistent across nodes. [Found = "{oracle=[hannvzdlrasvr01], root=[hannvzdlrasvr02]}" on Nodes = "hannvzdlrasvr01,hannvzdlrasvr02"]
PRVG-2031 : Owner of file "/u01/app/19.0.0.0/grid/bin/odig.bin" did not match the expected value on node "hannvzdlrasvr01". [Expected = "root" ; Found = "oracle"]
PRVG-2027 : Owner of file "/u01/app/19.0.0.0/grid/bin/cemutls.bin" is inconsistent across nodes. [Found = "{oracle=[hannvzdlrasvr01], root=[hannvzdlrasvr02]}" on Nodes = "hannvzdlrasvr01,hannvzdlrasvr02"]

2024-12-07 12:33:37.998 [CVUD(61254)]CRS-10051: CVU found following errors with Clusterware setup : PRVG-2027 : Owner of file "/u01/app/19.0.0.0/grid/bin/evt.sh" is inconsistent across nodes. [Found = "{oracle=[hannvzdlrasvr01], root=[hannvzdlrasvr02]}" on Nodes = "hannvzdlrasvr01,hannvzdlrasvr02"]
PRVG-2027 : Owner of file "/u01/app/19.0.0.0/grid/bin/oranetmonitor.bin" is inconsistent across nodes. [Found = "{oracle=[hannvzdlrasvr01], root=[hannvzdlrasvr02]}" on Nodes = "hannvzdlrasvr01,hannvzdlrasvr02"]
PRVG-2031 : Owner of file "/u01/app/19.0.0.0/grid/bin/odig" did not match the expected value on node "hannvzdlrasvr01". [Expected = "root" ; Found = "oracle"]

2024-12-07 12:33:37.998 [CVUD(61254)]CRS-10051: CVU found following errors with Clusterware setup : PRVG-2027 : Owner of file "/u01/app/19.0.0.0/grid/bin/gpnpd.bin" is inconsistent across nodes. [Found = "{oracle=[hannvzdlrasvr01], root=[hannvzdlrasvr02]}" on Nodes = "hannvzdlrasvr01,hannvzdlrasvr02"]
PRVG-2027 : Owner of file "/u01/app/19.0.0.0/grid/bin/evmsort.bin" is inconsistent across nodes. [Found = "{oracle=[hannvzdlrasvr01], root=[hannvzdlrasvr02]}" on Nodes = "hannvzdlrasvr01,hannvzdlrasvr02"]
PRVG-2031 : Owner of file "/u01/app/19.0.0.0/grid/bin/diskmon" did not match the expected value on node "hannvzdlrasvr01". [Expected = "root" ; Found = "oracle"]

2024-12-07 12:33:37.998 [CVUD(61254)]CRS-10051: CVU found following errors with Clusterware setup : PRVG-2027 : Owner of file "/u01/app/19.0.0.0/grid/bin/evmshow.bin" is inconsistent across nodes. [Found = "{oracle=[hannvzdlrasvr01], root=[hannvzdlrasvr02]}" on Nodes = "hannvzdlrasvr01,hannvzdlrasvr02"]
PRVG-2027 : Owner of file "/u01/app/19.0.0.0/grid/bin/crscdpd.bin" is inconsistent across nodes. [Found = "{oracle=[hannvzdlrasvr01], root=[hannvzdlrasvr02]}" on Nodes = "hannvzdlrasvr01,hannvzdlrasvr02"]
PRVG-2027 : Owner of file "/u01/app/19.0.0.0/grid/bin/oprocd" is inconsistent across nodes. [Found = "{oracle=[hannvzdlrasvr01], root=[hannvzdlrasvr02]}" on Nodes = "hannvzdlrasvr01,hannvzdlrasvr02"]

2024-12-07 12:33:37.998 [CVUD(61254)]CRS-10051: CVU found following errors with Clusterware setup : PRVG-2027 : Owner of file "/u01/app/19.0.0.0/grid/bin/cdpc.bin" is inconsistent across nodes. [Found = "{oracle=[hannvzdlrasvr01], root=[hannvzdlrasvr02]}" on Nodes = "hannvzdlrasvr01,hannvzdlrasvr02"]
PRVG-2027 : Owner of file "/u01/app/19.0.0.0/grid/lib/libcrf19.so" is inconsistent across nodes. [Found = "{oracle=[hannvzdlrasvr01], root=[hannvzdlrasvr02]}" on Nodes = "hannvzdlrasvr01,hannvzdlrasvr02"]
PRVG-2027 : Owner of file "/u01/app/19.0.0.0/grid/lib/libcrf_mdb19.so" is inconsistent across nodes. [Found = "{oracle=[hannvzdlrasvr01], root=[hannvzdlrasvr02]}" on Nodes = "hannvzdlrasvr01,hannvzdlrasvr02"]

2024-12-07 12:33:37.998 [CVUD(61254)]CRS-10051: CVU found following errors with Clusterware setup : PRVG-2027 : Owner of file "/u01/app/19.0.0.0/grid/lib/libcrf_http19.so" is inconsistent across nodes. [Found = "{oracle=[hannvzdlrasvr01], root=[hannvzdlrasvr02]}" on Nodes = "hannvzdlrasvr01,hannvzdlrasvr02"]
PRVG-2027 : Owner of file "/u01/app/19.0.0.0/grid/lib/jwcctl_common.pm" is inconsistent across nodes. [Found = "{oracle=[hannvzdlrasvr01], root=[hannvzdlrasvr02]}" on Nodes = "hannvzdlrasvr01,hannvzdlrasvr02"]
PRVG-2027 : Owner of file "/u01/app/19.0.0.0/grid/lib/s_jwcctl_lib.pm" is inconsistent across nodes. [Found = "{oracle=[hannvzdlrasvr01], root=[hannvzdlrasvr02]}" on Nodes = "hannvzdlrasvr01,hannvzdlrasvr02"]

2024-12-07 12:33:37.998 [CVUD(61254)]CRS-10051: CVU found following errors with Clusterware setup : PRVG-2027 : Owner of file "/u01/app/19.0.0.0/grid/lib/libNeticaJ.so" is inconsistent across nodes. [Found = "{oracle=[hannvzdlrasvr01], root=[hannvzdlrasvr02]}" on Nodes = "hannvzdlrasvr01,hannvzdlrasvr02"]
PRVG-2027 : Owner of file "/u01/app/19.0.0.0/grid/lib/libCurveFit.so" is inconsistent across nodes. [Found = "{oracle=[hannvzdlrasvr01], root=[hannvzdlrasvr02]}" on Nodes = "hannvzdlrasvr01,hannvzdlrasvr02"]
PRVG-2027 : Owner of file "/u01/app/19.0.0.0/grid/lib/jwcctl_lib.pm" is inconsistent across nodes. [Found = "{oracle=[hannvzdlrasvr01], root=[hannvzdlrasvr02]}" on Nodes = "hannvzdlrasvr01,hannvzdlrasvr02"]

2024-12-07 12:33:37.998 [CVUD(61254)]CRS-10051: CVU found following errors with Clusterware setup : PRVG-2027 : Owner of file "/u01/app/19.0.0.0/grid/bin/oraipsecsetup" is inconsistent across nodes. [Found = "{oracle=[hannvzdlrasvr01], root=[hannvzdlrasvr02]}" on Nodes = "hannvzdlrasvr01,hannvzdlrasvr02"]
PRVG-2027 : Owner of file "/u01/app/19.0.0.0/grid/bin/jwcctl.pl" is inconsistent across nodes. [Found = "{oracle=[hannvzdlrasvr01], root=[hannvzdlrasvr02]}" on Nodes = "hannvzdlrasvr01,hannvzdlrasvr02"]
PRVG-2027 : Owner of file "/u01/app/19.0.0.0/grid/bin/dockeroracleinit" is inconsistent across nodes. [Found = "{oracle=[hannvzdlrasvr01], root=[hannvzdlrasvr02]}" on Nodes = "hannvzdlrasvr01,hannvzdlrasvr02"]

2024-12-07 12:33:37.998 [CVUD(61254)]CRS-10051: CVU found following errors with Clusterware setup : PRVG-2027 : Owner of file "/u01/app/19.0.0.0/grid/bin/dmproc" is inconsistent across nodes. [Found = "{oracle=[hannvzdlrasvr01], root=[hannvzdlrasvr02]}" on Nodes = "hannvzdlrasvr01,hannvzdlrasvr02"]
PRVG-2027 : Owner of file "/u01/app/19.0.0.0/grid/bin/orapki" is inconsistent across nodes. [Found = "{oracle=[hannvzdlrasvr01], root=[hannvzdlrasvr02]}" on Nodes = "hannvzdlrasvr01,hannvzdlrasvr02"]
PRVG-2027 : Owner of file "/u01/app/19.0.0.0/grid/bin/mkstore" is inconsistent across nodes. [Found = "{oracle=[hannvzdlrasvr01], root=[hannvzdlrasvr02]}" on Nodes = "hannvzdlrasvr01,hannvzdlrasvr02"]

2024-12-07 12:33:37.998 [CVUD(61254)]CRS-10051: CVU found following errors with Clusterware setup : PRVG-2027 : Owner of file "/u01/app/19.0.0.0/grid/bin/owm" is inconsistent across nodes. [Found = "{oracle=[hannvzdlrasvr01], root=[hannvzdlrasvr02]}" on Nodes = "hannvzdlrasvr01,hannvzdlrasvr02"]
PRVG-2027 : Owner of file "/u01/app/19.0.0.0/grid/lib/xmlparserv2_jaxp_services.jar" is inconsistent across nodes. [Found = "{oracle=[hannvzdlrasvr01], root=[hannvzdlrasvr02]}" on Nodes = "hannvzdlrasvr01,hannvzdlrasvr02"]
PRVG-2027 : Owner of file "/u01/app/19.0.0.0/grid/lib/xsu12.jar" is inconsistent across nodes. [Found = "{oracle=[hannvzdlrasvr01], root=[hannvzdlrasvr02]}" on Nodes = "hannvzdlrasvr01,hannvzdlrasvr02"]

2024-12-07 12:33:37.998 [CVUD(61254)]CRS-10051: CVU found following errors with Clusterware setup : PRVG-2027 : Owner of file "/u01/app/19.0.0.0/grid/lib/xmlparserv2.jar" is inconsistent across nodes. [Found = "{oracle=[hannvzdlrasvr01], root=[hannvzdlrasvr02]}" on Nodes = "hannvzdlrasvr01,hannvzdlrasvr02"]
PRVG-2027 : Owner of file "/u01/app/19.0.0.0/grid/lib/xmlcomp2.jar" is inconsistent across nodes. [Found = "{oracle=[hannvzdlrasvr01], root=[hannvzdlrasvr02]}" on Nodes = "hannvzdlrasvr01,hannvzdlrasvr02"]
PRVG-2027 : Owner of file "/u01/app/19.0.0.0/grid/lib/xschema.jar" is inconsistent across nodes. [Found = "{oracle=[hannvzdlrasvr01], root=[hannvzdlrasvr02]}" on Nodes = "hannvzdlrasvr01,hannvzdlrasvr02"]

2024-12-07 12:33:37.999 [CVUD(61254)]CRS-10051: CVU found following errors with Clusterware setup : PRVG-2027 : Owner of file "/u01/app/19.0.0.0/grid/lib/xmlmesg.jar" is inconsistent across nodes. [Found = "{oracle=[hannvzdlrasvr01], root=[hannvzdlrasvr02]}" on Nodes = "hannvzdlrasvr01,hannvzdlrasvr02"]
PRVG-2027 : Owner of file "/u01/app/19.0.0.0/grid/lib/xmlparserv2_sans_jaxp_services.jar" is inconsistent across nodes. [Found = "{oracle=[hannvzdlrasvr01], root=[hannvzdlrasvr02]}" on Nodes = "hannvzdlrasvr01,hannvzdlrasvr02"]
PRVG-2027 : Owner of file "/u01/app/19.0.0.0/grid/lib/xml.jar" is inconsistent across nodes. [Found = "{oracle=[hannvzdlrasvr01], root=[hannvzdlrasvr02]}" on Nodes = "hannvzdlrasvr01,hannvzdlrasvr02"]

2024-12-07 12:33:37.999 [CVUD(61254)]CRS-10051: CVU found following errors with Clusterware setup : PRVG-2027 : Owner of file "/u01/app/19.0.0.0/grid/bin/xml" is inconsistent across nodes. [Found = "{oracle=[hannvzdlrasvr01], root=[hannvzdlrasvr02]}" on Nodes = "hannvzdlrasvr01,hannvzdlrasvr02"]
PRVG-2027 : Owner of file "/u01/app/19.0.0.0/grid/bin/oraxml" is inconsistent across nodes. [Found = "{oracle=[hannvzdlrasvr01], root=[hannvzdlrasvr02]}" on Nodes = "hannvzdlrasvr01,hannvzdlrasvr02"]
PRVG-2027 : Owner of file "/u01/app/19.0.0.0/grid/bin/orajaxb" is inconsistent across nodes. [Found = "{oracle=[hannvzdlrasvr01], root=[hannvzdlrasvr02]}" on Nodes = "hannvzdlrasvr01,hannvzdlrasvr02"]

2024-12-07 12:33:37.999 [CVUD(61254)]CRS-10051: CVU found following errors with Clusterware setup : PRVG-2027 : Owner of file "/u01/app/19.0.0.0/grid/bin/schema" is inconsistent across nodes. [Found = "{oracle=[hannvzdlrasvr01], root=[hannvzdlrasvr02]}" on Nodes = "hannvzdlrasvr01,hannvzdlrasvr02"]
PRVG-2027 : Owner of file "/u01/app/19.0.0.0/grid/bin/oraxsl" is inconsistent across nodes. [Found = "{oracle=[hannvzdlrasvr01], root=[hannvzdlrasvr02]}" on Nodes = "hannvzdlrasvr01,hannvzdlrasvr02"]
PRVG-2027 : Owner of file "/u01/app/19.0.0.0/grid/lib/nigtab.o" is inconsistent across nodes. [Found = "{oracle=[hannvzdlrasvr01], root=[hannvzdlrasvr02]}" on Nodes = "hannvzdlrasvr01,hannvzdlrasvr02"]

2024-12-07 12:33:37.999 [CVUD(61254)]CRS-10051: CVU found following errors with Clusterware setup : PRVG-2027 : Owner of file "/u01/app/19.0.0.0/grid/lib/nigcon.o" is inconsistent across nodes. [Found = "{oracle=[hannvzdlrasvr01], root=[hannvzdlrasvr02]}" on Nodes = "hannvzdlrasvr01,hannvzdlrasvr02"]
PRVG-2027 : Owner of file "/u01/app/19.0.0.0/grid/lib/osntabst.o" is inconsistent across nodes. [Found = "{oracle=[hannvzdlrasvr01], root=[hannvzdlrasvr02]}" on Nodes = "hannvzdlrasvr01,hannvzdlrasvr02"]
PRVG-2027 : Owner of file "/u01/app/19.0.0.0/grid/bin/trcroute" is inconsistent across nodes. [Found = "{oracle=[hannvzdlrasvr01], root=[hannvzdlrasvr02]}" on Nodes = "hannvzdlrasvr01,hannvzdlrasvr02"]

2024-12-07 12:33:37.999 [CVUD(61254)]CRS-10051: CVU found following errors with Clusterware setup : PRVG-2027 : Owner of file "/u01/app/19.0.0.0/grid/bin/adapters" is inconsistent across nodes. [Found = "{oracle=[hannvzdlrasvr01], root=[hannvzdlrasvr02]}" on Nodes = "hannvzdlrasvr01,hannvzdlrasvr02"]
PRVG-2027 : Owner of file "/u01/app/19.0.0.0/grid/lib/libsqlplus.so" is inconsistent across nodes. [Found = "{oracle=[hannvzdlrasvr01], root=[hannvzdlrasvr02]}" on Nodes = "hannvzdlrasvr01,hannvzdlrasvr02"]
PRVG-2027 : Owner of file "/u01/app/19.0.0.0/grid/bin/sqlplus" is inconsistent across nodes. [Found = "{oracle=[hannvzdlrasvr01], root=[hannvzdlrasvr02]}" on Nodes = "hannvzdlrasvr01,hannvzdlrasvr02"]

2024-12-07 12:33:37.999 [CVUD(61254)]CRS-10051: CVU found following errors with Clusterware setup : PRVG-2027 : Owner of file "/u01/app/19.0.0.0/grid/lib/libsqlplus.a" is inconsistent across nodes. [Found = "{oracle=[hannvzdlrasvr01], root=[hannvzdlrasvr02]}" on Nodes = "hannvzdlrasvr01,hannvzdlrasvr02"]
PRVG-2027 : Owner of file "/u01/app/19.0.0.0/grid/bin/rman" is inconsistent across nodes. [Found = "{oracle=[hannvzdlrasvr01], root=[hannvzdlrasvr02]}" on Nodes = "hannvzdlrasvr01,hannvzdlrasvr02"]
PRVG-2027 : Owner of file "/u01/app/19.0.0.0/grid/lib/libwwg.a" is inconsistent across nodes. [Found = "{oracle=[hannvzdlrasvr01], root=[hannvzdlrasvr02]}" on Nodes = "hannvzdlrasvr01,hannvzdlrasvr02"]

2024-12-07 12:33:37.999 [CVUD(61254)]CRS-10051: CVU found following errors with Clusterware setup : PRVG-2027 : Owner of file "/u01/app/19.0.0.0/grid/lib/liboraolap19.a" is inconsistent across nodes. [Found = "{oracle=[hannvzdlrasvr01], root=[hannvzdlrasvr02]}" on Nodes = "hannvzdlrasvr01,hannvzdlrasvr02"]
PRVG-2027 : Owner of file "/u01/app/19.0.0.0/grid/bin/dbgeu_run_action.pl" is inconsistent across nodes. [Found = "{oracle=[hannvzdlrasvr01], root=[hannvzdlrasvr02]}" on Nodes = "hannvzdlrasvr01,hannvzdlrasvr02"]
PRVG-2027 : Owner of file "/u01/app/19.0.0.0/grid/bin/aqxmlctl.pl" is inconsistent across nodes. [Found = "{oracle=[hannvzdlrasvr01], root=[hannvzdlrasvr02]}" on Nodes = "hannvzdlrasvr01,hannvzdlrasvr02"]

2024-12-07 12:33:37.999 [CVUD(61254)]CRS-10051: CVU found following errors with Clusterware setup : PRVG-2027 : Owner of file "/u01/app/19.0.0.0/grid/bin/tkprof" is inconsistent across nodes. [Found = "{oracle=[hannvzdlrasvr01], root=[hannvzdlrasvr02]}" on Nodes = "hannvzdlrasvr01,hannvzdlrasvr02"]
PRVG-2027 : Owner of file "/u01/app/19.0.0.0/grid/bin/dg4pwd" is inconsistent across nodes. [Found = "{oracle=[hannvzdlrasvr01], root=[hannvzdlrasvr02]}" on Nodes = "hannvzdlrasvr01,hannvzdlrasvr02"]
PRVG-2027 : Owner of file "/u01/app/19.0.0.0/grid/bin/plshprof" is inconsistent across nodes. [Found = "{oracle=[hannvzdlrasvr01], root=[hannvzdlrasvr02]}" on Nodes = "hannvzdlrasvr01,hannvzdlrasvr02"]

2024-12-07 12:33:37.999 [CVUD(61254)]CRS-10051: CVU found following errors with Clusterware setup : PRVG-2027 : Owner of file "/u01/app/19.0.0.0/grid/bin/osh" is inconsistent across nodes. [Found = "{oracle=[hannvzdlrasvr01], root=[hannvzdlrasvr02]}" on Nodes = "hannvzdlrasvr01,hannvzdlrasvr02"]
PRVG-2027 : Owner of file "/u01/app/19.0.0.0/grid/bin/dbshut" is inconsistent across nodes. [Found = "{oracle=[hannvzdlrasvr01], root=[hannvzdlrasvr02]}" on Nodes = "hannvzdlrasvr01,hannvzdlrasvr02"]
PRVG-2027 : Owner of file "/u01/app/19.0.0.0/grid/lib/libagtsh.so.1.0" is inconsistent across nodes. [Found = "{oracle=[hannvzdlrasvr01], root=[hannvzdlrasvr02]}" on Nodes = "hannvzdlrasvr01,hannvzdlrasvr02"]

2024-12-07 12:33:37.999 [CVUD(61254)]CRS-10051: CVU found following errors with Clusterware setup : PRVG-2027 : Owner of file "/u01/app/19.0.0.0/grid/bin/dbfs_client" is inconsistent across nodes. [Found = "{oracle=[hannvzdlrasvr01], root=[hannvzdlrasvr02]}" on Nodes = "hannvzdlrasvr01,hannvzdlrasvr02"]
PRVG-2027 : Owner of file "/u01/app/19.0.0.0/grid/lib/mail.jar" is inconsistent across nodes. [Found = "{oracle=[hannvzdlrasvr01], root=[hannvzdlrasvr02]}" on Nodes = "hannvzdlrasvr01,hannvzdlrasvr02"]
PRVG-2027 : Owner of file "/u01/app/19.0.0.0/grid/lib/activation.jar" is inconsistent across nodes. [Found = "{oracle=[hannvzdlrasvr01], root=[hannvzdlrasvr02]}" on Nodes = "hannvzdlrasvr01,hannvzdlrasvr02"]

2024-12-07 12:33:37.999 [CVUD(61254)]CRS-10051: CVU found following errors with Clusterware setup : PRVG-2027 : Owner of file "/u01/app/19.0.0.0/grid/lib/libheteroxa19.a" is inconsistent across nodes. [Found = "{oracle=[hannvzdlrasvr01], root=[hannvzdlrasvr02]}" on Nodes = "hannvzdlrasvr01,hannvzdlrasvr02"]
PRVG-2027 : Owner of file "/u01/app/19.0.0.0/grid/lib/libocijdbc19.so" is inconsistent across nodes. [Found = "{oracle=[hannvzdlrasvr01], root=[hannvzdlrasvr02]}" on Nodes = "hannvzdlrasvr01,hannvzdlrasvr02"]
PRVG-2027 : Owner of file "/u01/app/19.0.0.0/grid/lib/libheteroxa19.so" is inconsistent across nodes. [Found = "{oracle=[hannvzdlrasvr01], root=[hannvzdlrasvr02]}" on Nodes = "hannvzdlrasvr01,hannvzdlrasvr02"]

2024-12-07 12:33:37.999 [CVUD(61254)]CRS-10051: CVU found following errors with Clusterware setup : PRVG-2027 : Owner of file "/u01/app/19.0.0.0/grid/lib/libocijdbc19.a" is inconsistent across nodes. [Found = "{oracle=[hannvzdlrasvr01], root=[hannvzdlrasvr02]}" on Nodes = "hannvzdlrasvr01,hannvzdlrasvr02"]
PRVG-2027 : Owner of file "/u01/app/19.0.0.0/grid/bin/ldapaddmt" is inconsistent across nodes. [Found = "{oracle=[hannvzdlrasvr01], root=[hannvzdlrasvr02]}" on Nodes = "hannvzdlrasvr01,hannvzdlrasvr02"]
PRVG-2027 : Owner of file "/u01/app/19.0.0.0/grid/bin/dsml2ldif" is inconsistent across nodes. [Found = "{oracle=[hannvzdlrasvr01], root=[hannvzdlrasvr02]}" on Nodes = "hannvzdlrasvr01,hannvzdlrasvr02"]

2024-12-07 12:33:38.000 [CVUD(61254)]CRS-10051: CVU found following errors with Clusterware setup : PRVG-2027 : Owner of file "/u01/app/19.0.0.0/grid/bin/ldapmodify" is inconsistent across nodes. [Found = "{oracle=[hannvzdlrasvr01], root=[hannvzdlrasvr02]}" on Nodes = "hannvzdlrasvr01,hannvzdlrasvr02"]
PRVG-2027 : Owner of file "/u01/app/19.0.0.0/grid/bin/ldapmoddn" is inconsistent across nodes. [Found = "{oracle=[hannvzdlrasvr01], root=[hannvzdlrasvr02]}" on Nodes = "hannvzdlrasvr01,hannvzdlrasvr02"]
PRVG-2027 : Owner of file "/u01/app/19.0.0.0/grid/bin/ldapcompare" is inconsistent across nodes. [Found = "{oracle=[hannvzdlrasvr01], root=[hannvzdlrasvr02]}" on Nodes = "hannvzdlrasvr01,hannvzdlrasvr02"]

2024-12-07 12:33:38.000 [CVUD(61254)]CRS-10051: CVU found following errors with Clusterware setup : PRVG-2027 : Owner of file "/u01/app/19.0.0.0/grid/bin/ldapadd" is inconsistent across nodes. [Found = "{oracle=[hannvzdlrasvr01], root=[hannvzdlrasvr02]}" on Nodes = "hannvzdlrasvr01,hannvzdlrasvr02"]
PRVG-2027 : Owner of file "/u01/app/19.0.0.0/grid/bin/ldapmodifymt" is inconsistent across nodes. [Found = "{oracle=[hannvzdlrasvr01], root=[hannvzdlrasvr02]}" on Nodes = "hannvzdlrasvr01,hannvzdlrasvr02"]
PRVG-2027 : Owner of file "/u01/app/19.0.0.0/grid/bin/ldapbind" is inconsistent across nodes. [Found = "{oracle=[hannvzdlrasvr01], root=[hannvzdlrasvr02]}" on Nodes = "hannvzdlrasvr01,hannvzdlrasvr02"]

2024-12-07 12:33:38.000 [CVUD(61254)]CRS-10051: CVU found following errors with Clusterware setup : PRVG-2027 : Owner of file "/u01/app/19.0.0.0/grid/bin/ldapdelete" is inconsistent across nodes. [Found = "{oracle=[hannvzdlrasvr01], root=[hannvzdlrasvr02]}" on Nodes = "hannvzdlrasvr01,hannvzdlrasvr02"]
PRVG-2027 : Owner of file "/u01/app/19.0.0.0/grid/bin/ldapsearch" is inconsistent across nodes. [Found = "{oracle=[hannvzdlrasvr01], root=[hannvzdlrasvr02]}" on Nodes = "hannvzdlrasvr01,hannvzdlrasvr02"]
PRVG-2027 : Owner of file "/u01/app/19.0.0.0/grid/bin/lsnrctl" is inconsistent across nodes. [Found = "{oracle=[hannvzdlrasvr01], root=[hannvzdlrasvr02]}" on Nodes = "hannvzdlrasvr01,hannvzdlrasvr02"]

2024-12-07 12:33:38.000 [CVUD(61254)]CRS-10051: CVU found following errors with Clusterware setup : PRVG-2027 : Owner of file "/u01/app/19.0.0.0/grid/bin/tnslsnr" is inconsistent across nodes. [Found = "{oracle=[hannvzdlrasvr01], root=[hannvzdlrasvr02]}" on Nodes = "hannvzdlrasvr01,hannvzdlrasvr02"]
PRVG-2027 : Owner of file "/u01/app/19.0.0.0/grid/lib/http_client.jar" is inconsistent across nodes. [Found = "{oracle=[hannvzdlrasvr01], root=[hannvzdlrasvr02]}" on Nodes = "hannvzdlrasvr01,hannvzdlrasvr02"]
PRVG-2031 : Owner of file "/u01/app/19.0.0.0/grid/bin/rhpctl" did not match the expected value on node "hannvzdlrasvr01". [Expected = "root" ; Found = "oracle"]
PRVG-2031 : Owner of file "/u01/app/19.0.0.0/grid/jlib/ghctl.jar" did not match the expected value on node "hannvzdlrasvr01". [Expected = "root" ; Found = "oracle"]

2024-12-07 12:33:38.000 [CVUD(61254)]CRS-10051: CVU found following errors with Clusterware setup : PRVG-2031 : Owner of file "/u01/app/19.0.0.0/grid/jlib/rhp.jar" did not match the expected value on node "hannvzdlrasvr01". [Expected = "root" ; Found = "oracle"]
PRVG-2027 : Owner of file "/u01/app/19.0.0.0/grid/bin/crsdiag.pl" is inconsistent across nodes. [Found = "{oracle=[hannvzdlrasvr01], root=[hannvzdlrasvr02]}" on Nodes = "hannvzdlrasvr01,hannvzdlrasvr02"]
PRVG-2027 : Owner of file "/u01/app/19.0.0.0/grid/lib/libclsr19.a" is inconsistent across nodes. [Found = "{oracle=[hannvzdlrasvr01], root=[hannvzdlrasvr02]}" on Nodes = "hannvzdlrasvr01,hannvzdlrasvr02"]
PRVG-2031 : Owner of file "/u01/app/19.0.0.0/grid/bin/kfod" did not match the expected value on node "hannvzdlrasvr01". [Expected = "root" ; Found = "oracle"]

2024-12-07 12:33:38.000 [CVUD(61254)]CRS-10051: CVU found following errors with Clusterware setup : PRVG-2031 : Owner of file "/u01/app/19.0.0.0/grid/bin/lsnodes" did not match the expected value on node "hannvzdlrasvr01". [Expected = "root" ; Found = "oracle"]
PRVG-2027 : Owner of file "/u01/app/19.0.0.0/grid/bin/srvconfig" is inconsistent across nodes. [Found = "{oracle=[hannvzdlrasvr01], root=[hannvzdlrasvr02]}" on Nodes = "hannvzdlrasvr01,hannvzdlrasvr02"]
PRVG-2027 : Owner of file "/u01/app/19.0.0.0/grid/lib/libskjcx19.so" is inconsistent across nodes. [Found = "{oracle=[hannvzdlrasvr01], root=[hannvzdlrasvr02]}" on Nodes = "hannvzdlrasvr01,hannvzdlrasvr02"]

2024-12-07 12:33:38.000 [CVUD(61254)]CRS-10051: CVU found following errors with Clusterware setup : PRVG-2027 : Owner of file "/u01/app/19.0.0.0/grid/lib/libcell19.a" is inconsistent across nodes. [Found = "{oracle=[hannvzdlrasvr01], root=[hannvzdlrasvr02]}" on Nodes = "hannvzdlrasvr01,hannvzdlrasvr02"]
PRVG-2027 : Owner of file "/u01/app/19.0.0.0/grid/lib/libcell19.so" is inconsistent across nodes. [Found = "{oracle=[hannvzdlrasvr01], root=[hannvzdlrasvr02]}" on Nodes = "hannvzdlrasvr01,hannvzdlrasvr02"]
PRVG-2027 : Owner of file "/u01/app/19.0.0.0/grid/lib/libipcdat19.so" is inconsistent across nodes. [Found = "{oracle=[hannvzdlrasvr01], root=[hannvzdlrasvr02]}" on Nodes = "hannvzdlrasvr01,hannvzdlrasvr02"]

2024-12-07 12:33:38.000 [CVUD(61254)]CRS-10051: CVU found following errors with Clusterware setup : PRVG-2027 : Owner of file "/u01/app/19.0.0.0/grid/lib/libordsdo19.a" is inconsistent across nodes. [Found = "{oracle=[hannvzdlrasvr01], root=[hannvzdlrasvr02]}" on Nodes = "hannvzdlrasvr01,hannvzdlrasvr02"]
PRVG-2027 : Owner of file "/u01/app/19.0.0.0/grid/lib/libctx19.a" is inconsistent across nodes. [Found = "{oracle=[hannvzdlrasvr01], root=[hannvzdlrasvr02]}" on Nodes = "hannvzdlrasvr01,hannvzdlrasvr02"]
PRVG-2027 : Owner of file "/u01/app/19.0.0.0/grid/lib/libgx19.a" is inconsistent across nodes. [Found = "{oracle=[hannvzdlrasvr01], root=[hannvzdlrasvr02]}" on Nodes = "hannvzdlrasvr01,hannvzdlrasvr02"]

2024-12-07 12:33:38.000 [CVUD(61254)]CRS-10051: CVU found following errors with Clusterware setup : PRVG-2027 : Owner of file "/u01/app/19.0.0.0/grid/lib/libzx19.a" is inconsistent across nodes. [Found = "{oracle=[hannvzdlrasvr01], root=[hannvzdlrasvr02]}" on Nodes = "hannvzdlrasvr01,hannvzdlrasvr02"]
PRVG-2027 : Owner of file "/u01/app/19.0.0.0/grid/lib/libctxc19.a" is inconsistent across nodes. [Found = "{oracle=[hannvzdlrasvr01], root=[hannvzdlrasvr02]}" on Nodes = "hannvzdlrasvr01,hannvzdlrasvr02"]
PRVG-2027 : Owner of file "/u01/app/19.0.0.0/grid/bin/opwdintg.exe" is inconsistent across nodes. [Found = "{oracle=[hannvzdlrasvr01], root=[hannvzdlrasvr02]}" on Nodes = "hannvzdlrasvr01,hannvzdlrasvr02"]

2024-12-07 12:33:38.000 [CVUD(61254)]CRS-10051: CVU found following errors with Clusterware setup : PRVG-2027 : Owner of file "/u01/app/19.0.0.0/grid/lib/asmcmdtmpl.pm" is inconsistent across nodes. [Found = "{oracle=[hannvzdlrasvr01], root=[hannvzdlrasvr02]}" on Nodes = "hannvzdlrasvr01,hannvzdlrasvr02"]
PRVG-2027 : Owner of file "/u01/app/19.0.0.0/grid/lib/asmcmdsys.pm" is inconsistent across nodes. [Found = "{oracle=[hannvzdlrasvr01], root=[hannvzdlrasvr02]}" on Nodes = "hannvzdlrasvr01,hannvzdlrasvr02"]
PRVG-2027 : Owner of file "/u01/app/19.0.0.0/grid/lib/asmcmd_disk_header_format" is inconsistent across nodes. [Found = "{oracle=[hannvzdlrasvr01], root=[hannvzdlrasvr02]}" on Nodes = "hannvzdlrasvr01,hannvzdlrasvr02"]

2024-12-07 12:33:38.000 [CVUD(61254)]CRS-10051: CVU found following errors with Clusterware setup : PRVG-2027 : Owner of file "/u01/app/19.0.0.0/grid/lib/asmcmdambracfs.xml" is inconsistent across nodes. [Found = "{oracle=[hannvzdlrasvr01], root=[hannvzdlrasvr02]}" on Nodes = "hannvzdlrasvr01,hannvzdlrasvr02"]
PRVG-2027 : Owner of file "/u01/app/19.0.0.0/grid/lib/asmcmdattr.pm" is inconsistent across nodes. [Found = "{oracle=[hannvzdlrasvr01], root=[hannvzdlrasvr02]}" on Nodes = "hannvzdlrasvr01,hannvzdlrasvr02"]
PRVG-2027 : Owner of file "/u01/app/19.0.0.0/grid/lib/opc_installer.zip" is inconsistent across nodes. [Found = "{oracle=[hannvzdlrasvr01], root=[hannvzdlrasvr02]}" on Nodes = "hannvzdlrasvr01,hannvzdlrasvr02"]

2024-12-07 12:33:38.000 [CVUD(61254)]CRS-10051: CVU found following errors with Clusterware setup : PRVG-2027 : Owner of file "/u01/app/19.0.0.0/grid/lib/asmcmddisk.pm" is inconsistent across nodes. [Found = "{oracle=[hannvzdlrasvr01], root=[hannvzdlrasvr02]}" on Nodes = "hannvzdlrasvr01,hannvzdlrasvr02"]
PRVG-2027 : Owner of file "/u01/app/19.0.0.0/grid/lib/asmcommand.xml" is inconsistent across nodes. [Found = "{oracle=[hannvzdlrasvr01], root=[hannvzdlrasvr02]}" on Nodes = "hannvzdlrasvr01,hannvzdlrasvr02"]
PRVG-2027 : Owner of file "/u01/app/19.0.0.0/grid/lib/asmcmdfgrp.pm" is inconsistent across nodes. [Found = "{oracle=[hannvzdlrasvr01], root=[hannvzdlrasvr02]}" on Nodes = "hannvzdlrasvr01,hannvzdlrasvr02"]

2024-12-07 12:33:38.001 [CVUD(61254)]CRS-10051: CVU found following errors with Clusterware setup : PRVG-2027 : Owner of file "/u01/app/19.0.0.0/grid/lib/asmcmdafd.pm" is inconsistent across nodes. [Found = "{oracle=[hannvzdlrasvr01], root=[hannvzdlrasvr02]}" on Nodes = "hannvzdlrasvr01,hannvzdlrasvr02"]
PRVG-2027 : Owner of file "/u01/app/19.0.0.0/grid/lib/asmcmdvol.pm" is inconsistent across nodes. [Found = "{oracle=[hannvzdlrasvr01], root=[hannvzdlrasvr02]}" on Nodes = "hannvzdlrasvr01,hannvzdlrasvr02"]
PRVG-2027 : Owner of file "/u01/app/19.0.0.0/grid/lib/asmcmdug.pm" is inconsistent across nodes. [Found = "{oracle=[hannvzdlrasvr01], root=[hannvzdlrasvr02]}" on Nodes = "hannvzdlrasvr01,hannvzdlrasvr02"]

2024-12-07 12:33:38.001 [CVUD(61254)]CRS-10051: CVU found following errors with Clusterware setup : PRVG-2027 : Owner of file "/u01/app/19.0.0.0/grid/lib/ra_installer.zip" is inconsistent across nodes. [Found = "{oracle=[hannvzdlrasvr01], root=[hannvzdlrasvr02]}" on Nodes = "hannvzdlrasvr01,hannvzdlrasvr02"]
PRVG-2027 : Owner of file "/u01/app/19.0.0.0/grid/lib/asmcmdbase.pm" is inconsistent across nodes. [Found = "{oracle=[hannvzdlrasvr01], root=[hannvzdlrasvr02]}" on Nodes = "hannvzdlrasvr01,hannvzdlrasvr02"]
PRVG-2027 : Owner of file "/u01/app/19.0.0.0/grid/lib/asmcmdqg.pm" is inconsistent across nodes. [Found = "{oracle=[hannvzdlrasvr01], root=[hannvzdlrasvr02]}" on Nodes = "hannvzdlrasvr01,hannvzdlrasvr02"]

2024-12-07 12:33:38.001 [CVUD(61254)]CRS-10051: CVU found following errors with Clusterware setup : PRVG-2027 : Owner of file "/u01/app/19.0.0.0/grid/lib/osbws_installer.zip" is inconsistent across nodes. [Found = "{oracle=[hannvzdlrasvr01], root=[hannvzdlrasvr02]}" on Nodes = "hannvzdlrasvr01,hannvzdlrasvr02"]
PRVG-2027 : Owner of file "/u01/app/19.0.0.0/grid/lib/opc2_installer.zip" is inconsistent across nodes. [Found = "{oracle=[hannvzdlrasvr01], root=[hannvzdlrasvr02]}" on Nodes = "hannvzdlrasvr01,hannvzdlrasvr02"]
PRVG-2027 : Owner of file "/u01/app/19.0.0.0/grid/lib/asmcmddiag.pm" is inconsistent across nodes. [Found = "{oracle=[hannvzdlrasvr01], root=[hannvzdlrasvr02]}" on Nodes = "hannvzdlrasvr01,hannvzdlrasvr02"]

2024-12-07 12:33:38.001 [CVUD(61254)]CRS-10051: CVU found following errors with Clusterware setup : PRVG-2027 : Owner of file "/u01/app/19.0.0.0/grid/lib/asmcmdamdu.pm" is inconsistent across nodes. [Found = "{oracle=[hannvzdlrasvr01], root=[hannvzdlrasvr02]}" on Nodes = "hannvzdlrasvr01,hannvzdlrasvr02"]
PRVG-2027 : Owner of file "/u01/app/19.0.0.0/grid/lib/asmcmdambr.pm" is inconsistent across nodes. [Found = "{oracle=[hannvzdlrasvr01], root=[hannvzdlrasvr02]}" on Nodes = "hannvzdlrasvr01,hannvzdlrasvr02"]
PRVG-2027 : Owner of file "/u01/app/19.0.0.0/grid/lib/asmcmdexceptions.pm" is inconsistent across nodes. [Found = "{oracle=[hannvzdlrasvr01], root=[hannvzdlrasvr02]}" on Nodes = "hannvzdlrasvr01,hannvzdlrasvr02"]

2024-12-07 12:33:38.001 [CVUD(61254)]CRS-10051: CVU found following errors with Clusterware setup : PRVG-2027 : Owner of file "/u01/app/19.0.0.0/grid/lib/asmcmdpasswd.pm" is inconsistent across nodes. [Found = "{oracle=[hannvzdlrasvr01], root=[hannvzdlrasvr02]}" on Nodes = "hannvzdlrasvr01,hannvzdlrasvr02"]
PRVG-2027 : Owner of file "/u01/app/19.0.0.0/grid/lib/asmcmdglobal.pm" is inconsistent across nodes. [Found = "{oracle=[hannvzdlrasvr01], root=[hannvzdlrasvr02]}" on Nodes = "hannvzdlrasvr01,hannvzdlrasvr02"]
PRVG-2027 : Owner of file "/u01/app/19.0.0.0/grid/lib/asmcmdxmlexceptions.pm" is inconsistent across nodes. [Found = "{oracle=[hannvzdlrasvr01], root=[hannvzdlrasvr02]}" on Nodes = "hannvzdlrasvr01,hannvzdlrasvr02"]

2024-12-07 12:33:38.001 [CVUD(61254)]CRS-10051: CVU found following errors with Clusterware setup : PRVG-2027 : Owner of file "/u01/app/19.0.0.0/grid/lib/asmcmdparser.pm" is inconsistent across nodes. [Found = "{oracle=[hannvzdlrasvr01], root=[hannvzdlrasvr02]}" on Nodes = "hannvzdlrasvr01,hannvzdlrasvr02"]
PRVG-2027 : Owner of file "/u01/app/19.0.0.0/grid/lib/asmcmdaudit.pm" is inconsistent across nodes. [Found = "{oracle=[hannvzdlrasvr01], root=[hannvzdlrasvr02]}" on Nodes = "hannvzdlrasvr01,hannvzdlrasvr02"]
PRVG-2027 : Owner of file "/u01/app/19.0.0.0/grid/lib/asmcmdshare.pm" is inconsistent across nodes. [Found = "{oracle=[hannvzdlrasvr01], root=[hannvzdlrasvr02]}" on Nodes = "hannvzdlrasvr01,hannvzdlrasvr02"]

2024-12-07 12:33:38.001 [CVUD(61254)]CRS-10051: CVU found following errors with Clusterware setup : PRVG-2027 : Owner of file "/u01/app/19.0.0.0/grid/lib/libopcodm19.a" is inconsistent across nodes. [Found = "{oracle=[hannvzdlrasvr01], root=[hannvzdlrasvr02]}" on Nodes = "hannvzdlrasvr01,hannvzdlrasvr02"]
PRVG-2027 : Owner of file "/u01/app/19.0.0.0/grid/lib/libopc.so" is inconsistent across nodes. [Found = "{oracle=[hannvzdlrasvr01], root=[hannvzdlrasvr02]}" on Nodes = "hannvzdlrasvr01,hannvzdlrasvr02"]
PRVG-2027 : Owner of file "/u01/app/19.0.0.0/grid/lib/libavstub19.a" is inconsistent across nodes. [Found = "{oracle=[hannvzdlrasvr01], root=[hannvzdlrasvr02]}" on Nodes = "hannvzdlrasvr01,hannvzdlrasvr02"]

2024-12-07 12:33:38.001 [CVUD(61254)]CRS-10051: CVU found following errors with Clusterware setup : PRVG-2027 : Owner of file "/u01/app/19.0.0.0/grid/lib/libpatchgensh19.a" is inconsistent across nodes. [Found = "{oracle=[hannvzdlrasvr01], root=[hannvzdlrasvr02]}" on Nodes = "hannvzdlrasvr01,hannvzdlrasvr02"]
PRVG-2027 : Owner of file "/u01/app/19.0.0.0/grid/lib/libasmperl19.so" is inconsistent across nodes. [Found = "{oracle=[hannvzdlrasvr01], root=[hannvzdlrasvr02]}" on Nodes = "hannvzdlrasvr01,hannvzdlrasvr02"]
PRVG-2027 : Owner of file "/u01/app/19.0.0.0/grid/lib/libnid.a" is inconsistent across nodes. [Found = "{oracle=[hannvzdlrasvr01], root=[hannvzdlrasvr02]}" on Nodes = "hannvzdlrasvr01,hannvzdlrasvr02"]

2024-12-07 12:33:38.001 [CVUD(61254)]CRS-10051: CVU found following errors with Clusterware setup : PRVG-2027 : Owner of file "/u01/app/19.0.0.0/grid/lib/libosbws.so" is inconsistent across nodes. [Found = "{oracle=[hannvzdlrasvr01], root=[hannvzdlrasvr02]}" on Nodes = "hannvzdlrasvr01,hannvzdlrasvr02"]
PRVG-2027 : Owner of file "/u01/app/19.0.0.0/grid/lib/libopcodm19.so" is inconsistent across nodes. [Found = "{oracle=[hannvzdlrasvr01], root=[hannvzdlrasvr02]}" on Nodes = "hannvzdlrasvr01,hannvzdlrasvr02"]
PRVG-2027 : Owner of file "/u01/app/19.0.0.0/grid/lib/libasmperl19.a" is inconsistent across nodes. [Found = "{oracle=[hannvzdlrasvr01], root=[hannvzdlrasvr02]}" on Nodes = "hannvzdlrasvr01,hannvzdlrasvr02"]

2024-12-07 12:33:38.001 [CVUD(61254)]CRS-10051: CVU found following errors with Clusterware setup : PRVG-2027 : Owner of file "/u01/app/19.0.0.0/grid/lib/libpatchgensh19.so" is inconsistent across nodes. [Found = "{oracle=[hannvzdlrasvr01], root=[hannvzdlrasvr02]}" on Nodes = "hannvzdlrasvr01,hannvzdlrasvr02"]
PRVG-2027 : Owner of file "/u01/app/19.0.0.0/grid/lib/libskgxns.so" is inconsistent across nodes. [Found = "{oracle=[hannvzdlrasvr01], root=[hannvzdlrasvr02]}" on Nodes = "hannvzdlrasvr01,hannvzdlrasvr02"]
PRVG-2027 : Owner of file "/u01/app/19.0.0.0/grid/lib/libra.so" is inconsistent across nodes. [Found = "{oracle=[hannvzdlrasvr01], root=[hannvzdlrasvr02]}" on Nodes = "hannvzdlrasvr01,hannvzdlrasvr02"]

2024-12-07 12:33:38.001 [CVUD(61254)]CRS-10051: CVU found following errors with Clusterware setup : PRVG-2027 : Owner of file "/u01/app/19.0.0.0/grid/bin/dbv" is inconsistent across nodes. [Found = "{oracle=[hannvzdlrasvr01], root=[hannvzdlrasvr02]}" on Nodes = "hannvzdlrasvr01,hannvzdlrasvr02"]
PRVG-2027 : Owner of file "/u01/app/19.0.0.0/grid/bin/tstshm" is inconsistent across nodes. [Found = "{oracle=[hannvzdlrasvr01], root=[hannvzdlrasvr02]}" on Nodes = "hannvzdlrasvr01,hannvzdlrasvr02"]
PRVG-2027 : Owner of file "/u01/app/19.0.0.0/grid/bin/skgxpinfo" is inconsistent across nodes. [Found = "{oracle=[hannvzdlrasvr01], root=[hannvzdlrasvr02]}" on Nodes = "hannvzdlrasvr01,hannvzdlrasvr02"]

2024-12-07 12:33:38.001 [CVUD(61254)]CRS-10051: CVU found following errors with Clusterware setup : PRVG-2027 : Owner of file "/u01/app/19.0.0.0/grid/bin/oradnfs_run.sh" is inconsistent across nodes. [Found = "{oracle=[hannvzdlrasvr01], root=[hannvzdlrasvr02]}" on Nodes = "hannvzdlrasvr01,hannvzdlrasvr02"]
PRVG-2027 : Owner of file "/u01/app/19.0.0.0/grid/bin/dumpsga" is inconsistent across nodes. [Found = "{oracle=[hannvzdlrasvr01], root=[hannvzdlrasvr02]}" on Nodes = "hannvzdlrasvr01,hannvzdlrasvr02"]
PRVG-2027 : Owner of file "/u01/app/19.0.0.0/grid/bin/trcldr" is inconsistent across nodes. [Found = "{oracle=[hannvzdlrasvr01], root=[hannvzdlrasvr02]}" on Nodes = "hannvzdlrasvr01,hannvzdlrasvr02"]

2024-12-07 12:33:38.002 [CVUD(61254)]CRS-10051: CVU found following errors with Clusterware setup : PRVG-2027 : Owner of file "/u01/app/19.0.0.0/grid/bin/hsalloci" is inconsistent across nodes. [Found = "{oracle=[hannvzdlrasvr01], root=[hannvzdlrasvr02]}" on Nodes = "hannvzdlrasvr01,hannvzdlrasvr02"]
PRVG-2027 : Owner of file "/u01/app/19.0.0.0/grid/bin/dbreload" is inconsistent across nodes. [Found = "{oracle=[hannvzdlrasvr01], root=[hannvzdlrasvr02]}" on Nodes = "hannvzdlrasvr01,hannvzdlrasvr02"]
PRVG-2027 : Owner of file "/u01/app/19.0.0.0/grid/bin/bdschecksw" is inconsistent across nodes. [Found = "{oracle=[hannvzdlrasvr01], root=[hannvzdlrasvr02]}" on Nodes = "hannvzdlrasvr01,hannvzdlrasvr02"]

2024-12-07 12:33:38.002 [CVUD(61254)]CRS-10051: CVU found following errors with Clusterware setup : PRVG-2027 : Owner of file "/u01/app/19.0.0.0/grid/bin/maxmem" is inconsistent across nodes. [Found = "{oracle=[hannvzdlrasvr01], root=[hannvzdlrasvr02]}" on Nodes = "hannvzdlrasvr01,hannvzdlrasvr02"]
PRVG-2027 : Owner of file "/u01/app/19.0.0.0/grid/bin/hsots" is inconsistent across nodes. [Found = "{oracle=[hannvzdlrasvr01], root=[hannvzdlrasvr02]}" on Nodes = "hannvzdlrasvr01,hannvzdlrasvr02"]
PRVG-2027 : Owner of file "/u01/app/19.0.0.0/grid/bin/cursize" is inconsistent across nodes. [Found = "{oracle=[hannvzdlrasvr01], root=[hannvzdlrasvr02]}" on Nodes = "hannvzdlrasvr01,hannvzdlrasvr02"]

2024-12-07 12:33:38.002 [CVUD(61254)]CRS-10051: CVU found following errors with Clusterware setup : PRVG-2027 : Owner of file "/u01/app/19.0.0.0/grid/bin/orion" is inconsistent across nodes. [Found = "{oracle=[hannvzdlrasvr01], root=[hannvzdlrasvr02]}" on Nodes = "hannvzdlrasvr01,hannvzdlrasvr02"]
PRVG-2027 : Owner of file "/u01/app/19.0.0.0/grid/bin/dbupgrade" is inconsistent across nodes. [Found = "{oracle=[hannvzdlrasvr01], root=[hannvzdlrasvr02]}" on Nodes = "hannvzdlrasvr01,hannvzdlrasvr02"]
PRVG-2027 : Owner of file "/u01/app/19.0.0.0/grid/bin/setasmgid" is inconsistent across nodes. [Found = "{oracle=[hannvzdlrasvr01], root=[hannvzdlrasvr02]}" on Nodes = "hannvzdlrasvr01,hannvzdlrasvr02"]

2024-12-07 12:33:38.002 [CVUD(61254)]CRS-10051: CVU found following errors with Clusterware setup : PRVG-2027 : Owner of file "/u01/app/19.0.0.0/grid/bin/renamedg" is inconsistent across nodes. [Found = "{oracle=[hannvzdlrasvr01], root=[hannvzdlrasvr02]}" on Nodes = "hannvzdlrasvr01,hannvzdlrasvr02"]
PRVG-2027 : Owner of file "/u01/app/19.0.0.0/grid/bin/sbttest" is inconsistent across nodes. [Found = "{oracle=[hannvzdlrasvr01], root=[hannvzdlrasvr02]}" on Nodes = "hannvzdlrasvr01,hannvzdlrasvr02"]
PRVG-2027 : Owner of file "/u01/app/19.0.0.0/grid/bin/oradnfs" is inconsistent across nodes. [Found = "{oracle=[hannvzdlrasvr01], root=[hannvzdlrasvr02]}" on Nodes = "hannvzdlrasvr01,hannvzdlrasvr02"]

2024-12-07 12:33:38.002 [CVUD(61254)]CRS-10051: CVU found following errors with Clusterware setup : PRVG-2031 : Owner of file "/u01/app/19.0.0.0/grid/bin/kfod.bin" did not match the expected value on node "hannvzdlrasvr01". [Expected = "root" ; Found = "oracle"]
PRVG-2027 : Owner of file "/u01/app/19.0.0.0/grid/bin/dbfsize" is inconsistent across nodes. [Found = "{oracle=[hannvzdlrasvr01], root=[hannvzdlrasvr02]}" on Nodes = "hannvzdlrasvr01,hannvzdlrasvr02"]
PRVG-2027 : Owner of file "/u01/app/19.0.0.0/grid/bin/nid" is inconsistent across nodes. [Found = "{oracle=[hannvzdlrasvr01], root=[hannvzdlrasvr02]}" on Nodes = "hannvzdlrasvr01,hannvzdlrasvr02"]

2024-12-07 12:33:38.002 [CVUD(61254)]CRS-10051: CVU found following errors with Clusterware setup : PRVG-2027 : Owner of file "/u01/app/19.0.0.0/grid/bin/oputil" is inconsistent across nodes. [Found = "{oracle=[hannvzdlrasvr01], root=[hannvzdlrasvr02]}" on Nodes = "hannvzdlrasvr01,hannvzdlrasvr02"]
PRVG-2027 : Owner of file "/u01/app/19.0.0.0/grid/bin/fmputl" is inconsistent across nodes. [Found = "{oracle=[hannvzdlrasvr01], root=[hannvzdlrasvr02]}" on Nodes = "hannvzdlrasvr01,hannvzdlrasvr02"]
PRVG-2027 : Owner of file "/u01/app/19.0.0.0/grid/bin/amdu" is inconsistent across nodes. [Found = "{oracle=[hannvzdlrasvr01], root=[hannvzdlrasvr02]}" on Nodes = "hannvzdlrasvr01,hannvzdlrasvr02"]

2024-12-07 12:33:38.002 [CVUD(61254)]CRS-10051: CVU found following errors with Clusterware setup : PRVG-2027 : Owner of file "/u01/app/19.0.0.0/grid/bin/dgmgrl" is inconsistent across nodes. [Found = "{oracle=[hannvzdlrasvr01], root=[hannvzdlrasvr02]}" on Nodes = "hannvzdlrasvr01,hannvzdlrasvr02"]
PRVG-2027 : Owner of file "/u01/app/19.0.0.0/grid/bin/fmputlhp" is inconsistent across nodes. [Found = "{oracle=[hannvzdlrasvr01], root=[hannvzdlrasvr02]}" on Nodes = "hannvzdlrasvr01,hannvzdlrasvr02"]
PRVG-2027 : Owner of file "/u01/app/19.0.0.0/grid/bin/hsdepxa" is inconsistent across nodes. [Found = "{oracle=[hannvzdlrasvr01], root=[hannvzdlrasvr02]}" on Nodes = "hannvzdlrasvr01,hannvzdlrasvr02"]

2024-12-07 12:33:38.002 [CVUD(61254)]CRS-10051: CVU found following errors with Clusterware setup : PRVG-2027 : Owner of file "/u01/app/19.0.0.0/grid/bin/mtactl" is inconsistent across nodes. [Found = "{oracle=[hannvzdlrasvr01], root=[hannvzdlrasvr02]}" on Nodes = "hannvzdlrasvr01,hannvzdlrasvr02"]
PRVG-2027 : Owner of file "/u01/app/19.0.0.0/grid/bin/orapwd" is inconsistent across nodes. [Found = "{oracle=[hannvzdlrasvr01], root=[hannvzdlrasvr02]}" on Nodes = "hannvzdlrasvr01,hannvzdlrasvr02"]
PRVG-2027 : Owner of file "/u01/app/19.0.0.0/grid/bin/dbdowngrade" is inconsistent across nodes. [Found = "{oracle=[hannvzdlrasvr01], root=[hannvzdlrasvr02]}" on Nodes = "hannvzdlrasvr01,hannvzdlrasvr02"]

2024-12-07 12:33:38.002 [CVUD(61254)]CRS-10051: CVU found following errors with Clusterware setup : PRVG-2027 : Owner of file "/u01/app/19.0.0.0/grid/bin/wrap" is inconsistent across nodes. [Found = "{oracle=[hannvzdlrasvr01], root=[hannvzdlrasvr02]}" on Nodes = "hannvzdlrasvr01,hannvzdlrasvr02"]
PRVG-2027 : Owner of file "/u01/app/19.0.0.0/grid/bin/mapsga" is inconsistent across nodes. [Found = "{oracle=[hannvzdlrasvr01], root=[hannvzdlrasvr02]}" on Nodes = "hannvzdlrasvr01,hannvzdlrasvr02"]
PRVG-2027 : Owner of file "/u01/app/19.0.0.0/grid/bin/kfed" is inconsistent across nodes. [Found = "{oracle=[hannvzdlrasvr01], root=[hannvzdlrasvr02]}" on Nodes = "hannvzdlrasvr01,hannvzdlrasvr02"]

2024-12-07 12:33:38.002 [CVUD(61254)]CRS-10051: CVU found following errors with Clusterware setup : PRVG-2027 : Owner of file "/u01/app/19.0.0.0/grid/bin/patchgen" is inconsistent across nodes. [Found = "{oracle=[hannvzdlrasvr01], root=[hannvzdlrasvr02]}" on Nodes = "hannvzdlrasvr01,hannvzdlrasvr02"]
PRVG-2027 : Owner of file "/u01/app/19.0.0.0/grid/bin/oraping" is inconsistent across nodes. [Found = "{oracle=[hannvzdlrasvr01], root=[hannvzdlrasvr02]}" on Nodes = "hannvzdlrasvr01,hannvzdlrasvr02"]
PRVG-2027 : Owner of file "/u01/app/19.0.0.0/grid/bin/agtctl" is inconsistent across nodes. [Found = "{oracle=[hannvzdlrasvr01], root=[hannvzdlrasvr02]}" on Nodes = "hannvzdlrasvr01,hannvzdlrasvr02"]

2024-12-07 12:33:38.002 [CVUD(61254)]CRS-10051: CVU found following errors with Clusterware setup : PRVG-2027 : Owner of file "/u01/app/19.0.0.0/grid/bin/genksms" is inconsistent across nodes. [Found = "{oracle=[hannvzdlrasvr01], root=[hannvzdlrasvr02]}" on Nodes = "hannvzdlrasvr01,hannvzdlrasvr02"]
PRVG-2027 : Owner of file "/u01/app/19.0.0.0/grid/bin/mkpatch" is inconsistent across nodes. [Found = "{oracle=[hannvzdlrasvr01], root=[hannvzdlrasvr02]}" on Nodes = "hannvzdlrasvr01,hannvzdlrasvr02"]
PRVG-2027 : Owner of file "/u01/app/19.0.0.0/grid/bin/sysresv" is inconsistent across nodes. [Found = "{oracle=[hannvzdlrasvr01], root=[hannvzdlrasvr02]}" on Nodes = "hannvzdlrasvr01,hannvzdlrasvr02"]

2024-12-07 12:33:38.002 [CVUD(61254)]CRS-10051: CVU found following errors with Clusterware setup : PRVG-2027 : Owner of file "/u01/app/19.0.0.0/grid/lib/libshpkavx19.a" is inconsistent across nodes. [Found = "{oracle=[hannvzdlrasvr01], root=[hannvzdlrasvr02]}" on Nodes = "hannvzdlrasvr01,hannvzdlrasvr02"]
PRVG-2027 : Owner of file "/u01/app/19.0.0.0/grid/lib/libshpksse4219.so" is inconsistent across nodes. [Found = "{oracle=[hannvzdlrasvr01], root=[hannvzdlrasvr02]}" on Nodes = "hannvzdlrasvr01,hannvzdlrasvr02"]
PRVG-2027 : Owner of file "/u01/app/19.0.0.0/grid/lib/libshpkavx19.so" is inconsistent across nodes. [Found = "{oracle=[hannvzdlrasvr01], root=[hannvzdlrasvr02]}" on Nodes = "hannvzdlrasvr01,hannvzdlrasvr02"]

2024-12-07 12:33:38.003 [CVUD(61254)]CRS-10051: CVU found following errors with Clusterware setup : PRVG-2027 : Owner of file "/u01/app/19.0.0.0/grid/lib/librqext.so" is inconsistent across nodes. [Found = "{oracle=[hannvzdlrasvr01], root=[hannvzdlrasvr02]}" on Nodes = "hannvzdlrasvr01,hannvzdlrasvr02"]
PRVG-2027 : Owner of file "/u01/app/19.0.0.0/grid/lib/libnvm1.a" is inconsistent across nodes. [Found = "{oracle=[hannvzdlrasvr01], root=[hannvzdlrasvr02]}" on Nodes = "hannvzdlrasvr01,hannvzdlrasvr02"]
PRVG-2027 : Owner of file "/u01/app/19.0.0.0/grid/lib/libshpkavx219.a" is inconsistent across nodes. [Found = "{oracle=[hannvzdlrasvr01], root=[hannvzdlrasvr02]}" on Nodes = "hannvzdlrasvr01,hannvzdlrasvr02"]

2024-12-07 12:33:38.003 [CVUD(61254)]CRS-10051: CVU found following errors with Clusterware setup : PRVG-2027 : Owner of file "/u01/app/19.0.0.0/grid/lib/libnvm1.so" is inconsistent across nodes. [Found = "{oracle=[hannvzdlrasvr01], root=[hannvzdlrasvr02]}" on Nodes = "hannvzdlrasvr01,hannvzdlrasvr02"]
PRVG-2027 : Owner of file "/u01/app/19.0.0.0/grid/lib/libshpksse4219.a" is inconsistent across nodes. [Found = "{oracle=[hannvzdlrasvr01], root=[hannvzdlrasvr02]}" on Nodes = "hannvzdlrasvr01,hannvzdlrasvr02"]
PRVG-2027 : Owner of file "/u01/app/19.0.0.0/grid/lib/libserver19.a" is inconsistent across nodes. [Found = "{oracle=[hannvzdlrasvr01], root=[hannvzdlrasvr02]}" on Nodes = "hannvzdlrasvr01,hannvzdlrasvr02"]

2024-12-07 12:33:38.003 [CVUD(61254)]CRS-10051: CVU found following errors with Clusterware setup : PRVG-2027 : Owner of file "/u01/app/19.0.0.0/grid/lib/libqsmashr.so" is inconsistent across nodes. [Found = "{oracle=[hannvzdlrasvr01], root=[hannvzdlrasvr02]}" on Nodes = "hannvzdlrasvr01,hannvzdlrasvr02"]
PRVG-2027 : Owner of file "/u01/app/19.0.0.0/grid/lib/libskvol19.a" is inconsistent across nodes. [Found = "{oracle=[hannvzdlrasvr01], root=[hannvzdlrasvr02]}" on Nodes = "hannvzdlrasvr01,hannvzdlrasvr02"]
PRVG-2027 : Owner of file "/u01/app/19.0.0.0/grid/lib/liboramalloc19.so" is inconsistent across nodes. [Found = "{oracle=[hannvzdlrasvr01], root=[hannvzdlrasvr02]}" on Nodes = "hannvzdlrasvr01,hannvzdlrasvr02"]

2024-12-07 12:33:38.003 [CVUD(61254)]CRS-10051: CVU found following errors with Clusterware setup : PRVG-2027 : Owner of file "/u01/app/19.0.0.0/grid/lib/libkubsagt.a" is inconsistent across nodes. [Found = "{oracle=[hannvzdlrasvr01], root=[hannvzdlrasvr02]}" on Nodes = "hannvzdlrasvr01,hannvzdlrasvr02"]
PRVG-2027 : Owner of file "/u01/app/19.0.0.0/grid/lib/libshpkavx51219.a" is inconsistent across nodes. [Found = "{oracle=[hannvzdlrasvr01], root=[hannvzdlrasvr02]}" on Nodes = "hannvzdlrasvr01,hannvzdlrasvr02"]
PRVG-2027 : Owner of file "/u01/app/19.0.0.0/grid/lib/libshpkavx219.so" is inconsistent across nodes. [Found = "{oracle=[hannvzdlrasvr01], root=[hannvzdlrasvr02]}" on Nodes = "hannvzdlrasvr01,hannvzdlrasvr02"]

2024-12-07 12:33:38.003 [CVUD(61254)]CRS-10051: CVU found following errors with Clusterware setup : PRVG-2027 : Owner of file "/u01/app/19.0.0.0/grid/lib/libkubsagt.so" is inconsistent across nodes. [Found = "{oracle=[hannvzdlrasvr01], root=[hannvzdlrasvr02]}" on Nodes = "hannvzdlrasvr01,hannvzdlrasvr02"]
PRVG-2027 : Owner of file "/u01/app/19.0.0.0/grid/lib/libskvol19.so" is inconsistent across nodes. [Found = "{oracle=[hannvzdlrasvr01], root=[hannvzdlrasvr02]}" on Nodes = "hannvzdlrasvr01,hannvzdlrasvr02"]
PRVG-2027 : Owner of file "/u01/app/19.0.0.0/grid/lib/libshpkavx51219.so" is inconsistent across nodes. [Found = "{oracle=[hannvzdlrasvr01], root=[hannvzdlrasvr02]}" on Nodes = "hannvzdlrasvr01,hannvzdlrasvr02"]

2024-12-07 12:33:38.003 [CVUD(61254)]CRS-10051: CVU found following errors with Clusterware setup : PRVG-2027 : Owner of file "/u01/app/19.0.0.0/grid/lib/acfsload.pl" is inconsistent across nodes. [Found = "{oracle=[hannvzdlrasvr01], root=[hannvzdlrasvr02]}" on Nodes = "hannvzdlrasvr01,hannvzdlrasvr02"]
PRVG-2027 : Owner of file "/u01/app/19.0.0.0/grid/lib/acfsdriverstate.pl" is inconsistent across nodes. [Found = "{oracle=[hannvzdlrasvr01], root=[hannvzdlrasvr02]}" on Nodes = "hannvzdlrasvr01,hannvzdlrasvr02"]
PRVG-2027 : Owner of file "/u01/app/19.0.0.0/grid/lib/acfssinglefsmount.pl" is inconsistent across nodes. [Found = "{oracle=[hannvzdlrasvr01], root=[hannvzdlrasvr02]}" on Nodes = "hannvzdlrasvr01,hannvzdlrasvr02"]

2024-12-07 12:33:38.003 [CVUD(61254)]CRS-10051: CVU found following errors with Clusterware setup : PRVG-2027 : Owner of file "/u01/app/19.0.0.0/grid/lib/acfsregistrymount.pl" is inconsistent across nodes. [Found = "{oracle=[hannvzdlrasvr01], root=[hannvzdlrasvr02]}" on Nodes = "hannvzdlrasvr01,hannvzdlrasvr02"]
PRVG-2027 : Owner of file "/u01/app/19.0.0.0/grid/bin/acfsload" is inconsistent across nodes. [Found = "{oracle=[hannvzdlrasvr01], root=[hannvzdlrasvr02]}" on Nodes = "hannvzdlrasvr01,hannvzdlrasvr02"]
PRVG-2027 : Owner of file "/u01/app/19.0.0.0/grid/bin/acfsrepl_dupd" is inconsistent across nodes. [Found = "{oracle=[hannvzdlrasvr01], root=[hannvzdlrasvr02]}" on Nodes = "hannvzdlrasvr01,hannvzdlrasvr02"]

2024-12-07 12:33:38.003 [CVUD(61254)]CRS-10051: CVU found following errors with Clusterware setup : PRVG-2027 : Owner of file "/u01/app/19.0.0.0/grid/bin/acfssinglefsmount" is inconsistent across nodes. [Found = "{oracle=[hannvzdlrasvr01], root=[hannvzdlrasvr02]}" on Nodes = "hannvzdlrasvr01,hannvzdlrasvr02"]
PRVG-2027 : Owner of file "/u01/app/19.0.0.0/grid/bin/acfsregistrymount" is inconsistent across nodes. [Found = "{oracle=[hannvzdlrasvr01], root=[hannvzdlrasvr02]}" on Nodes = "hannvzdlrasvr01,hannvzdlrasvr02"]
PRVG-2027 : Owner of file "/u01/app/19.0.0.0/grid/bin/acfsdriverstate" is inconsistent across nodes. [Found = "{oracle=[hannvzdlrasvr01], root=[hannvzdlrasvr02]}" on Nodes = "hannvzdlrasvr01,hannvzdlrasvr02"]

2024-12-07 12:33:38.003 [CVUD(61254)]CRS-10051: CVU found following errors with Clusterware setup : PRVG-2027 : Owner of file "/u01/app/19.0.0.0/grid/bin/acfsrepl_dupd.bin" is inconsistent across nodes. [Found = "{oracle=[hannvzdlrasvr01], root=[hannvzdlrasvr02]}" on Nodes = "hannvzdlrasvr01,hannvzdlrasvr02"]
PRVG-2027 : Owner of file "/u01/app/19.0.0.0/grid/bin/okaload" is inconsistent across nodes. [Found = "{oracle=[hannvzdlrasvr01], root=[hannvzdlrasvr02]}" on Nodes = "hannvzdlrasvr01,hannvzdlrasvr02"]
PRVG-2027 : Owner of file "/u01/app/19.0.0.0/grid/bin/acfsrepl_initializer" is inconsistent across nodes. [Found = "{oracle=[hannvzdlrasvr01], root=[hannvzdlrasvr02]}" on Nodes = "hannvzdlrasvr01,hannvzdlrasvr02"]

2024-12-07 12:33:38.003 [CVUD(61254)]CRS-10051: CVU found following errors with Clusterware setup : PRVG-2027 : Owner of file "/u01/app/19.0.0.0/grid/bin/acfsrepl_preapply" is inconsistent across nodes. [Found = "{oracle=[hannvzdlrasvr01], root=[hannvzdlrasvr02]}" on Nodes = "hannvzdlrasvr01,hannvzdlrasvr02"]
PRVG-2027 : Owner of file "/u01/app/19.0.0.0/grid/bin/acfsrepl_apply" is inconsistent across nodes. [Found = "{oracle=[hannvzdlrasvr01], root=[hannvzdlrasvr02]}" on Nodes = "hannvzdlrasvr01,hannvzdlrasvr02"]
PRVG-2027 : Owner of file "/u01/app/19.0.0.0/grid/bin/okacmd.bin" is inconsistent across nodes. [Found = "{oracle=[hannvzdlrasvr01], root=[hannvzdlrasvr02]}" on Nodes = "hannvzdlrasvr01,hannvzdlrasvr02"]

2024-12-07 12:33:38.003 [CVUD(61254)]CRS-10051: CVU found following errors with Clusterware setup : PRVG-2027 : Owner of file "/u01/app/19.0.0.0/grid/bin/acfscm" is inconsistent across nodes. [Found = "{oracle=[hannvzdlrasvr01], root=[hannvzdlrasvr02]}" on Nodes = "hannvzdlrasvr01,hannvzdlrasvr02"]
PRVG-2027 : Owner of file "/u01/app/19.0.0.0/grid/bin/acfshanfs" is inconsistent across nodes. [Found = "{oracle=[hannvzdlrasvr01], root=[hannvzdlrasvr02]}" on Nodes = "hannvzdlrasvr01,hannvzdlrasvr02"]
PRVG-2027 : Owner of file "/u01/app/19.0.0.0/grid/bin/okacmd" is inconsistent across nodes. [Found = "{oracle=[hannvzdlrasvr01], root=[hannvzdlrasvr02]}" on Nodes = "hannvzdlrasvr01,hannvzdlrasvr02"]

2024-12-07 12:33:38.003 [CVUD(61254)]CRS-10051: CVU found following errors with Clusterware setup : PRVG-2027 : Owner of file "/u01/app/19.0.0.0/grid/bin/acfsrepl_transport" is inconsistent across nodes. [Found = "{oracle=[hannvzdlrasvr01], root=[hannvzdlrasvr02]}" on Nodes = "hannvzdlrasvr01,hannvzdlrasvr02"]
PRVG-2027 : Owner of file "/u01/app/19.0.0.0/grid/bin/acfsreplcrs" is inconsistent across nodes. [Found = "{oracle=[hannvzdlrasvr01], root=[hannvzdlrasvr02]}" on Nodes = "hannvzdlrasvr01,hannvzdlrasvr02"]
PRVG-2027 : Owner of file "/u01/app/19.0.0.0/grid/bin/acfsrepl_apply.bin" is inconsistent across nodes. [Found = "{oracle=[hannvzdlrasvr01], root=[hannvzdlrasvr02]}" on Nodes = "hannvzdlrasvr01,hannvzdlrasvr02"]

2024-12-07 12:33:38.004 [CVUD(61254)]CRS-10051: CVU found following errors with Clusterware setup : PRVG-2027 : Owner of file "/u01/app/19.0.0.0/grid/bin/acfsrd" is inconsistent across nodes. [Found = "{oracle=[hannvzdlrasvr01], root=[hannvzdlrasvr02]}" on Nodes = "hannvzdlrasvr01,hannvzdlrasvr02"]
PRVG-2027 : Owner of file "/u01/app/19.0.0.0/grid/bin/afdload" is inconsistent across nodes. [Found = "{oracle=[hannvzdlrasvr01], root=[hannvzdlrasvr02]}" on Nodes = "hannvzdlrasvr01,hannvzdlrasvr02"]
PRVG-2027 : Owner of file "/u01/app/19.0.0.0/grid/bin/acfsrepl_monitor" is inconsistent across nodes. [Found = "{oracle=[hannvzdlrasvr01], root=[hannvzdlrasvr02]}" on Nodes = "hannvzdlrasvr01,hannvzdlrasvr02"]

2024-12-07 12:33:38.004 [CVUD(61254)]CRS-10051: CVU found following errors with Clusterware setup : PRVG-2027 : Owner of file "/u01/app/19.0.0.0/grid/bin/okadriverstate" is inconsistent across nodes. [Found = "{oracle=[hannvzdlrasvr01], root=[hannvzdlrasvr02]}" on Nodes = "hannvzdlrasvr01,hannvzdlrasvr02"]
PRVG-2027 : Owner of file "/u01/app/19.0.0.0/grid/bin/acfsiob" is inconsistent across nodes. [Found = "{oracle=[hannvzdlrasvr01], root=[hannvzdlrasvr02]}" on Nodes = "hannvzdlrasvr01,hannvzdlrasvr02"]
PRVG-2027 : Owner of file "/u01/app/19.0.0.0/grid/bin/acfsrm" is inconsistent across nodes. [Found = "{oracle=[hannvzdlrasvr01], root=[hannvzdlrasvr02]}" on Nodes = "hannvzdlrasvr01,hannvzdlrasvr02"]

2024-12-07 12:33:38.004 [CVUD(61254)]CRS-10051: CVU found following errors with Clusterware setup : PRVG-2027 : Owner of file "/u01/app/19.0.0.0/grid/lib/osds_afdload.pm" is inconsistent across nodes. [Found = "{oracle=[hannvzdlrasvr01], root=[hannvzdlrasvr02]}" on Nodes = "hannvzdlrasvr01,hannvzdlrasvr02"]
PRVG-2027 : Owner of file "/u01/app/19.0.0.0/grid/lib/65-usm-acfsr-member.rules" is inconsistent across nodes. [Found = "{oracle=[hannvzdlrasvr01], root=[hannvzdlrasvr02]}" on Nodes = "hannvzdlrasvr01,hannvzdlrasvr02"]
PRVG-2027 : Owner of file "/u01/app/19.0.0.0/grid/lib/okaload.pl" is inconsistent across nodes. [Found = "{oracle=[hannvzdlrasvr01], root=[hannvzdlrasvr02]}" on Nodes = "hannvzdlrasvr01,hannvzdlrasvr02"]

2024-12-07 12:33:38.004 [CVUD(61254)]CRS-10051: CVU found following errors with Clusterware setup : PRVG-2027 : Owner of file "/u01/app/19.0.0.0/grid/lib/acfsr_member" is inconsistent across nodes. [Found = "{oracle=[hannvzdlrasvr01], root=[hannvzdlrasvr02]}" on Nodes = "hannvzdlrasvr01,hannvzdlrasvr02"]
PRVG-2027 : Owner of file "/u01/app/19.0.0.0/grid/lib/acfshanfs.pl" is inconsistent across nodes. [Found = "{oracle=[hannvzdlrasvr01], root=[hannvzdlrasvr02]}" on Nodes = "hannvzdlrasvr01,hannvzdlrasvr02"]
PRVG-2027 : Owner of file "/u01/app/19.0.0.0/grid/lib/afdload.pl" is inconsistent across nodes. [Found = "{oracle=[hannvzdlrasvr01], root=[hannvzdlrasvr02]}" on Nodes = "hannvzdlrasvr01,hannvzdlrasvr02"]

2024-12-07 12:33:38.004 [CVUD(61254)]CRS-10051: CVU found following errors with Clusterware setup : PRVG-2027 : Owner of file "/u01/app/19.0.0.0/grid/lib/okadriverstate.pl" is inconsistent across nodes. [Found = "{oracle=[hannvzdlrasvr01], root=[hannvzdlrasvr02]}" on Nodes = "hannvzdlrasvr01,hannvzdlrasvr02"]
PRVG-2027 : Owner of file "/u01/app/19.0.0.0/grid/lib/osds_acfssinglefsmount.pm" is inconsistent across nodes. [Found = "{oracle=[hannvzdlrasvr01], root=[hannvzdlrasvr02]}" on Nodes = "hannvzdlrasvr01,hannvzdlrasvr02"]
PRVG-2027 : Owner of file "/u01/app/19.0.0.0/grid/lib/osds_okaload.pm" is inconsistent across nodes. [Found = "{oracle=[hannvzdlrasvr01], root=[hannvzdlrasvr02]}" on Nodes = "hannvzdlrasvr01,hannvzdlrasvr02"]

2024-12-07 12:33:38.004 [CVUD(61254)]CRS-10051: CVU found following errors with Clusterware setup : PRVG-2027 : Owner of file "/u01/app/19.0.0.0/grid/lib/osds_acfsdriverstate.pm" is inconsistent across nodes. [Found = "{oracle=[hannvzdlrasvr01], root=[hannvzdlrasvr02]}" on Nodes = "hannvzdlrasvr01,hannvzdlrasvr02"]
PRVG-2027 : Owner of file "/u01/app/19.0.0.0/grid/lib/osds_acfsload.pm" is inconsistent across nodes. [Found = "{oracle=[hannvzdlrasvr01], root=[hannvzdlrasvr02]}" on Nodes = "hannvzdlrasvr01,hannvzdlrasvr02"]
PRVG-2027 : Owner of file "/u01/app/19.0.0.0/grid/lib/acfsreplcrs.pl" is inconsistent across nodes. [Found = "{oracle=[hannvzdlrasvr01], root=[hannvzdlrasvr02]}" on Nodes = "hannvzdlrasvr01,hannvzdlrasvr02"]

2024-12-07 12:33:38.004 [CVUD(61254)]CRS-10051: CVU found following errors with Clusterware setup : PRVG-2027 : Owner of file "/u01/app/19.0.0.0/grid/lib/osds_acfsregistrymount.pm" is inconsistent across nodes. [Found = "{oracle=[hannvzdlrasvr01], root=[hannvzdlrasvr02]}" on Nodes = "hannvzdlrasvr01,hannvzdlrasvr02"]
PRVG-2027 : Owner of file "/u01/app/19.0.0.0/grid/lib/osds_okadriverstate.pm" is inconsistent across nodes. [Found = "{oracle=[hannvzdlrasvr01], root=[hannvzdlrasvr02]}" on Nodes = "hannvzdlrasvr01,hannvzdlrasvr02"]
PRVG-2027 : Owner of file "/u01/app/19.0.0.0/grid/lib/acfslib.pm" is inconsistent across nodes. [Found = "{oracle=[hannvzdlrasvr01], root=[hannvzdlrasvr02]}" on Nodes = "hannvzdlrasvr01,hannvzdlrasvr02"]

2024-12-07 12:33:38.004 [CVUD(61254)]CRS-10051: CVU found following errors with Clusterware setup : PRVG-2027 : Owner of file "/u01/app/19.0.0.0/grid/lib/usmvsn.pm" is inconsistent across nodes. [Found = "{oracle=[hannvzdlrasvr01], root=[hannvzdlrasvr02]}" on Nodes = "hannvzdlrasvr01,hannvzdlrasvr02"]
PRVG-2027 : Owner of file "/u01/app/19.0.0.0/grid/lib/acfsroot.pl" is inconsistent across nodes. [Found = "{oracle=[hannvzdlrasvr01], root=[hannvzdlrasvr02]}" on Nodes = "hannvzdlrasvr01,hannvzdlrasvr02"]
PRVG-2027 : Owner of file "/u01/app/19.0.0.0/grid/lib/libacfs19.a" is inconsistent across nodes. [Found = "{oracle=[hannvzdlrasvr01], root=[hannvzdlrasvr02]}" on Nodes = "hannvzdlrasvr01,hannvzdlrasvr02"]

2024-12-07 12:33:38.004 [CVUD(61254)]CRS-10051: CVU found following errors with Clusterware setup : PRVG-2027 : Owner of file "/u01/app/19.0.0.0/grid/lib/libacfs19.so" is inconsistent across nodes. [Found = "{oracle=[hannvzdlrasvr01], root=[hannvzdlrasvr02]}" on Nodes = "hannvzdlrasvr01,hannvzdlrasvr02"]
PRVG-2027 : Owner of file "/u01/app/19.0.0.0/grid/lib/acfstoolsdriver.sh" is inconsistent across nodes. [Found = "{oracle=[hannvzdlrasvr01], root=[hannvzdlrasvr02]}" on Nodes = "hannvzdlrasvr01,hannvzdlrasvr02"]
PRVG-2027 : Owner of file "/u01/app/19.0.0.0/grid/bin/acfsroot" is inconsistent across nodes. [Found = "{oracle=[hannvzdlrasvr01], root=[hannvzdlrasvr02]}" on Nodes = "hannvzdlrasvr01,hannvzdlrasvr02"]

2024-12-07 12:33:38.004 [CVUD(61254)]CRS-10051: CVU found following errors with Clusterware setup : PRVG-2027 : Owner of file "/u01/app/19.0.0.0/grid/lib/osds_afdlib.pm" is inconsistent across nodes. [Found = "{oracle=[hannvzdlrasvr01], root=[hannvzdlrasvr02]}" on Nodes = "hannvzdlrasvr01,hannvzdlrasvr02"]
PRVG-2027 : Owner of file "/u01/app/19.0.0.0/grid/lib/afdroot.pl" is inconsistent across nodes. [Found = "{oracle=[hannvzdlrasvr01], root=[hannvzdlrasvr02]}" on Nodes = "hannvzdlrasvr01,hannvzdlrasvr02"]
PRVG-2027 : Owner of file "/u01/app/19.0.0.0/grid/lib/osds_acfsrVerifyConfig.pm" is inconsistent across nodes. [Found = "{oracle=[hannvzdlrasvr01], root=[hannvzdlrasvr02]}" on Nodes = "hannvzdlrasvr01,hannvzdlrasvr02"]

2024-12-07 12:33:38.004 [CVUD(61254)]CRS-10051: CVU found following errors with Clusterware setup : PRVG-2027 : Owner of file "/u01/app/19.0.0.0/grid/lib/osds_afdroot.pm" is inconsistent across nodes. [Found = "{oracle=[hannvzdlrasvr01], root=[hannvzdlrasvr02]}" on Nodes = "hannvzdlrasvr01,hannvzdlrasvr02"]
PRVG-2027 : Owner of file "/u01/app/19.0.0.0/grid/lib/osds_acfsroot.pm" is inconsistent across nodes. [Found = "{oracle=[hannvzdlrasvr01], root=[hannvzdlrasvr02]}" on Nodes = "hannvzdlrasvr01,hannvzdlrasvr02"]
PRVG-2027 : Owner of file "/u01/app/19.0.0.0/grid/lib/olfstoolsdriver.sh" is inconsistent across nodes. [Found = "{oracle=[hannvzdlrasvr01], root=[hannvzdlrasvr02]}" on Nodes = "hannvzdlrasvr01,hannvzdlrasvr02"]

2024-12-07 12:33:38.004 [CVUD(61254)]CRS-10051: CVU found following errors with Clusterware setup : PRVG-2027 : Owner of file "/u01/app/19.0.0.0/grid/lib/afddriverstate.pl" is inconsistent across nodes. [Found = "{oracle=[hannvzdlrasvr01], root=[hannvzdlrasvr02]}" on Nodes = "hannvzdlrasvr01,hannvzdlrasvr02"]
PRVG-2027 : Owner of file "/u01/app/19.0.0.0/grid/lib/acfsremote.pl" is inconsistent across nodes. [Found = "{oracle=[hannvzdlrasvr01], root=[hannvzdlrasvr02]}" on Nodes = "hannvzdlrasvr01,hannvzdlrasvr02"]
PRVG-2027 : Owner of file "/u01/app/19.0.0.0/grid/lib/libafd19.so" is inconsistent across nodes. [Found = "{oracle=[hannvzdlrasvr01], root=[hannvzdlrasvr02]}" on Nodes = "hannvzdlrasvr01,hannvzdlrasvr02"]

2024-12-07 12:33:38.005 [CVUD(61254)]CRS-10051: CVU found following errors with Clusterware setup : PRVG-2027 : Owner of file "/u01/app/19.0.0.0/grid/lib/olfscmd.pl" is inconsistent across nodes. [Found = "{oracle=[hannvzdlrasvr01], root=[hannvzdlrasvr02]}" on Nodes = "hannvzdlrasvr01,hannvzdlrasvr02"]
PRVG-2027 : Owner of file "/u01/app/19.0.0.0/grid/lib/osds_okalib.pm" is inconsistent across nodes. [Found = "{oracle=[hannvzdlrasvr01], root=[hannvzdlrasvr02]}" on Nodes = "hannvzdlrasvr01,hannvzdlrasvr02"]
PRVG-2027 : Owner of file "/u01/app/19.0.0.0/grid/lib/afdtoolsdriver.sh" is inconsistent across nodes. [Found = "{oracle=[hannvzdlrasvr01], root=[hannvzdlrasvr02]}" on Nodes = "hannvzdlrasvr01,hannvzdlrasvr02"]

2024-12-07 12:33:38.005 [CVUD(61254)]CRS-10051: CVU found following errors with Clusterware setup : PRVG-2027 : Owner of file "/u01/app/19.0.0.0/grid/lib/osds_acfsremote.pm" is inconsistent across nodes. [Found = "{oracle=[hannvzdlrasvr01], root=[hannvzdlrasvr02]}" on Nodes = "hannvzdlrasvr01,hannvzdlrasvr02"]
PRVG-2027 : Owner of file "/u01/app/19.0.0.0/grid/lib/osds_acfslib.pm" is inconsistent across nodes. [Found = "{oracle=[hannvzdlrasvr01], root=[hannvzdlrasvr02]}" on Nodes = "hannvzdlrasvr01,hannvzdlrasvr02"]
PRVG-2027 : Owner of file "/u01/app/19.0.0.0/grid/lib/olfsroot.pl" is inconsistent across nodes. [Found = "{oracle=[hannvzdlrasvr01], root=[hannvzdlrasvr02]}" on Nodes = "hannvzdlrasvr01,hannvzdlrasvr02"]

2024-12-07 12:33:38.005 [CVUD(61254)]CRS-10051: CVU found following errors with Clusterware setup : PRVG-2027 : Owner of file "/u01/app/19.0.0.0/grid/lib/osds_okaroot.pm" is inconsistent across nodes. [Found = "{oracle=[hannvzdlrasvr01], root=[hannvzdlrasvr02]}" on Nodes = "hannvzdlrasvr01,hannvzdlrasvr02"]
PRVG-2027 : Owner of file "/u01/app/19.0.0.0/grid/lib/okaroot.pl" is inconsistent across nodes. [Found = "{oracle=[hannvzdlrasvr01], root=[hannvzdlrasvr02]}" on Nodes = "hannvzdlrasvr01,hannvzdlrasvr02"]
PRVG-2027 : Owner of file "/u01/app/19.0.0.0/grid/lib/osds_unix_linux_afdlib.pm" is inconsistent across nodes. [Found = "{oracle=[hannvzdlrasvr01], root=[hannvzdlrasvr02]}" on Nodes = "hannvzdlrasvr01,hannvzdlrasvr02"]

2024-12-07 12:33:38.005 [CVUD(61254)]CRS-10051: CVU found following errors with Clusterware setup : PRVG-2027 : Owner of file "/u01/app/19.0.0.0/grid/lib/okalib.pm" is inconsistent across nodes. [Found = "{oracle=[hannvzdlrasvr01], root=[hannvzdlrasvr02]}" on Nodes = "hannvzdlrasvr01,hannvzdlrasvr02"]
PRVG-2027 : Owner of file "/u01/app/19.0.0.0/grid/lib/afdlib.pm" is inconsistent across nodes. [Found = "{oracle=[hannvzdlrasvr01], root=[hannvzdlrasvr02]}" on Nodes = "hannvzdlrasvr01,hannvzdlrasvr02"]
PRVG-2027 : Owner of file "/u01/app/19.0.0.0/grid/lib/osds_unix_linux_okalib.pm" is inconsistent across nodes. [Found = "{oracle=[hannvzdlrasvr01], root=[hannvzdlrasvr02]}" on Nodes = "hannvzdlrasvr01,hannvzdlrasvr02"]

2024-12-07 12:33:38.005 [CVUD(61254)]CRS-10051: CVU found following errors with Clusterware setup : PRVG-2027 : Owner of file "/u01/app/19.0.0.0/grid/lib/okatoolsdriver.sh" is inconsistent across nodes. [Found = "{oracle=[hannvzdlrasvr01], root=[hannvzdlrasvr02]}" on Nodes = "hannvzdlrasvr01,hannvzdlrasvr02"]
PRVG-2027 : Owner of file "/u01/app/19.0.0.0/grid/lib/osds_unix_linux_acfslib.pm" is inconsistent across nodes. [Found = "{oracle=[hannvzdlrasvr01], root=[hannvzdlrasvr02]}" on Nodes = "hannvzdlrasvr01,hannvzdlrasvr02"]
PRVG-2027 : Owner of file "/u01/app/19.0.0.0/grid/lib/libafd19.a" is inconsistent across nodes. [Found = "{oracle=[hannvzdlrasvr01], root=[hannvzdlrasvr02]}" on Nodes = "hannvzdlrasvr01,hannvzdlrasvr02"]

2024-12-07 12:33:38.005 [CVUD(61254)]CRS-10051: CVU found following errors with Clusterware setup : PRVG-2027 : Owner of file "/u01/app/19.0.0.0/grid/lib/osds_afddriverstate.pm" is inconsistent across nodes. [Found = "{oracle=[hannvzdlrasvr01], root=[hannvzdlrasvr02]}" on Nodes = "hannvzdlrasvr01,hannvzdlrasvr02"]
PRVG-2027 : Owner of file "/u01/app/19.0.0.0/grid/bin/afddriverstate" is inconsistent across nodes. [Found = "{oracle=[hannvzdlrasvr01], root=[hannvzdlrasvr02]}" on Nodes = "hannvzdlrasvr01,hannvzdlrasvr02"]
PRVG-2027 : Owner of file "/u01/app/19.0.0.0/grid/bin/afdroot" is inconsistent across nodes. [Found = "{oracle=[hannvzdlrasvr01], root=[hannvzdlrasvr02]}" on Nodes = "hannvzdlrasvr01,hannvzdlrasvr02"]

2024-12-07 12:33:38.005 [CVUD(61254)]CRS-10051: CVU found following errors with Clusterware setup : PRVG-2027 : Owner of file "/u01/app/19.0.0.0/grid/bin/olfsroot" is inconsistent across nodes. [Found = "{oracle=[hannvzdlrasvr01], root=[hannvzdlrasvr02]}" on Nodes = "hannvzdlrasvr01,hannvzdlrasvr02"]
PRVG-2027 : Owner of file "/u01/app/19.0.0.0/grid/bin/acfsremote" is inconsistent across nodes. [Found = "{oracle=[hannvzdlrasvr01], root=[hannvzdlrasvr02]}" on Nodes = "hannvzdlrasvr01,hannvzdlrasvr02"]
PRVG-2027 : Owner of file "/u01/app/19.0.0.0/grid/bin/afdtool.bin" is inconsistent across nodes. [Found = "{oracle=[hannvzdlrasvr01], root=[hannvzdlrasvr02]}" on Nodes = "hannvzdlrasvr01,hannvzdlrasvr02"]

2024-12-07 12:33:38.005 [CVUD(61254)]CRS-10051: CVU found following errors with Clusterware setup : PRVG-2027 : Owner of file "/u01/app/19.0.0.0/grid/bin/olfscmd" is inconsistent across nodes. [Found = "{oracle=[hannvzdlrasvr01], root=[hannvzdlrasvr02]}" on Nodes = "hannvzdlrasvr01,hannvzdlrasvr02"]
PRVG-2027 : Owner of file "/u01/app/19.0.0.0/grid/bin/afdboot" is inconsistent across nodes. [Found = "{oracle=[hannvzdlrasvr01], root=[hannvzdlrasvr02]}" on Nodes = "hannvzdlrasvr01,hannvzdlrasvr02"]
PRVG-2027 : Owner of file "/u01/app/19.0.0.0/grid/bin/okaroot" is inconsistent across nodes. [Found = "{oracle=[hannvzdlrasvr01], root=[hannvzdlrasvr02]}" on Nodes = "hannvzdlrasvr01,hannvzdlrasvr02"]

2024-12-07 12:33:38.005 [CVUD(61254)]CRS-10051: CVU found following errors with Clusterware setup : PRVG-2027 : Owner of file "/u01/app/19.0.0.0/grid/bin/olfsctl" is inconsistent across nodes. [Found = "{oracle=[hannvzdlrasvr01], root=[hannvzdlrasvr02]}" on Nodes = "hannvzdlrasvr01,hannvzdlrasvr02"]
PRVG-2027 : Owner of file "/u01/app/19.0.0.0/grid/bin/afdtool" is inconsistent across nodes. [Found = "{oracle=[hannvzdlrasvr01], root=[hannvzdlrasvr02]}" on Nodes = "hannvzdlrasvr01,hannvzdlrasvr02"]
PRVG-2027 : Owner of file "/u01/app/19.0.0.0/grid/bin/okcreate" is inconsistent across nodes. [Found = "{oracle=[hannvzdlrasvr01], root=[hannvzdlrasvr02]}" on Nodes = "hannvzdlrasvr01,hannvzdlrasvr02"]

2024-12-07 12:33:38.005 [CVUD(61254)]CRS-10051: CVU found following errors with Clusterware setup : PRVG-2027 : Owner of file "/u01/app/19.0.0.0/grid/bin/okdstry" is inconsistent across nodes. [Found = "{oracle=[hannvzdlrasvr01], root=[hannvzdlrasvr02]}" on Nodes = "hannvzdlrasvr01,hannvzdlrasvr02"]
PRVG-2027 : Owner of file "/u01/app/19.0.0.0/grid/bin/okinit" is inconsistent across nodes. [Found = "{oracle=[hannvzdlrasvr01], root=[hannvzdlrasvr02]}" on Nodes = "hannvzdlrasvr01,hannvzdlrasvr02"]
PRVG-2027 : Owner of file "/u01/app/19.0.0.0/grid/bin/oklist" is inconsistent across nodes. [Found = "{oracle=[hannvzdlrasvr01], root=[hannvzdlrasvr02]}" on Nodes = "hannvzdlrasvr01,hannvzdlrasvr02"]

2024-12-07 12:33:38.005 [CVUD(61254)]CRS-10051: CVU found following errors with Clusterware setup : PRVG-2031 : Owner of file "/u01/app/19.0.0.0/grid/bin/usrvip" did not match the expected value on node "hannvzdlrasvr01". [Expected = "root" ; Found = "oracle"]
PRVG-2031 : Owner of file "/u01/app/19.0.0.0/grid/bin/appvipcfg" did not match the expected value on node "hannvzdlrasvr01". [Expected = "root" ; Found = "oracle"]
PRVG-2031 : Owner of file "/u01/app/19.0.0.0/grid/bin/rdtool" did not match the expected value on node "hannvzdlrasvr01". [Expected = "root" ; Found = "oracle"]
PRVG-2031 : Owner of file "/u01/app/19.0.0.0/grid/bin/oclumon.pl" did not match the expected value on node "hannvzdlrasvr01". [Expected = "root" ; Found = "oracle"]

2024-12-07 12:33:38.005 [CVUD(61254)]CRS-10051: CVU found following errors with Clusterware setup : PRVG-2031 : Owner of file "/u01/app/19.0.0.0/grid/bin/ologdbg.pl" did not match the expected value on node "hannvzdlrasvr01". [Expected = "root" ; Found = "oracle"]
PRVG-2031 : Owner of file "/u01/app/19.0.0.0/grid/bin/mgmtca" did not match the expected value on node "hannvzdlrasvr01". [Expected = "root" ; Found = "oracle"]
PRVG-2031 : Owner of file "/u01/app/19.0.0.0/grid/bin/mgmtua" did not match the expected value on node "hannvzdlrasvr01". [Expected = "root" ; Found = "oracle"]
PRVG-2031 : Owner of file "/u01/app/19.0.0.0/grid/bin/crswrapexece.pl" did not match the expected value on node "hannvzdlrasvr01". [Expected = "root" ; Found = "oracle"]

2024-12-07 12:33:38.006 [CVUD(61254)]CRS-10051: CVU found following errors with Clusterware setup : PRVG-2031 : Owner of file "/u01/app/19.0.0.0/grid/bin/cluutil" did not match the expected value on node "hannvzdlrasvr01". [Expected = "root" ; Found = "oracle"]
PRVG-2031 : Owner of file "/u01/app/19.0.0.0/grid/bin/ocrcheck" did not match the expected value on node "hannvzdlrasvr01". [Expected = "root" ; Found = "oracle"]
PRVG-2031 : Owner of file "/u01/app/19.0.0.0/grid/bin/ocrconfig" did not match the expected value on node "hannvzdlrasvr01". [Expected = "root" ; Found = "oracle"]
PRVG-2031 : Owner of file "/u01/app/19.0.0.0/grid/bin/ocrdump" did not match the expected value on node "hannvzdlrasvr01". [Expected = "root" ; Found = "oracle"]

2024-12-07 12:33:38.006 [CVUD(61254)]CRS-10051: CVU found following errors with Clusterware setup : PRVG-2031 : Owner of file "/u01/app/19.0.0.0/grid/bin/ocrpatch" did not match the expected value on node "hannvzdlrasvr01". [Expected = "root" ; Found = "oracle"]
PRVG-2031 : Owner of file "/u01/app/19.0.0.0/grid/bin/gipcd" did not match the expected value on node "hannvzdlrasvr01". [Expected = "root" ; Found = "oracle"]
PRVG-2031 : Owner of file "/u01/app/19.0.0.0/grid/bin/mdnsd" did not match the expected value on node "hannvzdlrasvr01". [Expected = "root" ; Found = "oracle"]
PRVG-2031 : Owner of file "/u01/app/19.0.0.0/grid/bin/oranetmonitor" did not match the expected value on node "hannvzdlrasvr01". [Expected = "root" ; Found = "oracle"]

2024-12-07 12:33:38.006 [CVUD(61254)]CRS-10051: CVU found following errors with Clusterware setup : PRVG-2031 : Owner of file "/u01/app/19.0.0.0/grid/bin/gpnpd" did not match the expected value on node "hannvzdlrasvr01". [Expected = "root" ; Found = "oracle"]
PRVG-2031 : Owner of file "/u01/app/19.0.0.0/grid/bin/gpnptool" did not match the expected value on node "hannvzdlrasvr01". [Expected = "root" ; Found = "oracle"]
PRVG-2031 : Owner of file "/u01/app/19.0.0.0/grid/bin/appagent" did not match the expected value on node "hannvzdlrasvr01". [Expected = "root" ; Found = "oracle"]
PRVG-2031 : Owner of file "/u01/app/19.0.0.0/grid/bin/clssproxy" did not match the expected value on node "hannvzdlrasvr01". [Expected = "root" ; Found = "oracle"]

2024-12-07 12:33:38.006 [CVUD(61254)]CRS-10051: CVU found following errors with Clusterware setup : PRVG-2031 : Owner of file "/u01/app/19.0.0.0/grid/bin/cssvfupgd" did not match the expected value on node "hannvzdlrasvr01". [Expected = "root" ; Found = "oracle"]
PRVG-2031 : Owner of file "/u01/app/19.0.0.0/grid/bin/cemutls" did not match the expected value on node "hannvzdlrasvr01". [Expected = "root" ; Found = "oracle"]
PRVG-2031 : Owner of file "/u01/app/19.0.0.0/grid/bin/cemutlo" did not match the expected value on node "hannvzdlrasvr01". [Expected = "root" ; Found = "oracle"]
PRVG-2031 : Owner of file "/u01/app/19.0.0.0/grid/bin/octssd" did not match the expected value on node "hannvzdlrasvr01". [Expected = "root" ; Found = "oracle"]

2024-12-07 12:33:38.006 [CVUD(61254)]CRS-10051: CVU found following errors with Clusterware setup : PRVG-2031 : Owner of file "/u01/app/19.0.0.0/grid/bin/ohasd" did not match the expected value on node "hannvzdlrasvr01". [Expected = "root" ; Found = "oracle"]
PRVG-2031 : Owner of file "/u01/app/19.0.0.0/grid/bin/crsd" did not match the expected value on node "hannvzdlrasvr01". [Expected = "root" ; Found = "oracle"]
PRVG-2031 : Owner of file "/u01/app/19.0.0.0/grid/bin/evmd" did not match the expected value on node "hannvzdlrasvr01". [Expected = "root" ; Found = "oracle"]
PRVG-2031 : Owner of file "/u01/app/19.0.0.0/grid/bin/evminfo" did not match the expected value on node "hannvzdlrasvr01". [Expected = "root" ; Found = "oracle"]

2024-12-07 12:33:38.006 [CVUD(61254)]CRS-10051: CVU found following errors with Clusterware setup : PRVG-2031 : Owner of file "/u01/app/19.0.0.0/grid/bin/evmlogger" did not match the expected value on node "hannvzdlrasvr01". [Expected = "root" ; Found = "oracle"]
PRVG-2031 : Owner of file "/u01/app/19.0.0.0/grid/bin/evmmkbin" did not match the expected value on node "hannvzdlrasvr01". [Expected = "root" ; Found = "oracle"]
PRVG-2031 : Owner of file "/u01/app/19.0.0.0/grid/bin/evmmklib" did not match the expected value on node "hannvzdlrasvr01". [Expected = "root" ; Found = "oracle"]
PRVG-2031 : Owner of file "/u01/app/19.0.0.0/grid/bin/evmpost" did not match the expected value on node "hannvzdlrasvr01". [Expected = "root" ; Found = "oracle"]

2024-12-07 12:33:38.006 [CVUD(61254)]CRS-10051: CVU found following errors with Clusterware setup : PRVG-2031 : Owner of file "/u01/app/19.0.0.0/grid/bin/evmshow" did not match the expected value on node "hannvzdlrasvr01". [Expected = "root" ; Found = "oracle"]
PRVG-2031 : Owner of file "/u01/app/19.0.0.0/grid/bin/evmsort" did not match the expected value on node "hannvzdlrasvr01". [Expected = "root" ; Found = "oracle"]
PRVG-2031 : Owner of file "/u01/app/19.0.0.0/grid/bin/evmwatch" did not match the expected value on node "hannvzdlrasvr01". [Expected = "root" ; Found = "oracle"]
PRVG-2031 : Owner of file "/u01/app/19.0.0.0/grid/bin/crscdpd" did not match the expected value on node "hannvzdlrasvr01". [Expected = "root" ; Found = "oracle"]

2024-12-07 12:33:38.006 [CVUD(61254)]CRS-10051: CVU found following errors with Clusterware setup : PRVG-2031 : Owner of file "/u01/app/19.0.0.0/grid/bin/cdpc" did not match the expected value on node "hannvzdlrasvr01". [Expected = "root" ; Found = "oracle"]
PRVG-2031 : Owner of file "/u01/app/19.0.0.0/grid/bin/clsdiaglsnr" did not match the expected value on node "hannvzdlrasvr01". [Expected = "root" ; Found = "oracle"]
PRVG-2031 : Owner of file "/u01/app/19.0.0.0/grid/bin/oifcfg" did not match the expected value on node "hannvzdlrasvr01". [Expected = "root" ; Found = "oracle"]
PRVG-2031 : Owner of file "/u01/app/19.0.0.0/grid/bin/olsnodes" did not match the expected value on node "hannvzdlrasvr01". [Expected = "root" ; Found = "oracle"]

2024-12-07 12:33:38.006 [CVUD(61254)]CRS-10051: CVU found following errors with Clusterware setup : PRVG-2031 : Owner of file "/u01/app/19.0.0.0/grid/bin/oraagent" did not match the expected value on node "hannvzdlrasvr01". [Expected = "root" ; Found = "oracle"]
PRVG-2031 : Owner of file "/u01/app/19.0.0.0/grid/bin/orarootagent" did not match the expected value on node "hannvzdlrasvr01". [Expected = "root" ; Found = "oracle"]
PRVG-2027 : Owner of file "/u01/app/19.0.0.0/grid/bin/oradaemonagent" is inconsistent across nodes. [Found = "{oracle=[hannvzdlrasvr01], root=[hannvzdlrasvr02]}" on Nodes = "hannvzdlrasvr01,hannvzdlrasvr02"]
PRVG-2031 : Owner of file "/u01/app/19.0.0.0/grid/bin/oracsswd" did not match the expected value on node "hannvzdlrasvr01". [Expected = "root" ; Found = "oracle"]

2024-12-07 12:33:38.006 [CVUD(61254)]CRS-10051: CVU found following errors with Clusterware setup : PRVG-2031 : Owner of file "/u01/app/19.0.0.0/grid/bin/scriptagent" did not match the expected value on node "hannvzdlrasvr01". [Expected = "root" ; Found = "oracle"]
PRVG-2031 : Owner of file "/u01/app/19.0.0.0/grid/bin/lsdb" did not match the expected value on node "hannvzdlrasvr01". [Expected = "root" ; Found = "oracle"]
PRVG-2031 : Owner of file "/u01/app/19.0.0.0/grid/bin/emcrsp" did not match the expected value on node "hannvzdlrasvr01". [Expected = "root" ; Found = "oracle"]
PRVG-2031 : Owner of file "/u01/app/19.0.0.0/grid/bin/racgwrap" did not match the expected value on node "hannvzdlrasvr01". [Expected = "root" ; Found = "oracle"]

2024-12-07 12:33:38.006 [CVUD(61254)]CRS-10051: CVU found following errors with Clusterware setup : PRVG-2031 : Owner of file "/u01/app/19.0.0.0/grid/bin/odnsd" did not match the expected value on node "hannvzdlrasvr01". [Expected = "root" ; Found = "oracle"]
PRVG-2031 : Owner of file "/u01/app/19.0.0.0/grid/bin/scrctl" did not match the expected value on node "hannvzdlrasvr01". [Expected = "root" ; Found = "oracle"]
PRVG-2031 : Owner of file "/u01/app/19.0.0.0/grid/bin/oc4jctl" did not match the expected value on node "hannvzdlrasvr01". [Expected = "root" ; Found = "oracle"]
PRVG-2031 : Owner of file "/u01/app/19.0.0.0/grid/bin/rhprepos" did not match the expected value on node "hannvzdlrasvr01". [Expected = "root" ; Found = "oracle"]

2024-12-07 12:33:38.006 [CVUD(61254)]CRS-10051: CVU found following errors with Clusterware setup : PRVG-2031 : Owner of file "/u01/app/19.0.0.0/grid/bin/ghappctl" did not match the expected value on node "hannvzdlrasvr01". [Expected = "root" ; Found = "oracle"]
PRVG-2031 : Owner of file "/u01/app/19.0.0.0/grid/bin/dhcpproxy" did not match the expected value on node "hannvzdlrasvr01". [Expected = "root" ; Found = "oracle"]
PRVG-2031 : Owner of file "/u01/app/19.0.0.0/grid/bin/qosctl" did not match the expected value on node "hannvzdlrasvr01". [Expected = "root" ; Found = "oracle"]
PRVG-2031 : Owner of file "/u01/app/19.0.0.0/grid/bin/chactl" did not match the expected value on node "hannvzdlrasvr01". [Expected = "root" ; Found = "oracle"]

2024-12-07 12:33:38.007 [CVUD(61254)]CRS-10051: CVU found following errors with Clusterware setup : PRVG-2031 : Owner of file "/u01/app/19.0.0.0/grid/bin/ochadctl" did not match the expected value on node "hannvzdlrasvr01". [Expected = "root" ; Found = "oracle"]
PRVG-2031 : Owner of file "/u01/app/19.0.0.0/grid/bin/oclumon" did not match the expected value on node "hannvzdlrasvr01". [Expected = "root" ; Found = "oracle"]
PRVG-2031 : Owner of file "/u01/app/19.0.0.0/grid/bin/crfsetenv" did not match the expected value on node "hannvzdlrasvr01". [Expected = "root" ; Found = "oracle"]
PRVG-2031 : Owner of file "/u01/app/19.0.0.0/grid/bin/ologdbg" did not match the expected value on node "hannvzdlrasvr01". [Expected = "root" ; Found = "oracle"]

2024-12-07 12:33:38.007 [CVUD(61254)]CRS-10051: CVU found following errors with Clusterware setup : PRVG-2031 : Owner of file "/u01/app/19.0.0.0/grid/bin/osysmond" did not match the expected value on node "hannvzdlrasvr01". [Expected = "root" ; Found = "oracle"]
PRVG-2031 : Owner of file "/u01/app/19.0.0.0/grid/bin/crsrename" did not match the expected value on node "hannvzdlrasvr01". [Expected = "root" ; Found = "oracle"]
PRVG-2031 : Owner of file "/u01/app/19.0.0.0/grid/bin/cdpcfg" did not match the expected value on node "hannvzdlrasvr01". [Expected = "root" ; Found = "oracle"]
PRVG-2031 : Owner of file "/u01/app/19.0.0.0/grid/bin/cluvfy" did not match the expected value on node "hannvzdlrasvr01". [Expected = "root" ; Found = "oracle"]

2024-12-07 12:33:38.007 [CVUD(61254)]CRS-10051: CVU found following errors with Clusterware setup : PRVG-2031 : Owner of file "/u01/app/19.0.0.0/grid/bin/srvctl" did not match the expected value on node "hannvzdlrasvr01". [Expected = "root" ; Found = "oracle"]
PRVG-2031 : Owner of file "/u01/app/19.0.0.0/grid/bin/clscfg" did not match the expected value on node "hannvzdlrasvr01". [Expected = "root" ; Found = "oracle"]
PRVG-2031 : Owner of file "/u01/app/19.0.0.0/grid/bin/clsid" did not match the expected value on node "hannvzdlrasvr01". [Expected = "root" ; Found = "oracle"]
PRVG-2031 : Owner of file "/u01/app/19.0.0.0/grid/bin/crsctl" did not match the expected value on node "hannvzdlrasvr01". [Expected = "root" ; Found = "oracle"]

2024-12-07 12:33:38.007 [CVUD(61254)]CRS-10051: CVU found following errors with Clusterware setup : PRVG-2031 : Owner of file "/u01/app/19.0.0.0/grid/bin/clsecho" did not match the expected value on node "hannvzdlrasvr01". [Expected = "root" ; Found = "oracle"]
PRVG-2031 : Owner of file "/u01/app/19.0.0.0/grid/bin/ndfnceca" did not match the expected value on node "hannvzdlrasvr01". [Expected = "root" ; Found = "oracle"]
PRVG-2031 : Owner of file "/u01/app/19.0.0.0/grid/bin/oclskd" did not match the expected value on node "hannvzdlrasvr01". [Expected = "root" ; Found = "oracle"]
PRVG-2031 : Owner of file "/u01/app/19.0.0.0/grid/bin/oclsomon" did not match the expected value on node "hannvzdlrasvr01". [Expected = "root" ; Found = "oracle"]

2024-12-07 12:33:38.007 [CVUD(61254)]CRS-10051: CVU found following errors with Clusterware setup : PRVG-2031 : Owner of file "/u01/app/19.0.0.0/grid/bin/oclsvmon" did not match the expected value on node "hannvzdlrasvr01". [Expected = "root" ; Found = "oracle"]
PRVG-2031 : Owner of file "/u01/app/19.0.0.0/grid/bin/ocssd" did not match the expected value on node "hannvzdlrasvr01". [Expected = "root" ; Found = "oracle"]
PRVG-2031 : Owner of file "/u01/app/19.0.0.0/grid/bin/ocssdrim" did not match the expected value on node "hannvzdlrasvr01". [Expected = "root" ; Found = "oracle"]
PRVG-2031 : Owner of file "/u01/app/19.0.0.0/grid/bin/crsboot_diags.sh" did not match the expected value on node "hannvzdlrasvr01". [Expected = "root" ; Found = "oracle"]

2024-12-07 12:33:38.007 [CVUD(61254)]CRS-10051: CVU found following errors with Clusterware setup : PRVG-2031 : Owner of file "/u01/app/19.0.0.0/grid/bin/setasmgidwrap" did not match the expected value on node "hannvzdlrasvr01". [Expected = "root" ; Found = "oracle"]
PRVG-2031 : Owner of file "/u01/app/19.0.0.0/grid/bin/jwcctl" did not match the expected value on node "hannvzdlrasvr01". [Expected = "root" ; Found = "oracle"]
PRVG-2031 : Owner of file "/u01/app/19.0.0.0/grid/bin/orajagent" did not match the expected value on node "hannvzdlrasvr01". [Expected = "root" ; Found = "oracle"]
PRVG-2031 : Owner of file "/u01/app/19.0.0.0/grid/bin/orajrootagent" did not match the expected value on node "hannvzdlrasvr01". [Expected = "root" ; Found = "oracle"]

2024-12-07 12:33:38.007 [CVUD(61254)]CRS-10051: CVU found following errors with Clusterware setup : PRVG-2031 : Owner of file "/u01/app/19.0.0.0/grid/bin/crskeytoolctl" did not match the expected value on node "hannvzdlrasvr01". [Expected = "root" ; Found = "oracle"]
PRVG-2031 : Owner of file "/u01/app/19.0.0.0/grid/bin/rhpplsnrctl" did not match the expected value on node "hannvzdlrasvr01". [Expected = "root" ; Found = "oracle"]
PRVG-2031 : Owner of file "/u01/app/19.0.0.0/grid/bin/rhpplsnr" did not match the expected value on node "hannvzdlrasvr01". [Expected = "root" ; Found = "oracle"]
PRVG-2031 : Owner of file "/u01/app/19.0.0.0/grid/suptools/tfa/release/tfa_home/bin/Text" did not match the expected value on node "hannvzdlrasvr01". [Expected = "root" ; Found = "oracle"]

2024-12-07 12:33:38.007 [CVUD(61254)]CRS-10051: CVU found following errors with Clusterware setup : PRVG-2031 : Owner of file "/u01/app/19.0.0.0/grid/suptools/tfa/release/tfa_home/bin/Text/ASCIITable" did not match the expected value on node "hannvzdlrasvr01". [Expected = "root" ; Found = "oracle"]
PRVG-13411 : Oracle Clusterware active patch level "1402920100" does not match software patch level "633061983" on node "hannvzdlrasvr02".
PRVF-5056 : SCAN listener "LISTENER_SCAN1" not running
PRVF-5056 : SCAN listener "LISTENER_SCAN2" not running
PRVF-5056 : SCAN listener "LISTENER_SCAN3" not running
PRVG-2027 : Owner of file "/u01/app/19.0.0.0/grid/lib/liboramysql19.so" is inconsistent across nodes. [Found = "{oracle=[hannvzdlrasvr01], root=[hannvzdlrasvr02]}" on Nodes = "hannvzdlrasvr01,hannvzdlrasvr02"]

2024-12-07 12:33:38.007 [CVUD(61254)]CRS-10051: CVU found following errors with Clusterware setup : PRVG-2027 : Owner of file "/u01/app/19.0.0.0/grid/lib/cobsqlintf.o" is inconsistent across nodes. [Found = "{oracle=[hannvzdlrasvr01], root=[hannvzdlrasvr02]}" on Nodes = "hannvzdlrasvr01,hannvzdlrasvr02"]
PRVG-2027 : Owner of file "/u01/app/19.0.0.0/grid/bin/expdp" is inconsistent across nodes. [Found = "{oracle=[hannvzdlrasvr01], root=[hannvzdlrasvr02]}" on Nodes = "hannvzdlrasvr01,hannvzdlrasvr02"]
PRVG-2027 : Owner of file "/u01/app/19.0.0.0/grid/bin/sqlldr" is inconsistent across nodes. [Found = "{oracle=[hannvzdlrasvr01], root=[hannvzdlrasvr02]}" on Nodes = "hannvzdlrasvr01,hannvzdlrasvr02"]

2024-12-07 12:33:38.007 [CVUD(61254)]CRS-10051: CVU found following errors with Clusterware setup : PRVG-2027 : Owner of file "/u01/app/19.0.0.0/grid/bin/uidrvci" is inconsistent across nodes. [Found = "{oracle=[hannvzdlrasvr01], root=[hannvzdlrasvr02]}" on Nodes = "hannvzdlrasvr01,hannvzdlrasvr02"]
PRVG-2027 : Owner of file "/u01/app/19.0.0.0/grid/bin/adrci" is inconsistent across nodes. [Found = "{oracle=[hannvzdlrasvr01], root=[hannvzdlrasvr02]}" on Nodes = "hannvzdlrasvr01,hannvzdlrasvr02"]
PRVG-2027 : Owner of file "/u01/app/19.0.0.0/grid/bin/procob" is inconsistent across nodes. [Found = "{oracle=[hannvzdlrasvr01], root=[hannvzdlrasvr02]}" on Nodes = "hannvzdlrasvr01,hannvzdlrasvr02"]

2024-12-07 12:33:38.007 [CVUD(61254)]CRS-10051: CVU found following errors with Clusterware setup : PRVG-2027 : Owner of file "/u01/app/19.0.0.0/grid/bin/proc" is inconsistent across nodes. [Found = "{oracle=[hannvzdlrasvr01], root=[hannvzdlrasvr02]}" on Nodes = "hannvzdlrasvr01,hannvzdlrasvr02"]
PRVG-2027 : Owner of file "/u01/app/19.0.0.0/grid/bin/impdp" is inconsistent across nodes. [Found = "{oracle=[hannvzdlrasvr01], root=[hannvzdlrasvr02]}" on Nodes = "hannvzdlrasvr01,hannvzdlrasvr02"]
PRVG-2027 : Owner of file "/u01/app/19.0.0.0/grid/bin/genezi" is inconsistent across nodes. [Found = "{oracle=[hannvzdlrasvr01], root=[hannvzdlrasvr02]}" on Nodes = "hannvzdlrasvr01,hannvzdlrasvr02"]

2024-12-07 12:33:38.008 [CVUD(61254)]CRS-10051: CVU found following errors with Clusterware setup : PRVG-2027 : Owner of file "/u01/app/19.0.0.0/grid/bin/exp" is inconsistent across nodes. [Found = "{oracle=[hannvzdlrasvr01], root=[hannvzdlrasvr02]}" on Nodes = "hannvzdlrasvr01,hannvzdlrasvr02"]
PRVG-2027 : Owner of file "/u01/app/19.0.0.0/grid/bin/imp" is inconsistent across nodes. [Found = "{oracle=[hannvzdlrasvr01], root=[hannvzdlrasvr02]}" on Nodes = "hannvzdlrasvr01,hannvzdlrasvr02"]
PRVG-2027 : Owner of file "/u01/app/19.0.0.0/grid/bin/wrc" is inconsistent across nodes. [Found = "{oracle=[hannvzdlrasvr01], root=[hannvzdlrasvr02]}" on Nodes = "hannvzdlrasvr01,hannvzdlrasvr02"]

2024-12-07 12:33:38.008 [CVUD(61254)]CRS-10051: CVU found following errors with Clusterware setup : PRVG-2027 : Owner of file "/u01/app/19.0.0.0/grid/lib/libocci.so.19.1" is inconsistent across nodes. [Found = "{oracle=[hannvzdlrasvr01], root=[hannvzdlrasvr02]}" on Nodes = "hannvzdlrasvr01,hannvzdlrasvr02"]
PRVG-2027 : Owner of file "/u01/app/19.0.0.0/grid/lib/libons.a" is inconsistent across nodes. [Found = "{oracle=[hannvzdlrasvr01], root=[hannvzdlrasvr02]}" on Nodes = "hannvzdlrasvr01,hannvzdlrasvr02"]
PRVG-2027 : Owner of file "/u01/app/19.0.0.0/grid/lib/facility.lis" is inconsistent across nodes. [Found = "{oracle=[hannvzdlrasvr01], root=[hannvzdlrasvr02]}" on Nodes = "hannvzdlrasvr01,hannvzdlrasvr02"]

2024-12-07 12:33:38.008 [CVUD(61254)]CRS-10051: CVU found following errors with Clusterware setup : PRVG-2027 : Owner of file "/u01/app/19.0.0.0/grid/bin/oraenv" is inconsistent across nodes. [Found = "{oracle=[hannvzdlrasvr01], root=[hannvzdlrasvr02]}" on Nodes = "hannvzdlrasvr01,hannvzdlrasvr02"]
PRVG-2027 : Owner of file "/u01/app/19.0.0.0/grid/bin/dbhome" is inconsistent across nodes. [Found = "{oracle=[hannvzdlrasvr01], root=[hannvzdlrasvr02]}" on Nodes = "hannvzdlrasvr01,hannvzdlrasvr02"]
PRVG-2027 : Owner of file "/u01/app/19.0.0.0/grid/bin/genclntst" is inconsistent across nodes. [Found = "{oracle=[hannvzdlrasvr01], root=[hannvzdlrasvr02]}" on Nodes = "hannvzdlrasvr01,hannvzdlrasvr02"]

2024-12-07 12:33:38.008 [CVUD(61254)]CRS-10051: CVU found following errors with Clusterware setup : PRVG-2027 : Owner of file "/u01/app/19.0.0.0/grid/bin/oraversion" is inconsistent across nodes. [Found = "{oracle=[hannvzdlrasvr01], root=[hannvzdlrasvr02]}" on Nodes = "hannvzdlrasvr01,hannvzdlrasvr02"]
PRVG-2027 : Owner of file "/u01/app/19.0.0.0/grid/bin/genoccish" is inconsistent across nodes. [Found = "{oracle=[hannvzdlrasvr01], root=[hannvzdlrasvr02]}" on Nodes = "hannvzdlrasvr01,hannvzdlrasvr02"]
PRVG-2027 : Owner of file "/u01/app/19.0.0.0/grid/bin/kgmgr" is inconsistent across nodes. [Found = "{oracle=[hannvzdlrasvr01], root=[hannvzdlrasvr02]}" on Nodes = "hannvzdlrasvr01,hannvzdlrasvr02"]

2024-12-07 12:33:38.008 [CVUD(61254)]CRS-10051: CVU found following errors with Clusterware setup : PRVG-2027 : Owner of file "/u01/app/19.0.0.0/grid/bin/genagtsh" is inconsistent across nodes. [Found = "{oracle=[hannvzdlrasvr01], root=[hannvzdlrasvr02]}" on Nodes = "hannvzdlrasvr01,hannvzdlrasvr02"]
PRVG-2027 : Owner of file "/u01/app/19.0.0.0/grid/bin/loadpsp" is inconsistent across nodes. [Found = "{oracle=[hannvzdlrasvr01], root=[hannvzdlrasvr02]}" on Nodes = "hannvzdlrasvr01,hannvzdlrasvr02"]
PRVG-2027 : Owner of file "/u01/app/19.0.0.0/grid/bin/coraenv" is inconsistent across nodes. [Found = "{oracle=[hannvzdlrasvr01], root=[hannvzdlrasvr02]}" on Nodes = "hannvzdlrasvr01,hannvzdlrasvr02"]

2024-12-07 12:33:38.008 [CVUD(61254)]CRS-10051: CVU found following errors with Clusterware setup : PRVG-2027 : Owner of file "/u01/app/19.0.0.0/grid/bin/orabasehome" is inconsistent across nodes. [Found = "{oracle=[hannvzdlrasvr01], root=[hannvzdlrasvr02]}" on Nodes = "hannvzdlrasvr01,hannvzdlrasvr02"]
PRVG-2027 : Owner of file "/u01/app/19.0.0.0/grid/bin/genclntsh" is inconsistent across nodes. [Found = "{oracle=[hannvzdlrasvr01], root=[hannvzdlrasvr02]}" on Nodes = "hannvzdlrasvr01,hannvzdlrasvr02"]
PRVG-2027 : Owner of file "/u01/app/19.0.0.0/grid/bin/orabaseconfig" is inconsistent across nodes. [Found = "{oracle=[hannvzdlrasvr01], root=[hannvzdlrasvr02]}" on Nodes = "hannvzdlrasvr01,hannvzdlrasvr02"]

2024-12-07 12:33:38.008 [CVUD(61254)]CRS-10051: CVU found following errors with Clusterware setup : PRVG-2027 : Owner of file "/u01/app/19.0.0.0/grid/lib/libplc19_pic.a" is inconsistent across nodes. [Found = "{oracle=[hannvzdlrasvr01], root=[hannvzdlrasvr02]}" on Nodes = "hannvzdlrasvr01,hannvzdlrasvr02"]
PRVG-2027 : Owner of file "/u01/app/19.0.0.0/grid/lib/libnnet19.a" is inconsistent across nodes. [Found = "{oracle=[hannvzdlrasvr01], root=[hannvzdlrasvr02]}" on Nodes = "hannvzdlrasvr01,hannvzdlrasvr02"]
PRVG-2027 : Owner of file "/u01/app/19.0.0.0/grid/lib/libpls19_pic.a" is inconsistent across nodes. [Found = "{oracle=[hannvzdlrasvr01], root=[hannvzdlrasvr02]}" on Nodes = "hannvzdlrasvr01,hannvzdlrasvr02"]

2024-12-07 12:33:38.008 [CVUD(61254)]CRS-10051: CVU found following errors with Clusterware setup : PRVG-2027 : Owner of file "/u01/app/19.0.0.0/grid/lib/libvsn.so" is inconsistent across nodes. [Found = "{oracle=[hannvzdlrasvr01], root=[hannvzdlrasvr02]}" on Nodes = "hannvzdlrasvr01,hannvzdlrasvr02"]
PRVG-2027 : Owner of file "/u01/app/19.0.0.0/grid/lib/libmm.a" is inconsistent across nodes. [Found = "{oracle=[hannvzdlrasvr01], root=[hannvzdlrasvr02]}" on Nodes = "hannvzdlrasvr01,hannvzdlrasvr02"]
PRVG-2027 : Owner of file "/u01/app/19.0.0.0/grid/lib/libpls19.a" is inconsistent across nodes. [Found = "{oracle=[hannvzdlrasvr01], root=[hannvzdlrasvr02]}" on Nodes = "hannvzdlrasvr01,hannvzdlrasvr02"]

2024-12-07 12:33:38.008 [CVUD(61254)]CRS-10051: CVU found following errors with Clusterware setup : PRVG-2027 : Owner of file "/u01/app/19.0.0.0/grid/lib/libodm19.a" is inconsistent across nodes. [Found = "{oracle=[hannvzdlrasvr01], root=[hannvzdlrasvr02]}" on Nodes = "hannvzdlrasvr01,hannvzdlrasvr02"]
PRVG-2027 : Owner of file "/u01/app/19.0.0.0/grid/lib/libocci19.a" is inconsistent across nodes. [Found = "{oracle=[hannvzdlrasvr01], root=[hannvzdlrasvr02]}" on Nodes = "hannvzdlrasvr01,hannvzdlrasvr02"]
PRVG-2027 : Owner of file "/u01/app/19.0.0.0/grid/lib/libagent19.a" is inconsistent across nodes. [Found = "{oracle=[hannvzdlrasvr01], root=[hannvzdlrasvr02]}" on Nodes = "hannvzdlrasvr01,hannvzdlrasvr02"]

2024-12-07 12:33:38.008 [CVUD(61254)]CRS-10051: CVU found following errors with Clusterware setup : PRVG-2027 : Owner of file "/u01/app/19.0.0.0/grid/lib/libasmclntsh19.a" is inconsistent across nodes. [Found = "{oracle=[hannvzdlrasvr01], root=[hannvzdlrasvr02]}" on Nodes = "hannvzdlrasvr01,hannvzdlrasvr02"]
PRVG-2027 : Owner of file "/u01/app/19.0.0.0/grid/lib/libvsn19.a" is inconsistent across nodes. [Found = "{oracle=[hannvzdlrasvr01], root=[hannvzdlrasvr02]}" on Nodes = "hannvzdlrasvr01,hannvzdlrasvr02"]
PRVG-2027 : Owner of file "/u01/app/19.0.0.0/grid/lib/libedtn19_std.a" is inconsistent across nodes. [Found = "{oracle=[hannvzdlrasvr01], root=[hannvzdlrasvr02]}" on Nodes = "hannvzdlrasvr01,hannvzdlrasvr02"]

2024-12-07 12:33:38.008 [CVUD(61254)]CRS-10051: CVU found following errors with Clusterware setup : PRVG-2027 : Owner of file "/u01/app/19.0.0.0/grid/lib/libplc19.a" is inconsistent across nodes. [Found = "{oracle=[hannvzdlrasvr01], root=[hannvzdlrasvr02]}" on Nodes = "hannvzdlrasvr01,hannvzdlrasvr02"]
PRVG-2027 : Owner of file "/u01/app/19.0.0.0/grid/lib/libnnetd19.a" is inconsistent across nodes. [Found = "{oracle=[hannvzdlrasvr01], root=[hannvzdlrasvr02]}" on Nodes = "hannvzdlrasvr01,hannvzdlrasvr02"]
PRVG-2027 : Owner of file "/u01/app/19.0.0.0/grid/lib/libclient19.a" is inconsistent across nodes. [Found = "{oracle=[hannvzdlrasvr01], root=[hannvzdlrasvr02]}" on Nodes = "hannvzdlrasvr01,hannvzdlrasvr02"]

2024-12-07 12:33:38.008 [CVUD(61254)]CRS-10051: CVU found following errors with Clusterware setup : PRVG-2027 : Owner of file "/u01/app/19.0.0.0/grid/lib/libplp19_pic.a" is inconsistent across nodes. [Found = "{oracle=[hannvzdlrasvr01], root=[hannvzdlrasvr02]}" on Nodes = "hannvzdlrasvr01,hannvzdlrasvr02"]
PRVG-2027 : Owner of file "/u01/app/19.0.0.0/grid/lib/sysliblist" is inconsistent across nodes. [Found = "{oracle=[hannvzdlrasvr01], root=[hannvzdlrasvr02]}" on Nodes = "hannvzdlrasvr01,hannvzdlrasvr02"]
PRVG-2027 : Owner of file "/u01/app/19.0.0.0/grid/lib/liborion19.a" is inconsistent across nodes. [Found = "{oracle=[hannvzdlrasvr01], root=[hannvzdlrasvr02]}" on Nodes = "hannvzdlrasvr01,hannvzdlrasvr02"]

2024-12-07 12:33:38.009 [CVUD(61254)]CRS-10051: CVU found following errors with Clusterware setup : PRVG-2027 : Owner of file "/u01/app/19.0.0.0/grid/lib/libedtn19_cee.a" is inconsistent across nodes. [Found = "{oracle=[hannvzdlrasvr01], root=[hannvzdlrasvr02]}" on Nodes = "hannvzdlrasvr01,hannvzdlrasvr02"]
PRVG-2027 : Owner of file "/u01/app/19.0.0.0/grid/lib/libedtn19_cse.a" is inconsistent across nodes. [Found = "{oracle=[hannvzdlrasvr01], root=[hannvzdlrasvr02]}" on Nodes = "hannvzdlrasvr01,hannvzdlrasvr02"]
PRVG-2027 : Owner of file "/u01/app/19.0.0.0/grid/lib/libasmclnt19.a" is inconsistent across nodes. [Found = "{oracle=[hannvzdlrasvr01], root=[hannvzdlrasvr02]}" on Nodes = "hannvzdlrasvr01,hannvzdlrasvr02"]

2024-12-07 12:33:38.009 [CVUD(61254)]CRS-10051: CVU found following errors with Clusterware setup : PRVG-2027 : Owner of file "/u01/app/19.0.0.0/grid/lib/libxdb.so" is inconsistent across nodes. [Found = "{oracle=[hannvzdlrasvr01], root=[hannvzdlrasvr02]}" on Nodes = "hannvzdlrasvr01,hannvzdlrasvr02"]
PRVG-2027 : Owner of file "/u01/app/19.0.0.0/grid/lib/libedtn19_ent.a" is inconsistent across nodes. [Found = "{oracle=[hannvzdlrasvr01], root=[hannvzdlrasvr02]}" on Nodes = "hannvzdlrasvr01,hannvzdlrasvr02"]
PRVG-2027 : Owner of file "/u01/app/19.0.0.0/grid/lib/libasmclntsh19.so" is inconsistent across nodes. [Found = "{oracle=[hannvzdlrasvr01], root=[hannvzdlrasvr02]}" on Nodes = "hannvzdlrasvr01,hannvzdlrasvr02"]

2024-12-07 12:33:38.009 [CVUD(61254)]CRS-10051: CVU found following errors with Clusterware setup : PRVG-2029 : Octal permissions of file "/u01/app/19.0.0.0/grid/lib/libasmclntsh19.so" are inconsistent across nodes. [Found = "{0644=[hannvzdlrasvr02], 0755=[hannvzdlrasvr01]}"]
PRVG-2027 : Owner of file "/u01/app/19.0.0.0/grid/lib/libvsnst19.a" is inconsistent across nodes. [Found = "{oracle=[hannvzdlrasvr01], root=[hannvzdlrasvr02]}" on Nodes = "hannvzdlrasvr01,hannvzdlrasvr02"]
PRVG-2027 : Owner of file "/u01/app/19.0.0.0/grid/lib/libgeneric19.a" is inconsistent across nodes. [Found = "{oracle=[hannvzdlrasvr01], root=[hannvzdlrasvr02]}" on Nodes = "hannvzdlrasvr01,hannvzdlrasvr02"]

2024-12-07 12:33:38.009 [CVUD(61254)]CRS-10051: CVU found following errors with Clusterware setup : PRVG-2027 : Owner of file "/u01/app/19.0.0.0/grid/lib/libplp19.a" is inconsistent across nodes. [Found = "{oracle=[hannvzdlrasvr01], root=[hannvzdlrasvr02]}" on Nodes = "hannvzdlrasvr01,hannvzdlrasvr02"]
PRVG-2027 : Owner of file "/u01/app/19.0.0.0/grid/lib/liboramysql19.a" is inconsistent across nodes. [Found = "{oracle=[hannvzdlrasvr01], root=[hannvzdlrasvr02]}" on Nodes = "hannvzdlrasvr01,hannvzdlrasvr02"]
PRVG-2027 : Owner of file "/u01/app/19.0.0.0/grid/lib/libvsn19.so" is inconsistent across nodes. [Found = "{oracle=[hannvzdlrasvr01], root=[hannvzdlrasvr02]}" on Nodes = "hannvzdlrasvr01,hannvzdlrasvr02"]

2024-12-07 12:33:38.009 [CVUD(61254)]CRS-10051: CVU found following errors with Clusterware setup : PRVG-2027 : Owner of file "/u01/app/19.0.0.0/grid/lib/libcommon19.a" is inconsistent across nodes. [Found = "{oracle=[hannvzdlrasvr01], root=[hannvzdlrasvr02]}" on Nodes = "hannvzdlrasvr01,hannvzdlrasvr02"]
PRVG-2027 : Owner of file "/u01/app/19.0.0.0/grid/lib/libpsa19.a" is inconsistent across nodes. [Found = "{oracle=[hannvzdlrasvr01], root=[hannvzdlrasvr02]}" on Nodes = "hannvzdlrasvr01,hannvzdlrasvr02"]
PRVG-2027 : Owner of file "/u01/app/19.0.0.0/grid/lib/libclntsh.so.19.1" is inconsistent across nodes. [Found = "{oracle=[hannvzdlrasvr01], root=[hannvzdlrasvr02]}" on Nodes = "hannvzdlrasvr01,hannvzdlrasvr02"]

2024-12-07 12:33:38.009 [CVUD(61254)]CRS-10051: CVU found following errors with Clusterware setup : PRVG-2029 : Octal permissions of file "/u01/app/19.0.0.0/grid/lib/libclntsh.so.19.1" are inconsistent across nodes. [Found = "{0644=[hannvzdlrasvr02], 0755=[hannvzdlrasvr01]}"]
PRVG-2027 : Owner of file "/u01/app/19.0.0.0/grid/lib/libipp_bz2.a" is inconsistent across nodes. [Found = "{oracle=[hannvzdlrasvr01], root=[hannvzdlrasvr02]}" on Nodes = "hannvzdlrasvr01,hannvzdlrasvr02"]
PRVG-2027 : Owner of file "/u01/app/19.0.0.0/grid/lib/liborabz2.a" is inconsistent across nodes. [Found = "{oracle=[hannvzdlrasvr01], root=[hannvzdlrasvr02]}" on Nodes = "hannvzdlrasvr01,hannvzdlrasvr02"]

2024-12-07 12:33:38.009 [CVUD(61254)]CRS-10051: CVU found following errors with Clusterware setup : PRVG-2027 : Owner of file "/u01/app/19.0.0.0/grid/lib/libipp_z.a" is inconsistent across nodes. [Found = "{oracle=[hannvzdlrasvr01], root=[hannvzdlrasvr02]}" on Nodes = "hannvzdlrasvr01,hannvzdlrasvr02"]
PRVG-2027 : Owner of file "/u01/app/19.0.0.0/grid/lib/libippdc.a" is inconsistent across nodes. [Found = "{oracle=[hannvzdlrasvr01], root=[hannvzdlrasvr02]}" on Nodes = "hannvzdlrasvr01,hannvzdlrasvr02"]
PRVG-2027 : Owner of file "/u01/app/19.0.0.0/grid/lib/libskgxpr.so" is inconsistent across nodes. [Found = "{oracle=[hannvzdlrasvr01], root=[hannvzdlrasvr02]}" on Nodes = "hannvzdlrasvr01,hannvzdlrasvr02"]

2024-12-07 12:33:38.009 [CVUD(61254)]CRS-10051: CVU found following errors with Clusterware setup : PRVG-2027 : Owner of file "/u01/app/19.0.0.0/grid/lib/libskgxpd.so" is inconsistent across nodes. [Found = "{oracle=[hannvzdlrasvr01], root=[hannvzdlrasvr02]}" on Nodes = "hannvzdlrasvr01,hannvzdlrasvr02"]
PRVG-2027 : Owner of file "/u01/app/19.0.0.0/grid/lib/libskgxpg.so" is inconsistent across nodes. [Found = "{oracle=[hannvzdlrasvr01], root=[hannvzdlrasvr02]}" on Nodes = "hannvzdlrasvr01,hannvzdlrasvr02"]
PRVG-2027 : Owner of file "/u01/app/19.0.0.0/grid/lib/libmql1.a" is inconsistent across nodes. [Found = "{oracle=[hannvzdlrasvr01], root=[hannvzdlrasvr02]}" on Nodes = "hannvzdlrasvr01,hannvzdlrasvr02"]

2024-12-07 12:33:38.009 [CVUD(61254)]CRS-10051: CVU found following errors with Clusterware setup : PRVG-2027 : Owner of file "/u01/app/19.0.0.0/grid/lib/libippcore.a" is inconsistent across nodes. [Found = "{oracle=[hannvzdlrasvr01], root=[hannvzdlrasvr02]}" on Nodes = "hannvzdlrasvr01,hannvzdlrasvr02"]
PRVG-2027 : Owner of file "/u01/app/19.0.0.0/grid/lib/libippcp.a" is inconsistent across nodes. [Found = "{oracle=[hannvzdlrasvr01], root=[hannvzdlrasvr02]}" on Nodes = "hannvzdlrasvr01,hannvzdlrasvr02"]
PRVG-2027 : Owner of file "/u01/app/19.0.0.0/grid/lib/libofs.a" is inconsistent across nodes. [Found = "{oracle=[hannvzdlrasvr01], root=[hannvzdlrasvr02]}" on Nodes = "hannvzdlrasvr01,hannvzdlrasvr02"]

2024-12-07 12:33:38.009 [CVUD(61254)]CRS-10051: CVU found following errors with Clusterware setup : PRVG-2027 : Owner of file "/u01/app/19.0.0.0/grid/lib/libclntshcore.so.19.1" is inconsistent across nodes. [Found = "{oracle=[hannvzdlrasvr01], root=[hannvzdlrasvr02]}" on Nodes = "hannvzdlrasvr01,hannvzdlrasvr02"]
PRVG-2029 : Octal permissions of file "/u01/app/19.0.0.0/grid/lib/libclntshcore.so.19.1" are inconsistent across nodes. [Found = "{0644=[hannvzdlrasvr02], 0755=[hannvzdlrasvr01]}"]
PRVG-2027 : Owner of file "/u01/app/19.0.0.0/grid/lib/libipc1.a" is inconsistent across nodes. [Found = "{oracle=[hannvzdlrasvr01], root=[hannvzdlrasvr02]}" on Nodes = "hannvzdlrasvr01,hannvzdlrasvr02"]

2024-12-07 12:33:38.009 [CVUD(61254)]CRS-10051: CVU found following errors with Clusterware setup : PRVG-2027 : Owner of file "/u01/app/19.0.0.0/grid/lib/libedtn19_hp.a" is inconsistent across nodes. [Found = "{oracle=[hannvzdlrasvr01], root=[hannvzdlrasvr02]}" on Nodes = "hannvzdlrasvr01,hannvzdlrasvr02"]
PRVG-2027 : Owner of file "/u01/app/19.0.0.0/grid/lib/liblzopro5.a" is inconsistent across nodes. [Found = "{oracle=[hannvzdlrasvr01], root=[hannvzdlrasvr02]}" on Nodes = "hannvzdlrasvr01,hannvzdlrasvr02"]
PRVG-2027 : Owner of file "/u01/app/19.0.0.0/grid/lib/libodmd19.so" is inconsistent across nodes. [Found = "{oracle=[hannvzdlrasvr01], root=[hannvzdlrasvr02]}" on Nodes = "hannvzdlrasvr01,hannvzdlrasvr02"]

2024-12-07 12:33:38.010 [CVUD(61254)]CRS-10051: CVU found following errors with Clusterware setup : PRVG-2027 : Owner of file "/u01/app/19.0.0.0/grid/lib/libnfsodm19.so" is inconsistent across nodes. [Found = "{oracle=[hannvzdlrasvr01], root=[hannvzdlrasvr02]}" on Nodes = "hannvzdlrasvr01,hannvzdlrasvr02"]
PRVG-2027 : Owner of file "/u01/app/19.0.0.0/grid/lib/liboraz.a" is inconsistent across nodes. [Found = "{oracle=[hannvzdlrasvr01], root=[hannvzdlrasvr02]}" on Nodes = "hannvzdlrasvr01,hannvzdlrasvr02"]
PRVG-2027 : Owner of file "/u01/app/19.0.0.0/grid/lib/libzt19.a" is inconsistent across nodes. [Found = "{oracle=[hannvzdlrasvr01], root=[hannvzdlrasvr02]}" on Nodes = "hannvzdlrasvr01,hannvzdlrasvr02"]

2024-12-07 12:33:38.010 [CVUD(61254)]CRS-10051: CVU found following errors with Clusterware setup : PRVG-2027 : Owner of file "/u01/app/19.0.0.0/grid/lib/libskgxp19.so" is inconsistent across nodes. [Found = "{oracle=[hannvzdlrasvr01], root=[hannvzdlrasvr02]}" on Nodes = "hannvzdlrasvr01,hannvzdlrasvr02"]
PRVG-2027 : Owner of file "/u01/app/19.0.0.0/grid/lib/libipps.a" is inconsistent across nodes. [Found = "{oracle=[hannvzdlrasvr01], root=[hannvzdlrasvr02]}" on Nodes = "hannvzdlrasvr01,hannvzdlrasvr02"]
PRVG-2027 : Owner of file "/u01/app/19.0.0.0/grid/lib/libedtn19_xp.a" is inconsistent across nodes. [Found = "{oracle=[hannvzdlrasvr01], root=[hannvzdlrasvr02]}" on Nodes = "hannvzdlrasvr01,hannvzdlrasvr02"]

2024-12-07 12:33:38.010 [CVUD(61254)]CRS-10051: CVU found following errors with Clusterware setup : PRVG-2027 : Owner of file "/u01/app/19.0.0.0/grid/lib/libofs.so" is inconsistent across nodes. [Found = "{oracle=[hannvzdlrasvr01], root=[hannvzdlrasvr02]}" on Nodes = "hannvzdlrasvr01,hannvzdlrasvr02"]
PRVG-2027 : Owner of file "/u01/app/19.0.0.0/grid/lib/libowm2.a" is inconsistent across nodes. [Found = "{oracle=[hannvzdlrasvr01], root=[hannvzdlrasvr02]}" on Nodes = "hannvzdlrasvr01,hannvzdlrasvr02"]
PRVG-2027 : Owner of file "/u01/app/19.0.0.0/grid/lib/libnnz19.so" is inconsistent across nodes. [Found = "{oracle=[hannvzdlrasvr01], root=[hannvzdlrasvr02]}" on Nodes = "hannvzdlrasvr01,hannvzdlrasvr02"]

2024-12-07 12:33:38.010 [CVUD(61254)]CRS-10051: CVU found following errors with Clusterware setup : PRVG-2027 : Owner of file "/u01/app/19.0.0.0/grid/lib/libnnz19.a" is inconsistent across nodes. [Found = "{oracle=[hannvzdlrasvr01], root=[hannvzdlrasvr02]}" on Nodes = "hannvzdlrasvr01,hannvzdlrasvr02"]
PRVG-2027 : Owner of file "/u01/app/19.0.0.0/grid/lib/libowm2.so" is inconsistent across nodes. [Found = "{oracle=[hannvzdlrasvr01], root=[hannvzdlrasvr02]}" on Nodes = "hannvzdlrasvr01,hannvzdlrasvr02"]
PRVG-2027 : Owner of file "/u01/app/19.0.0.0/grid/lib/libldapjclnt19.a" is inconsistent across nodes. [Found = "{oracle=[hannvzdlrasvr01], root=[hannvzdlrasvr02]}" on Nodes = "hannvzdlrasvr01,hannvzdlrasvr02"]

2024-12-07 12:33:38.010 [CVUD(61254)]CRS-10051: CVU found following errors with Clusterware setup : PRVG-2027 : Owner of file "/u01/app/19.0.0.0/grid/lib/libnnzst19.a" is inconsistent across nodes. [Found = "{oracle=[hannvzdlrasvr01], root=[hannvzdlrasvr02]}" on Nodes = "hannvzdlrasvr01,hannvzdlrasvr02"]
PRVG-2027 : Owner of file "/u01/app/19.0.0.0/grid/lib/libccme_asym.so" is inconsistent across nodes. [Found = "{oracle=[hannvzdlrasvr01], root=[hannvzdlrasvr02]}" on Nodes = "hannvzdlrasvr01,hannvzdlrasvr02"]
PRVG-2027 : Owner of file "/u01/app/19.0.0.0/grid/lib/libldapclnt19.a" is inconsistent across nodes. [Found = "{oracle=[hannvzdlrasvr01], root=[hannvzdlrasvr02]}" on Nodes = "hannvzdlrasvr01,hannvzdlrasvr02"]

2024-12-07 12:33:38.010 [CVUD(61254)]CRS-10051: CVU found following errors with Clusterware setup : PRVG-2027 : Owner of file "/u01/app/19.0.0.0/grid/lib/libccme_ecc.so" is inconsistent across nodes. [Found = "{oracle=[hannvzdlrasvr01], root=[hannvzdlrasvr02]}" on Nodes = "hannvzdlrasvr01,hannvzdlrasvr02"]
PRVG-2027 : Owner of file "/u01/app/19.0.0.0/grid/lib/libccme_ecc_non_fips.so" is inconsistent across nodes. [Found = "{oracle=[hannvzdlrasvr01], root=[hannvzdlrasvr02]}" on Nodes = "hannvzdlrasvr01,hannvzdlrasvr02"]
PRVG-2027 : Owner of file "/u01/app/19.0.0.0/grid/lib/libcryptocme.so" is inconsistent across nodes. [Found = "{oracle=[hannvzdlrasvr01], root=[hannvzdlrasvr02]}" on Nodes = "hannvzdlrasvr01,hannvzdlrasvr02"]

2024-12-07 12:33:38.010 [CVUD(61254)]CRS-10051: CVU found following errors with Clusterware setup : PRVG-2027 : Owner of file "/u01/app/19.0.0.0/grid/lib/libccme_base_non_fips.so" is inconsistent across nodes. [Found = "{oracle=[hannvzdlrasvr01], root=[hannvzdlrasvr02]}" on Nodes = "hannvzdlrasvr01,hannvzdlrasvr02"]
PRVG-2027 : Owner of file "/u01/app/19.0.0.0/grid/lib/libccme_base.so" is inconsistent across nodes. [Found = "{oracle=[hannvzdlrasvr01], root=[hannvzdlrasvr02]}" on Nodes = "hannvzdlrasvr01,hannvzdlrasvr02"]
PRVG-2027 : Owner of file "/u01/app/19.0.0.0/grid/lib/libztkg19.a" is inconsistent across nodes. [Found = "{oracle=[hannvzdlrasvr01], root=[hannvzdlrasvr02]}" on Nodes = "hannvzdlrasvr01,hannvzdlrasvr02"]

2024-12-07 12:33:38.010 [CVUD(61254)]CRS-10051: CVU found following errors with Clusterware setup : PRVG-2027 : Owner of file "/u01/app/19.0.0.0/grid/lib/libldapjclnt19.so" is inconsistent across nodes. [Found = "{oracle=[hannvzdlrasvr01], root=[hannvzdlrasvr02]}" on Nodes = "hannvzdlrasvr01,hannvzdlrasvr02"]
PRVG-2027 : Owner of file "/u01/app/19.0.0.0/grid/lib/libntwss19.a" is inconsistent across nodes. [Found = "{oracle=[hannvzdlrasvr01], root=[hannvzdlrasvr02]}" on Nodes = "hannvzdlrasvr01,hannvzdlrasvr02"]
PRVG-2027 : Owner of file "/u01/app/19.0.0.0/grid/lib/libntns19.a" is inconsistent across nodes. [Found = "{oracle=[hannvzdlrasvr01], root=[hannvzdlrasvr02]}" on Nodes = "hannvzdlrasvr01,hannvzdlrasvr02"]

2024-12-07 12:33:38.010 [CVUD(61254)]CRS-10051: CVU found following errors with Clusterware setup : PRVG-2027 : Owner of file "/u01/app/19.0.0.0/grid/lib/clntsh.map" is inconsistent across nodes. [Found = "{oracle=[hannvzdlrasvr01], root=[hannvzdlrasvr02]}" on Nodes = "hannvzdlrasvr01,hannvzdlrasvr02"]
PRVG-2027 : Owner of file "/u01/app/19.0.0.0/grid/lib/naedhs.o" is inconsistent across nodes. [Found = "{oracle=[hannvzdlrasvr01], root=[hannvzdlrasvr02]}" on Nodes = "hannvzdlrasvr01,hannvzdlrasvr02"]
PRVG-2027 : Owner of file "/u01/app/19.0.0.0/grid/lib/libnro19.a" is inconsistent across nodes. [Found = "{oracle=[hannvzdlrasvr01], root=[hannvzdlrasvr02]}" on Nodes = "hannvzdlrasvr01,hannvzdlrasvr02"]

2024-12-07 12:33:38.010 [CVUD(61254)]CRS-10051: CVU found following errors with Clusterware setup : PRVG-2027 : Owner of file "/u01/app/19.0.0.0/grid/lib/libngsmshd19.a" is inconsistent across nodes. [Found = "{oracle=[hannvzdlrasvr01], root=[hannvzdlrasvr02]}" on Nodes = "hannvzdlrasvr01,hannvzdlrasvr02"]
PRVG-2027 : Owner of file "/u01/app/19.0.0.0/grid/lib/libnzjs19.a" is inconsistent across nodes. [Found = "{oracle=[hannvzdlrasvr01], root=[hannvzdlrasvr02]}" on Nodes = "hannvzdlrasvr01,hannvzdlrasvr02"]
PRVG-2027 : Owner of file "/u01/app/19.0.0.0/grid/lib/libnbeq19.a" is inconsistent across nodes. [Found = "{oracle=[hannvzdlrasvr01], root=[hannvzdlrasvr02]}" on Nodes = "hannvzdlrasvr01,hannvzdlrasvr02"]

2024-12-07 12:33:38.010 [CVUD(61254)]CRS-10051: CVU found following errors with Clusterware setup : PRVG-2027 : Owner of file "/u01/app/19.0.0.0/grid/lib/libnhost19.a" is inconsistent across nodes. [Found = "{oracle=[hannvzdlrasvr01], root=[hannvzdlrasvr02]}" on Nodes = "hannvzdlrasvr01,hannvzdlrasvr02"]
PRVG-2027 : Owner of file "/u01/app/19.0.0.0/grid/lib/ldflags" is inconsistent across nodes. [Found = "{oracle=[hannvzdlrasvr01], root=[hannvzdlrasvr02]}" on Nodes = "hannvzdlrasvr01,hannvzdlrasvr02"]
PRVG-2027 : Owner of file "/u01/app/19.0.0.0/grid/lib/libn19.a" is inconsistent across nodes. [Found = "{oracle=[hannvzdlrasvr01], root=[hannvzdlrasvr02]}" on Nodes = "hannvzdlrasvr01,hannvzdlrasvr02"]

2024-12-07 12:33:38.011 [CVUD(61254)]CRS-10051: CVU found following errors with Clusterware setup : PRVG-2027 : Owner of file "/u01/app/19.0.0.0/grid/lib/nnfgt.o" is inconsistent across nodes. [Found = "{oracle=[hannvzdlrasvr01], root=[hannvzdlrasvr02]}" on Nodes = "hannvzdlrasvr01,hannvzdlrasvr02"]
PRVG-2027 : Owner of file "/u01/app/19.0.0.0/grid/lib/libnoname19.a" is inconsistent across nodes. [Found = "{oracle=[hannvzdlrasvr01], root=[hannvzdlrasvr02]}" on Nodes = "hannvzdlrasvr01,hannvzdlrasvr02"]
PRVG-2027 : Owner of file "/u01/app/19.0.0.0/grid/lib/libnus19.a" is inconsistent across nodes. [Found = "{oracle=[hannvzdlrasvr01], root=[hannvzdlrasvr02]}" on Nodes = "hannvzdlrasvr01,hannvzdlrasvr02"]

2024-12-07 12:33:38.011 [CVUD(61254)]CRS-10051: CVU found following errors with Clusterware setup : PRVG-2027 : Owner of file "/u01/app/19.0.0.0/grid/lib/libntcp19.a" is inconsistent across nodes. [Found = "{oracle=[hannvzdlrasvr01], root=[hannvzdlrasvr02]}" on Nodes = "hannvzdlrasvr01,hannvzdlrasvr02"]
PRVG-2027 : Owner of file "/u01/app/19.0.0.0/grid/lib/ntcontab.o" is inconsistent across nodes. [Found = "{oracle=[hannvzdlrasvr01], root=[hannvzdlrasvr02]}" on Nodes = "hannvzdlrasvr01,hannvzdlrasvr02"]
PRVG-2027 : Owner of file "/u01/app/19.0.0.0/grid/lib/libncrypt19.a" is inconsistent across nodes. [Found = "{oracle=[hannvzdlrasvr01], root=[hannvzdlrasvr02]}" on Nodes = "hannvzdlrasvr01,hannvzdlrasvr02"]

2024-12-07 12:33:38.011 [CVUD(61254)]CRS-10051: CVU found following errors with Clusterware setup : PRVG-2027 : Owner of file "/u01/app/19.0.0.0/grid/lib/libnl19.a" is inconsistent across nodes. [Found = "{oracle=[hannvzdlrasvr01], root=[hannvzdlrasvr02]}" on Nodes = "hannvzdlrasvr01,hannvzdlrasvr02"]
PRVG-2027 : Owner of file "/u01/app/19.0.0.0/grid/lib/libnsgr19.a" is inconsistent across nodes. [Found = "{oracle=[hannvzdlrasvr01], root=[hannvzdlrasvr02]}" on Nodes = "hannvzdlrasvr01,hannvzdlrasvr02"]
PRVG-2027 : Owner of file "/u01/app/19.0.0.0/grid/bin/tnsping" is inconsistent across nodes. [Found = "{oracle=[hannvzdlrasvr01], root=[hannvzdlrasvr02]}" on Nodes = "hannvzdlrasvr01,hannvzdlrasvr02"]

2024-12-07 12:33:38.011 [CVUD(61254)]CRS-10051: CVU found following errors with Clusterware setup : PRVG-2027 : Owner of file "/u01/app/19.0.0.0/grid/bin/echodo" is inconsistent across nodes. [Found = "{oracle=[hannvzdlrasvr01], root=[hannvzdlrasvr02]}" on Nodes = "hannvzdlrasvr01,hannvzdlrasvr02"]
PRVG-2027 : Owner of file "/u01/app/19.0.0.0/grid/bin/gennfgt" is inconsistent across nodes. [Found = "{oracle=[hannvzdlrasvr01], root=[hannvzdlrasvr02]}" on Nodes = "hannvzdlrasvr01,hannvzdlrasvr02"]
PRVG-2027 : Owner of file "/u01/app/19.0.0.0/grid/bin/gennttab" is inconsistent across nodes. [Found = "{oracle=[hannvzdlrasvr01], root=[hannvzdlrasvr02]}" on Nodes = "hannvzdlrasvr01,hannvzdlrasvr02"]

2024-12-07 12:33:38.011 [CVUD(61254)]CRS-10051: CVU found following errors with Clusterware setup : PRVG-2027 : Owner of file "/u01/app/19.0.0.0/grid/lib/libntmq19.a" is inconsistent across nodes. [Found = "{oracle=[hannvzdlrasvr01], root=[hannvzdlrasvr02]}" on Nodes = "hannvzdlrasvr01,hannvzdlrasvr02"]
PRVG-2027 : Owner of file "/u01/app/19.0.0.0/grid/lib/libnque19.so" is inconsistent across nodes. [Found = "{oracle=[hannvzdlrasvr01], root=[hannvzdlrasvr02]}" on Nodes = "hannvzdlrasvr01,hannvzdlrasvr02"]
PRVG-2027 : Owner of file "/u01/app/19.0.0.0/grid/lib/libnldap19.a" is inconsistent across nodes. [Found = "{oracle=[hannvzdlrasvr01], root=[hannvzdlrasvr02]}" on Nodes = "hannvzdlrasvr01,hannvzdlrasvr02"]

2024-12-07 12:33:38.011 [CVUD(61254)]CRS-10051: CVU found following errors with Clusterware setup : PRVG-2027 : Owner of file "/u01/app/19.0.0.0/grid/lib/libnjni19.so" is inconsistent across nodes. [Found = "{oracle=[hannvzdlrasvr01], root=[hannvzdlrasvr02]}" on Nodes = "hannvzdlrasvr01,hannvzdlrasvr02"]
PRVG-2027 : Owner of file "/u01/app/19.0.0.0/grid/lib/libntcpaio19.so" is inconsistent across nodes. [Found = "{oracle=[hannvzdlrasvr01], root=[hannvzdlrasvr02]}" on Nodes = "hannvzdlrasvr01,hannvzdlrasvr02"]
PRVG-2027 : Owner of file "/u01/app/19.0.0.0/grid/lib/libnls19.a" is inconsistent across nodes. [Found = "{oracle=[hannvzdlrasvr01], root=[hannvzdlrasvr02]}" on Nodes = "hannvzdlrasvr01,hannvzdlrasvr02"]

2024-12-07 12:33:38.011 [CVUD(61254)]CRS-10051: CVU found following errors with Clusterware setup : PRVG-2027 : Owner of file "/u01/app/19.0.0.0/grid/lib/libsnls19.a" is inconsistent across nodes. [Found = "{oracle=[hannvzdlrasvr01], root=[hannvzdlrasvr02]}" on Nodes = "hannvzdlrasvr01,hannvzdlrasvr02"]
PRVG-2027 : Owner of file "/u01/app/19.0.0.0/grid/lib/liblxled.a" is inconsistent across nodes. [Found = "{oracle=[hannvzdlrasvr01], root=[hannvzdlrasvr02]}" on Nodes = "hannvzdlrasvr01,hannvzdlrasvr02"]
PRVG-2027 : Owner of file "/u01/app/19.0.0.0/grid/lib/libunls19.a" is inconsistent across nodes. [Found = "{oracle=[hannvzdlrasvr01], root=[hannvzdlrasvr02]}" on Nodes = "hannvzdlrasvr01,hannvzdlrasvr02"]

2024-12-07 12:33:38.011 [CVUD(61254)]CRS-10051: CVU found following errors with Clusterware setup : PRVG-2027 : Owner of file "/u01/app/19.0.0.0/grid/bin/lxinst" is inconsistent across nodes. [Found = "{oracle=[hannvzdlrasvr01], root=[hannvzdlrasvr02]}" on Nodes = "hannvzdlrasvr01,hannvzdlrasvr02"]
PRVG-2027 : Owner of file "/u01/app/19.0.0.0/grid/bin/lcsscan" is inconsistent across nodes. [Found = "{oracle=[hannvzdlrasvr01], root=[hannvzdlrasvr02]}" on Nodes = "hannvzdlrasvr01,hannvzdlrasvr02"]
PRVG-2027 : Owner of file "/u01/app/19.0.0.0/grid/bin/lmsgen" is inconsistent across nodes. [Found = "{oracle=[hannvzdlrasvr01], root=[hannvzdlrasvr02]}" on Nodes = "hannvzdlrasvr01,hannvzdlrasvr02"]

2024-12-07 12:33:38.011 [CVUD(61254)]CRS-10051: CVU found following errors with Clusterware setup : PRVG-2027 : Owner of file "/u01/app/19.0.0.0/grid/bin/lxegen" is inconsistent across nodes. [Found = "{oracle=[hannvzdlrasvr01], root=[hannvzdlrasvr02]}" on Nodes = "hannvzdlrasvr01,hannvzdlrasvr02"]
PRVG-2027 : Owner of file "/u01/app/19.0.0.0/grid/bin/lxchknlb" is inconsistent across nodes. [Found = "{oracle=[hannvzdlrasvr01], root=[hannvzdlrasvr02]}" on Nodes = "hannvzdlrasvr01,hannvzdlrasvr02"]
PRVG-2027 : Owner of file "/u01/app/19.0.0.0/grid/lib/s0main.o" is inconsistent across nodes. [Found = "{oracle=[hannvzdlrasvr01], root=[hannvzdlrasvr02]}" on Nodes = "hannvzdlrasvr01,hannvzdlrasvr02"]

2024-12-07 12:33:38.011 [CVUD(61254)]CRS-10051: CVU found following errors with Clusterware setup : PRVG-2027 : Owner of file "/u01/app/19.0.0.0/grid/lib/sscoreed.o" is inconsistent across nodes. [Found = "{oracle=[hannvzdlrasvr01], root=[hannvzdlrasvr02]}" on Nodes = "hannvzdlrasvr01,hannvzdlrasvr02"]
PRVG-2027 : Owner of file "/u01/app/19.0.0.0/grid/lib/libcorejava.so" is inconsistent across nodes. [Found = "{oracle=[hannvzdlrasvr01], root=[hannvzdlrasvr02]}" on Nodes = "hannvzdlrasvr01,hannvzdlrasvr02"]
PRVG-2027 : Owner of file "/u01/app/19.0.0.0/grid/lib/liboralz4.a" is inconsistent across nodes. [Found = "{oracle=[hannvzdlrasvr01], root=[hannvzdlrasvr02]}" on Nodes = "hannvzdlrasvr01,hannvzdlrasvr02"]

2024-12-07 12:33:38.011 [CVUD(61254)]CRS-10051: CVU found following errors with Clusterware setup : PRVG-2027 : Owner of file "/u01/app/19.0.0.0/grid/lib/liborazstd.a" is inconsistent across nodes. [Found = "{oracle=[hannvzdlrasvr01], root=[hannvzdlrasvr02]}" on Nodes = "hannvzdlrasvr01,hannvzdlrasvr02"]
PRVG-2027 : Owner of file "/u01/app/19.0.0.0/grid/lib/liborazip.a" is inconsistent across nodes. [Found = "{oracle=[hannvzdlrasvr01], root=[hannvzdlrasvr02]}" on Nodes = "hannvzdlrasvr01,hannvzdlrasvr02"]
PRVG-2027 : Owner of file "/u01/app/19.0.0.0/grid/lib/libcore19.a" is inconsistent across nodes. [Found = "{oracle=[hannvzdlrasvr01], root=[hannvzdlrasvr02]}" on Nodes = "hannvzdlrasvr01,hannvzdlrasvr02"]

2024-12-07 12:33:38.011 [CVUD(61254)]CRS-10051: CVU found following errors with Clusterware setup : PRVG-2027 : Owner of file "/u01/app/19.0.0.0/grid/lib/libcorejava.a" is inconsistent across nodes. [Found = "{oracle=[hannvzdlrasvr01], root=[hannvzdlrasvr02]}" on Nodes = "hannvzdlrasvr01,hannvzdlrasvr02"]
PRVG-2027 : Owner of file "/u01/app/19.0.0.0/grid/lib/scorept.o" is inconsistent across nodes. [Found = "{oracle=[hannvzdlrasvr01], root=[hannvzdlrasvr02]}" on Nodes = "hannvzdlrasvr01,hannvzdlrasvr02"]
PRVG-2027 : Owner of file "/u01/app/19.0.0.0/grid/bin/oerr.pl" is inconsistent across nodes. [Found = "{oracle=[hannvzdlrasvr01], root=[hannvzdlrasvr02]}" on Nodes = "hannvzdlrasvr01,hannvzdlrasvr02"]

2024-12-07 12:33:38.012 [CVUD(61254)]CRS-10051: CVU found following errors with Clusterware setup : PRVG-2027 : Owner of file "/u01/app/19.0.0.0/grid/bin/gensyslib" is inconsistent across nodes. [Found = "{oracle=[hannvzdlrasvr01], root=[hannvzdlrasvr02]}" on Nodes = "hannvzdlrasvr01,hannvzdlrasvr02"]
PRVG-2027 : Owner of file "/u01/app/19.0.0.0/grid/bin/oerr" is inconsistent across nodes. [Found = "{oracle=[hannvzdlrasvr01], root=[hannvzdlrasvr02]}" on Nodes = "hannvzdlrasvr01,hannvzdlrasvr02"]
PRVG-2027 : Owner of file "/u01/app/19.0.0.0/grid/bin/linkshlib" is inconsistent across nodes. [Found = "{oracle=[hannvzdlrasvr01], root=[hannvzdlrasvr02]}" on Nodes = "hannvzdlrasvr01,hannvzdlrasvr02"]

2024-12-07 12:33:38.012 [CVUD(61254)]CRS-10051: CVU found following errors with Clusterware setup : PRVG-2027 : Owner of file "/u01/app/19.0.0.0/grid/bin/zip" is inconsistent across nodes. [Found = "{oracle=[hannvzdlrasvr01], root=[hannvzdlrasvr02]}" on Nodes = "hannvzdlrasvr01,hannvzdlrasvr02"]
PRVG-2027 : Owner of file "/u01/app/19.0.0.0/grid/bin/genorasdksh" is inconsistent across nodes. [Found = "{oracle=[hannvzdlrasvr01], root=[hannvzdlrasvr02]}" on Nodes = "hannvzdlrasvr01,hannvzdlrasvr02"]
PRVG-2027 : Owner of file "/u01/app/19.0.0.0/grid/bin/orald" is inconsistent across nodes. [Found = "{oracle=[hannvzdlrasvr01], root=[hannvzdlrasvr02]}" on Nodes = "hannvzdlrasvr01,hannvzdlrasvr02"]

2024-12-07 12:33:38.012 [CVUD(61254)]CRS-10051: CVU found following errors with Clusterware setup : PRVG-2027 : Owner of file "/u01/app/19.0.0.0/grid/lib/crtend.o" is inconsistent across nodes. [Found = "{oracle=[hannvzdlrasvr01], root=[hannvzdlrasvr02]}" on Nodes = "hannvzdlrasvr01,hannvzdlrasvr02"]
PRVG-2027 : Owner of file "/u01/app/19.0.0.0/grid/lib/libirc.a" is inconsistent across nodes. [Found = "{oracle=[hannvzdlrasvr01], root=[hannvzdlrasvr02]}" on Nodes = "hannvzdlrasvr01,hannvzdlrasvr02"]
PRVG-2027 : Owner of file "/u01/app/19.0.0.0/grid/lib/libimf.a" is inconsistent across nodes. [Found = "{oracle=[hannvzdlrasvr01], root=[hannvzdlrasvr02]}" on Nodes = "hannvzdlrasvr01,hannvzdlrasvr02"]

2024-12-07 12:33:38.012 [CVUD(61254)]CRS-10051: CVU found following errors with Clusterware setup : PRVG-2027 : Owner of file "/u01/app/19.0.0.0/grid/lib/libintlc.so.5" is inconsistent across nodes. [Found = "{oracle=[hannvzdlrasvr01], root=[hannvzdlrasvr02]}" on Nodes = "hannvzdlrasvr01,hannvzdlrasvr02"]
PRVG-2027 : Owner of file "/u01/app/19.0.0.0/grid/lib/libsvml.a" is inconsistent across nodes. [Found = "{oracle=[hannvzdlrasvr01], root=[hannvzdlrasvr02]}" on Nodes = "hannvzdlrasvr01,hannvzdlrasvr02"]
PRVG-2027 : Owner of file "/u01/app/19.0.0.0/grid/lib/libirng.a" is inconsistent across nodes. [Found = "{oracle=[hannvzdlrasvr01], root=[hannvzdlrasvr02]}" on Nodes = "hannvzdlrasvr01,hannvzdlrasvr02"]

2024-12-07 12:33:38.012 [CVUD(61254)]CRS-10051: CVU found following errors with Clusterware setup : PRVG-2027 : Owner of file "/u01/app/19.0.0.0/grid/lib/crtbegin.o" is inconsistent across nodes. [Found = "{oracle=[hannvzdlrasvr01], root=[hannvzdlrasvr02]}" on Nodes = "hannvzdlrasvr01,hannvzdlrasvr02"]
PRVG-2027 : Owner of file "/u01/app/19.0.0.0/grid/lib/stubs/libXext.so" is inconsistent across nodes. [Found = "{oracle=[hannvzdlrasvr01], root=[hannvzdlrasvr02]}" on Nodes = "hannvzdlrasvr01,hannvzdlrasvr02"]
PRVG-2027 : Owner of file "/u01/app/19.0.0.0/grid/lib/stubs/libXm.so.4" is inconsistent across nodes. [Found = "{oracle=[hannvzdlrasvr01], root=[hannvzdlrasvr02]}" on Nodes = "hannvzdlrasvr01,hannvzdlrasvr02"]

2024-12-07 12:33:38.012 [CVUD(61254)]CRS-10051: CVU found following errors with Clusterware setup : PRVG-2027 : Owner of file "/u01/app/19.0.0.0/grid/lib/stubs/libaio-2.17.0-stub.so" is inconsistent across nodes. [Found = "{oracle=[hannvzdlrasvr01], root=[hannvzdlrasvr02]}" on Nodes = "hannvzdlrasvr01,hannvzdlrasvr02"]
PRVG-2027 : Owner of file "/u01/app/19.0.0.0/grid/lib/stubs/libXpm.so" is inconsistent across nodes. [Found = "{oracle=[hannvzdlrasvr01], root=[hannvzdlrasvr02]}" on Nodes = "hannvzdlrasvr01,hannvzdlrasvr02"]
PRVG-2027 : Owner of file "/u01/app/19.0.0.0/grid/lib/stubs/libext2fs-2.17.0-stub.so" is inconsistent across nodes. [Found = "{oracle=[hannvzdlrasvr01], root=[hannvzdlrasvr02]}" on Nodes = "hannvzdlrasvr01,hannvzdlrasvr02"]

2024-12-07 12:33:38.012 [CVUD(61254)]CRS-10051: CVU found following errors with Clusterware setup : PRVG-2027 : Owner of file "/u01/app/19.0.0.0/grid/lib/stubs/libdl.so" is inconsistent across nodes. [Found = "{oracle=[hannvzdlrasvr01], root=[hannvzdlrasvr02]}" on Nodes = "hannvzdlrasvr01,hannvzdlrasvr02"]
PRVG-2027 : Owner of file "/u01/app/19.0.0.0/grid/lib/stubs/libXm.so" is inconsistent across nodes. [Found = "{oracle=[hannvzdlrasvr01], root=[hannvzdlrasvr02]}" on Nodes = "hannvzdlrasvr01,hannvzdlrasvr02"]
PRVG-2027 : Owner of file "/u01/app/19.0.0.0/grid/lib/stubs/libcom_err.so.2" is inconsistent across nodes. [Found = "{oracle=[hannvzdlrasvr01], root=[hannvzdlrasvr02]}" on Nodes = "hannvzdlrasvr01,hannvzdlrasvr02"]

2024-12-07 12:33:38.012 [CVUD(61254)]CRS-10051: CVU found following errors with Clusterware setup : PRVG-2027 : Owner of file "/u01/app/19.0.0.0/grid/lib/stubs/librt.so.1" is inconsistent across nodes. [Found = "{oracle=[hannvzdlrasvr01], root=[hannvzdlrasvr02]}" on Nodes = "hannvzdlrasvr01,hannvzdlrasvr02"]
PRVG-2027 : Owner of file "/u01/app/19.0.0.0/grid/lib/stubs/libSM.so.6" is inconsistent across nodes. [Found = "{oracle=[hannvzdlrasvr01], root=[hannvzdlrasvr02]}" on Nodes = "hannvzdlrasvr01,hannvzdlrasvr02"]
PRVG-2027 : Owner of file "/u01/app/19.0.0.0/grid/lib/stubs/libm.so.6" is inconsistent across nodes. [Found = "{oracle=[hannvzdlrasvr01], root=[hannvzdlrasvr02]}" on Nodes = "hannvzdlrasvr01,hannvzdlrasvr02"]

2024-12-07 12:33:38.012 [CVUD(61254)]CRS-10051: CVU found following errors with Clusterware setup : PRVG-2027 : Owner of file "/u01/app/19.0.0.0/grid/lib/stubs/libcom_err.so" is inconsistent across nodes. [Found = "{oracle=[hannvzdlrasvr01], root=[hannvzdlrasvr02]}" on Nodes = "hannvzdlrasvr01,hannvzdlrasvr02"]
PRVG-2027 : Owner of file "/u01/app/19.0.0.0/grid/lib/stubs/libcrypto-2.17.0-stub.so" is inconsistent across nodes. [Found = "{oracle=[hannvzdlrasvr01], root=[hannvzdlrasvr02]}" on Nodes = "hannvzdlrasvr01,hannvzdlrasvr02"]
PRVG-2027 : Owner of file "/u01/app/19.0.0.0/grid/lib/stubs/libutil.so.1" is inconsistent across nodes. [Found = "{oracle=[hannvzdlrasvr01], root=[hannvzdlrasvr02]}" on Nodes = "hannvzdlrasvr01,hannvzdlrasvr02"]

2024-12-07 12:33:38.012 [CVUD(61254)]CRS-10051: CVU found following errors with Clusterware setup : PRVG-2027 : Owner of file "/u01/app/19.0.0.0/grid/lib/stubs/libXm-2.17.0-stub.so" is inconsistent across nodes. [Found = "{oracle=[hannvzdlrasvr01], root=[hannvzdlrasvr02]}" on Nodes = "hannvzdlrasvr01,hannvzdlrasvr02"]
PRVG-2027 : Owner of file "/u01/app/19.0.0.0/grid/lib/stubs/libstdc++-2.17.0-stub.so" is inconsistent across nodes. [Found = "{oracle=[hannvzdlrasvr01], root=[hannvzdlrasvr02]}" on Nodes = "hannvzdlrasvr01,hannvzdlrasvr02"]
PRVG-2027 : Owner of file "/u01/app/19.0.0.0/grid/lib/stubs/librdmacm.so.1" is inconsistent across nodes. [Found = "{oracle=[hannvzdlrasvr01], root=[hannvzdlrasvr02]}" on Nodes = "hannvzdlrasvr01,hannvzdlrasvr02"]

2024-12-07 12:33:38.012 [CVUD(61254)]CRS-10051: CVU found following errors with Clusterware setup : PRVG-2027 : Owner of file "/u01/app/19.0.0.0/grid/lib/stubs/libnuma.so" is inconsistent across nodes. [Found = "{oracle=[hannvzdlrasvr01], root=[hannvzdlrasvr02]}" on Nodes = "hannvzdlrasvr01,hannvzdlrasvr02"]
PRVG-2027 : Owner of file "/u01/app/19.0.0.0/grid/lib/stubs/libibverbs.so" is inconsistent across nodes. [Found = "{oracle=[hannvzdlrasvr01], root=[hannvzdlrasvr02]}" on Nodes = "hannvzdlrasvr01,hannvzdlrasvr02"]
PRVG-2027 : Owner of file "/u01/app/19.0.0.0/grid/lib/stubs/libX11.so.6" is inconsistent across nodes. [Found = "{oracle=[hannvzdlrasvr01], root=[hannvzdlrasvr02]}" on Nodes = "hannvzdlrasvr01,hannvzdlrasvr02"]

2024-12-07 12:33:38.012 [CVUD(61254)]CRS-10051: CVU found following errors with Clusterware setup : PRVG-2027 : Owner of file "/u01/app/19.0.0.0/grid/lib/stubs/libXt-2.17.0-stub.so" is inconsistent across nodes. [Found = "{oracle=[hannvzdlrasvr01], root=[hannvzdlrasvr02]}" on Nodes = "hannvzdlrasvr01,hannvzdlrasvr02"]
PRVG-2027 : Owner of file "/u01/app/19.0.0.0/grid/lib/stubs/libcrypt.so" is inconsistent across nodes. [Found = "{oracle=[hannvzdlrasvr01], root=[hannvzdlrasvr02]}" on Nodes = "hannvzdlrasvr01,hannvzdlrasvr02"]
PRVG-2027 : Owner of file "/u01/app/19.0.0.0/grid/lib/stubs/libcom_err-2.17.0-stub.so" is inconsistent across nodes. [Found = "{oracle=[hannvzdlrasvr01], root=[hannvzdlrasvr02]}" on Nodes = "hannvzdlrasvr01,hannvzdlrasvr02"]

2024-12-07 12:33:38.013 [CVUD(61254)]CRS-10051: CVU found following errors with Clusterware setup : PRVG-2027 : Owner of file "/u01/app/19.0.0.0/grid/lib/stubs/libgcc_s-2.17.0-stub.so" is inconsistent across nodes. [Found = "{oracle=[hannvzdlrasvr01], root=[hannvzdlrasvr02]}" on Nodes = "hannvzdlrasvr01,hannvzdlrasvr02"]
PRVG-2027 : Owner of file "/u01/app/19.0.0.0/grid/lib/stubs/libresolv-2.17.0-stub.so" is inconsistent across nodes. [Found = "{oracle=[hannvzdlrasvr01], root=[hannvzdlrasvr02]}" on Nodes = "hannvzdlrasvr01,hannvzdlrasvr02"]
PRVG-2027 : Owner of file "/u01/app/19.0.0.0/grid/lib/stubs/libz-2.17.0-stub.so" is inconsistent across nodes. [Found = "{oracle=[hannvzdlrasvr01], root=[hannvzdlrasvr02]}" on Nodes = "hannvzdlrasvr01,hannvzdlrasvr02"]

2024-12-07 12:33:38.013 [CVUD(61254)]CRS-10051: CVU found following errors with Clusterware setup : PRVG-2027 : Owner of file "/u01/app/19.0.0.0/grid/lib/stubs/libutil.so" is inconsistent across nodes. [Found = "{oracle=[hannvzdlrasvr01], root=[hannvzdlrasvr02]}" on Nodes = "hannvzdlrasvr01,hannvzdlrasvr02"]
PRVG-2027 : Owner of file "/u01/app/19.0.0.0/grid/lib/stubs/libm.so" is inconsistent across nodes. [Found = "{oracle=[hannvzdlrasvr01], root=[hannvzdlrasvr02]}" on Nodes = "hannvzdlrasvr01,hannvzdlrasvr02"]
PRVG-2027 : Owner of file "/u01/app/19.0.0.0/grid/lib/stubs/libz.so" is inconsistent across nodes. [Found = "{oracle=[hannvzdlrasvr01], root=[hannvzdlrasvr02]}" on Nodes = "hannvzdlrasvr01,hannvzdlrasvr02"]

2024-12-07 12:33:38.013 [CVUD(61254)]CRS-10051: CVU found following errors with Clusterware setup : PRVG-2027 : Owner of file "/u01/app/19.0.0.0/grid/lib/stubs/libstdc++.so.6" is inconsistent across nodes. [Found = "{oracle=[hannvzdlrasvr01], root=[hannvzdlrasvr02]}" on Nodes = "hannvzdlrasvr01,hannvzdlrasvr02"]
PRVG-2027 : Owner of file "/u01/app/19.0.0.0/grid/lib/stubs/libaio.so.1" is inconsistent across nodes. [Found = "{oracle=[hannvzdlrasvr01], root=[hannvzdlrasvr02]}" on Nodes = "hannvzdlrasvr01,hannvzdlrasvr02"]
PRVG-2027 : Owner of file "/u01/app/19.0.0.0/grid/lib/stubs/libXtst.so.6" is inconsistent across nodes. [Found = "{oracle=[hannvzdlrasvr01], root=[hannvzdlrasvr02]}" on Nodes = "hannvzdlrasvr01,hannvzdlrasvr02"]

2024-12-07 12:33:38.013 [CVUD(61254)]CRS-10051: CVU found following errors with Clusterware setup : PRVG-2027 : Owner of file "/u01/app/19.0.0.0/grid/lib/stubs/libBrokenLocale.so.1" is inconsistent across nodes. [Found = "{oracle=[hannvzdlrasvr01], root=[hannvzdlrasvr02]}" on Nodes = "hannvzdlrasvr01,hannvzdlrasvr02"]
PRVG-2027 : Owner of file "/u01/app/19.0.0.0/grid/lib/stubs/libc-2.17.0-stub.so" is inconsistent across nodes. [Found = "{oracle=[hannvzdlrasvr01], root=[hannvzdlrasvr02]}" on Nodes = "hannvzdlrasvr01,hannvzdlrasvr02"]
PRVG-2027 : Owner of file "/u01/app/19.0.0.0/grid/lib/stubs/librt.so" is inconsistent across nodes. [Found = "{oracle=[hannvzdlrasvr01], root=[hannvzdlrasvr02]}" on Nodes = "hannvzdlrasvr01,hannvzdlrasvr02"]

2024-12-07 12:33:38.013 [CVUD(61254)]CRS-10051: CVU found following errors with Clusterware setup : PRVG-2027 : Owner of file "/u01/app/19.0.0.0/grid/lib/stubs/libibverbs.so.1" is inconsistent across nodes. [Found = "{oracle=[hannvzdlrasvr01], root=[hannvzdlrasvr02]}" on Nodes = "hannvzdlrasvr01,hannvzdlrasvr02"]
PRVG-2027 : Owner of file "/u01/app/19.0.0.0/grid/lib/stubs/libXmu-2.17.0-stub.so" is inconsistent across nodes. [Found = "{oracle=[hannvzdlrasvr01], root=[hannvzdlrasvr02]}" on Nodes = "hannvzdlrasvr01,hannvzdlrasvr02"]
PRVG-2027 : Owner of file "/u01/app/19.0.0.0/grid/lib/stubs/libXaw.so" is inconsistent across nodes. [Found = "{oracle=[hannvzdlrasvr01], root=[hannvzdlrasvr02]}" on Nodes = "hannvzdlrasvr01,hannvzdlrasvr02"]

2024-12-07 12:33:38.013 [CVUD(61254)]CRS-10051: CVU found following errors with Clusterware setup : PRVG-2027 : Owner of file "/u01/app/19.0.0.0/grid/lib/stubs/stubs.tar" is inconsistent across nodes. [Found = "{oracle=[hannvzdlrasvr01], root=[hannvzdlrasvr02]}" on Nodes = "hannvzdlrasvr01,hannvzdlrasvr02"]
PRVG-2027 : Owner of file "/u01/app/19.0.0.0/grid/lib/stubs/libm-2.17.0-stub.so" is inconsistent across nodes. [Found = "{oracle=[hannvzdlrasvr01], root=[hannvzdlrasvr02]}" on Nodes = "hannvzdlrasvr01,hannvzdlrasvr02"]
PRVG-2027 : Owner of file "/u01/app/19.0.0.0/grid/lib/stubs/libXaw-2.17.0-stub.so" is inconsistent across nodes. [Found = "{oracle=[hannvzdlrasvr01], root=[hannvzdlrasvr02]}" on Nodes = "hannvzdlrasvr01,hannvzdlrasvr02"]

2024-12-07 12:33:38.013 [CVUD(61254)]CRS-10051: CVU found following errors with Clusterware setup : PRVG-2027 : Owner of file "/u01/app/19.0.0.0/grid/lib/stubs/libssl.so" is inconsistent across nodes. [Found = "{oracle=[hannvzdlrasvr01], root=[hannvzdlrasvr02]}" on Nodes = "hannvzdlrasvr01,hannvzdlrasvr02"]
PRVG-2027 : Owner of file "/u01/app/19.0.0.0/grid/lib/stubs/libgcc_s.so" is inconsistent across nodes. [Found = "{oracle=[hannvzdlrasvr01], root=[hannvzdlrasvr02]}" on Nodes = "hannvzdlrasvr01,hannvzdlrasvr02"]
PRVG-2027 : Owner of file "/u01/app/19.0.0.0/grid/lib/stubs/libX11.so" is inconsistent across nodes. [Found = "{oracle=[hannvzdlrasvr01], root=[hannvzdlrasvr02]}" on Nodes = "hannvzdlrasvr01,hannvzdlrasvr02"]

2024-12-07 12:33:38.013 [CVUD(61254)]CRS-10051: CVU found following errors with Clusterware setup : PRVG-2027 : Owner of file "/u01/app/19.0.0.0/grid/lib/stubs/libXi.so" is inconsistent across nodes. [Found = "{oracle=[hannvzdlrasvr01], root=[hannvzdlrasvr02]}" on Nodes = "hannvzdlrasvr01,hannvzdlrasvr02"]
PRVG-2027 : Owner of file "/u01/app/19.0.0.0/grid/lib/stubs/libdl.so.2" is inconsistent across nodes. [Found = "{oracle=[hannvzdlrasvr01], root=[hannvzdlrasvr02]}" on Nodes = "hannvzdlrasvr01,hannvzdlrasvr02"]
PRVG-2027 : Owner of file "/u01/app/19.0.0.0/grid/lib/stubs/libnsl.so" is inconsistent across nodes. [Found = "{oracle=[hannvzdlrasvr01], root=[hannvzdlrasvr02]}" on Nodes = "hannvzdlrasvr01,hannvzdlrasvr02"]

2024-12-07 12:33:38.013 [CVUD(61254)]CRS-10051: CVU found following errors with Clusterware setup : PRVG-2027 : Owner of file "/u01/app/19.0.0.0/grid/lib/stubs/libpthread-2.17.0-stub.so" is inconsistent across nodes. [Found = "{oracle=[hannvzdlrasvr01], root=[hannvzdlrasvr02]}" on Nodes = "hannvzdlrasvr01,hannvzdlrasvr02"]
PRVG-2027 : Owner of file "/u01/app/19.0.0.0/grid/lib/stubs/libuuid-2.17.0-stub.so" is inconsistent across nodes. [Found = "{oracle=[hannvzdlrasvr01], root=[hannvzdlrasvr02]}" on Nodes = "hannvzdlrasvr01,hannvzdlrasvr02"]
PRVG-2027 : Owner of file "/u01/app/19.0.0.0/grid/lib/stubs/libnsl.so.1" is inconsistent across nodes. [Found = "{oracle=[hannvzdlrasvr01], root=[hannvzdlrasvr02]}" on Nodes = "hannvzdlrasvr01,hannvzdlrasvr02"]

2024-12-07 12:33:38.013 [CVUD(61254)]CRS-10051: CVU found following errors with Clusterware setup : PRVG-2027 : Owner of file "/u01/app/19.0.0.0/grid/lib/stubs/libaio.so" is inconsistent across nodes. [Found = "{oracle=[hannvzdlrasvr01], root=[hannvzdlrasvr02]}" on Nodes = "hannvzdlrasvr01,hannvzdlrasvr02"]
PRVG-2027 : Owner of file "/u01/app/19.0.0.0/grid/lib/stubs/ld-linux-2.17.0-stub.so" is inconsistent across nodes. [Found = "{oracle=[hannvzdlrasvr01], root=[hannvzdlrasvr02]}" on Nodes = "hannvzdlrasvr01,hannvzdlrasvr02"]
PRVG-2027 : Owner of file "/u01/app/19.0.0.0/grid/lib/stubs/libXtst.so" is inconsistent across nodes. [Found = "{oracle=[hannvzdlrasvr01], root=[hannvzdlrasvr02]}" on Nodes = "hannvzdlrasvr01,hannvzdlrasvr02"]

2024-12-07 12:33:38.013 [CVUD(61254)]CRS-10051: CVU found following errors with Clusterware setup : PRVG-2027 : Owner of file "/u01/app/19.0.0.0/grid/lib/stubs/libXi-2.17.0-stub.so" is inconsistent across nodes. [Found = "{oracle=[hannvzdlrasvr01], root=[hannvzdlrasvr02]}" on Nodes = "hannvzdlrasvr01,hannvzdlrasvr02"]
PRVG-2027 : Owner of file "/u01/app/19.0.0.0/grid/lib/stubs/libICE-2.17.0-stub.so" is inconsistent across nodes. [Found = "{oracle=[hannvzdlrasvr01], root=[hannvzdlrasvr02]}" on Nodes = "hannvzdlrasvr01,hannvzdlrasvr02"]
PRVG-2027 : Owner of file "/u01/app/19.0.0.0/grid/lib/stubs/libXpm.so.4" is inconsistent across nodes. [Found = "{oracle=[hannvzdlrasvr01], root=[hannvzdlrasvr02]}" on Nodes = "hannvzdlrasvr01,hannvzdlrasvr02"]

2024-12-07 12:33:38.013 [CVUD(61254)]CRS-10051: CVU found following errors with Clusterware setup : PRVG-2027 : Owner of file "/u01/app/19.0.0.0/grid/lib/stubs/libext2fs.so" is inconsistent across nodes. [Found = "{oracle=[hannvzdlrasvr01], root=[hannvzdlrasvr02]}" on Nodes = "hannvzdlrasvr01,hannvzdlrasvr02"]
PRVG-2027 : Owner of file "/u01/app/19.0.0.0/grid/lib/stubs/libcrypt.so.1" is inconsistent across nodes. [Found = "{oracle=[hannvzdlrasvr01], root=[hannvzdlrasvr02]}" on Nodes = "hannvzdlrasvr01,hannvzdlrasvr02"]
PRVG-2027 : Owner of file "/u01/app/19.0.0.0/grid/lib/stubs/libnuma.so.1" is inconsistent across nodes. [Found = "{oracle=[hannvzdlrasvr01], root=[hannvzdlrasvr02]}" on Nodes = "hannvzdlrasvr01,hannvzdlrasvr02"]

2024-12-07 12:33:38.014 [CVUD(61254)]CRS-10051: CVU found following errors with Clusterware setup : PRVG-2027 : Owner of file "/u01/app/19.0.0.0/grid/lib/stubs/libICE.so" is inconsistent across nodes. [Found = "{oracle=[hannvzdlrasvr01], root=[hannvzdlrasvr02]}" on Nodes = "hannvzdlrasvr01,hannvzdlrasvr02"]
PRVG-2027 : Owner of file "/u01/app/19.0.0.0/grid/lib/stubs/libresolv.so" is inconsistent across nodes. [Found = "{oracle=[hannvzdlrasvr01], root=[hannvzdlrasvr02]}" on Nodes = "hannvzdlrasvr01,hannvzdlrasvr02"]
PRVG-2027 : Owner of file "/u01/app/19.0.0.0/grid/lib/stubs/libext2fs.so.2" is inconsistent across nodes. [Found = "{oracle=[hannvzdlrasvr01], root=[hannvzdlrasvr02]}" on Nodes = "hannvzdlrasvr01,hannvzdlrasvr02"]

2024-12-07 12:33:38.014 [CVUD(61254)]CRS-10051: CVU found following errors with Clusterware setup : PRVG-2027 : Owner of file "/u01/app/19.0.0.0/grid/lib/stubs/libssl-2.17.0-stub.so" is inconsistent across nodes. [Found = "{oracle=[hannvzdlrasvr01], root=[hannvzdlrasvr02]}" on Nodes = "hannvzdlrasvr01,hannvzdlrasvr02"]
PRVG-2027 : Owner of file "/u01/app/19.0.0.0/grid/lib/stubs/librt-2.17.0-stub.so" is inconsistent across nodes. [Found = "{oracle=[hannvzdlrasvr01], root=[hannvzdlrasvr02]}" on Nodes = "hannvzdlrasvr01,hannvzdlrasvr02"]
PRVG-2027 : Owner of file "/u01/app/19.0.0.0/grid/lib/stubs/libXpm-2.17.0-stub.so" is inconsistent across nodes. [Found = "{oracle=[hannvzdlrasvr01], root=[hannvzdlrasvr02]}" on Nodes = "hannvzdlrasvr01,hannvzdlrasvr02"]

2024-12-07 12:33:38.014 [CVUD(61254)]CRS-10051: CVU found following errors with Clusterware setup : PRVG-2027 : Owner of file "/u01/app/19.0.0.0/grid/lib/stubs/libXp-2.17.0-stub.so" is inconsistent across nodes. [Found = "{oracle=[hannvzdlrasvr01], root=[hannvzdlrasvr02]}" on Nodes = "hannvzdlrasvr01,hannvzdlrasvr02"]
PRVG-2027 : Owner of file "/u01/app/19.0.0.0/grid/lib/stubs/libnuma-2.17.0-stub.so" is inconsistent across nodes. [Found = "{oracle=[hannvzdlrasvr01], root=[hannvzdlrasvr02]}" on Nodes = "hannvzdlrasvr01,hannvzdlrasvr02"]
PRVG-2027 : Owner of file "/u01/app/19.0.0.0/grid/lib/stubs/libSM-2.17.0-stub.so" is inconsistent across nodes. [Found = "{oracle=[hannvzdlrasvr01], root=[hannvzdlrasvr02]}" on Nodes = "hannvzdlrasvr01,hannvzdlrasvr02"]

2024-12-07 12:33:38.014 [CVUD(61254)]CRS-10051: CVU found following errors with Clusterware setup : PRVG-2027 : Owner of file "/u01/app/19.0.0.0/grid/lib/stubs/libcrypto.so" is inconsistent across nodes. [Found = "{oracle=[hannvzdlrasvr01], root=[hannvzdlrasvr02]}" on Nodes = "hannvzdlrasvr01,hannvzdlrasvr02"]
PRVG-2027 : Owner of file "/u01/app/19.0.0.0/grid/lib/stubs/librdmacm.so" is inconsistent across nodes. [Found = "{oracle=[hannvzdlrasvr01], root=[hannvzdlrasvr02]}" on Nodes = "hannvzdlrasvr01,hannvzdlrasvr02"]
PRVG-2027 : Owner of file "/u01/app/19.0.0.0/grid/lib/stubs/libXt.so" is inconsistent across nodes. [Found = "{oracle=[hannvzdlrasvr01], root=[hannvzdlrasvr02]}" on Nodes = "hannvzdlrasvr01,hannvzdlrasvr02"]

2024-12-07 12:33:38.014 [CVUD(61254)]CRS-10051: CVU found following errors with Clusterware setup : PRVG-2027 : Owner of file "/u01/app/19.0.0.0/grid/lib/stubs/libutil-2.17.0-stub.so" is inconsistent across nodes. [Found = "{oracle=[hannvzdlrasvr01], root=[hannvzdlrasvr02]}" on Nodes = "hannvzdlrasvr01,hannvzdlrasvr02"]
PRVG-2027 : Owner of file "/u01/app/19.0.0.0/grid/lib/stubs/libXmu.so.6" is inconsistent across nodes. [Found = "{oracle=[hannvzdlrasvr01], root=[hannvzdlrasvr02]}" on Nodes = "hannvzdlrasvr01,hannvzdlrasvr02"]
PRVG-2027 : Owner of file "/u01/app/19.0.0.0/grid/lib/stubs/libXtst-2.17.0-stub.so" is inconsistent across nodes. [Found = "{oracle=[hannvzdlrasvr01], root=[hannvzdlrasvr02]}" on Nodes = "hannvzdlrasvr01,hannvzdlrasvr02"]

2024-12-07 12:33:38.014 [CVUD(61254)]CRS-10051: CVU found following errors with Clusterware setup : PRVG-2027 : Owner of file "/u01/app/19.0.0.0/grid/lib/stubs/libBrokenLocale-2.17.0-stub.so" is inconsistent across nodes. [Found = "{oracle=[hannvzdlrasvr01], root=[hannvzdlrasvr02]}" on Nodes = "hannvzdlrasvr01,hannvzdlrasvr02"]
PRVG-2027 : Owner of file "/u01/app/19.0.0.0/grid/lib/stubs/libcrypt-2.17.0-stub.so" is inconsistent across nodes. [Found = "{oracle=[hannvzdlrasvr01], root=[hannvzdlrasvr02]}" on Nodes = "hannvzdlrasvr01,hannvzdlrasvr02"]
PRVG-2027 : Owner of file "/u01/app/19.0.0.0/grid/lib/stubs/libSM.so" is inconsistent across nodes. [Found = "{oracle=[hannvzdlrasvr01], root=[hannvzdlrasvr02]}" on Nodes = "hannvzdlrasvr01,hannvzdlrasvr02"]

2024-12-07 12:33:38.014 [CVUD(61254)]CRS-10051: CVU found following errors with Clusterware setup : PRVG-2027 : Owner of file "/u01/app/19.0.0.0/grid/lib/stubs/librdmacm-2.17.0-stub.so" is inconsistent across nodes. [Found = "{oracle=[hannvzdlrasvr01], root=[hannvzdlrasvr02]}" on Nodes = "hannvzdlrasvr01,hannvzdlrasvr02"]
PRVG-2027 : Owner of file "/u01/app/19.0.0.0/grid/lib/stubs/libnsl-2.17.0-stub.so" is inconsistent across nodes. [Found = "{oracle=[hannvzdlrasvr01], root=[hannvzdlrasvr02]}" on Nodes = "hannvzdlrasvr01,hannvzdlrasvr02"]
PRVG-2027 : Owner of file "/u01/app/19.0.0.0/grid/lib/stubs/libresolv.so.2" is inconsistent across nodes. [Found = "{oracle=[hannvzdlrasvr01], root=[hannvzdlrasvr02]}" on Nodes = "hannvzdlrasvr01,hannvzdlrasvr02"]

2024-12-07 12:33:38.014 [CVUD(61254)]CRS-10051: CVU found following errors with Clusterware setup : PRVG-2027 : Owner of file "/u01/app/19.0.0.0/grid/lib/stubs/libuuid.so" is inconsistent across nodes. [Found = "{oracle=[hannvzdlrasvr01], root=[hannvzdlrasvr02]}" on Nodes = "hannvzdlrasvr01,hannvzdlrasvr02"]
PRVG-2027 : Owner of file "/u01/app/19.0.0.0/grid/lib/stubs/libXp.so" is inconsistent across nodes. [Found = "{oracle=[hannvzdlrasvr01], root=[hannvzdlrasvr02]}" on Nodes = "hannvzdlrasvr01,hannvzdlrasvr02"]
PRVG-2027 : Owner of file "/u01/app/19.0.0.0/grid/lib/stubs/libcrypto.so.10" is inconsistent across nodes. [Found = "{oracle=[hannvzdlrasvr01], root=[hannvzdlrasvr02]}" on Nodes = "hannvzdlrasvr01,hannvzdlrasvr02"]

2024-12-07 12:33:38.014 [CVUD(61254)]CRS-10051: CVU found following errors with Clusterware setup : PRVG-2027 : Owner of file "/u01/app/19.0.0.0/grid/lib/stubs/libXaw.so.7" is inconsistent across nodes. [Found = "{oracle=[hannvzdlrasvr01], root=[hannvzdlrasvr02]}" on Nodes = "hannvzdlrasvr01,hannvzdlrasvr02"]
PRVG-2027 : Owner of file "/u01/app/19.0.0.0/grid/lib/stubs/libXext.so.6" is inconsistent across nodes. [Found = "{oracle=[hannvzdlrasvr01], root=[hannvzdlrasvr02]}" on Nodes = "hannvzdlrasvr01,hannvzdlrasvr02"]
PRVG-2027 : Owner of file "/u01/app/19.0.0.0/grid/lib/stubs/libz.so.1" is inconsistent across nodes. [Found = "{oracle=[hannvzdlrasvr01], root=[hannvzdlrasvr02]}" on Nodes = "hannvzdlrasvr01,hannvzdlrasvr02"]

2024-12-07 12:33:38.014 [CVUD(61254)]CRS-10051: CVU found following errors with Clusterware setup : PRVG-2027 : Owner of file "/u01/app/19.0.0.0/grid/lib/stubs/libuuid.so.1" is inconsistent across nodes. [Found = "{oracle=[hannvzdlrasvr01], root=[hannvzdlrasvr02]}" on Nodes = "hannvzdlrasvr01,hannvzdlrasvr02"]
PRVG-2027 : Owner of file "/u01/app/19.0.0.0/grid/lib/stubs/libssl.so.10" is inconsistent across nodes. [Found = "{oracle=[hannvzdlrasvr01], root=[hannvzdlrasvr02]}" on Nodes = "hannvzdlrasvr01,hannvzdlrasvr02"]
PRVG-2027 : Owner of file "/u01/app/19.0.0.0/grid/lib/stubs/libX11-2.17.0-stub.so" is inconsistent across nodes. [Found = "{oracle=[hannvzdlrasvr01], root=[hannvzdlrasvr02]}" on Nodes = "hannvzdlrasvr01,hannvzdlrasvr02"]

2024-12-07 12:33:38.014 [CVUD(61254)]CRS-10051: CVU found following errors with Clusterware setup : PRVG-2027 : Owner of file "/u01/app/19.0.0.0/grid/lib/stubs/libICE.so.6" is inconsistent across nodes. [Found = "{oracle=[hannvzdlrasvr01], root=[hannvzdlrasvr02]}" on Nodes = "hannvzdlrasvr01,hannvzdlrasvr02"]
PRVG-2027 : Owner of file "/u01/app/19.0.0.0/grid/lib/stubs/libXext-2.17.0-stub.so" is inconsistent across nodes. [Found = "{oracle=[hannvzdlrasvr01], root=[hannvzdlrasvr02]}" on Nodes = "hannvzdlrasvr01,hannvzdlrasvr02"]
PRVG-2027 : Owner of file "/u01/app/19.0.0.0/grid/lib/stubs/libXmu.so" is inconsistent across nodes. [Found = "{oracle=[hannvzdlrasvr01], root=[hannvzdlrasvr02]}" on Nodes = "hannvzdlrasvr01,hannvzdlrasvr02"]

2024-12-07 12:33:38.014 [CVUD(61254)]CRS-10051: CVU found following errors with Clusterware setup : PRVG-2027 : Owner of file "/u01/app/19.0.0.0/grid/lib/stubs/libXi.so.6" is inconsistent across nodes. [Found = "{oracle=[hannvzdlrasvr01], root=[hannvzdlrasvr02]}" on Nodes = "hannvzdlrasvr01,hannvzdlrasvr02"]
PRVG-2027 : Owner of file "/u01/app/19.0.0.0/grid/lib/stubs/libdl-2.17.0-stub.so" is inconsistent across nodes. [Found = "{oracle=[hannvzdlrasvr01], root=[hannvzdlrasvr02]}" on Nodes = "hannvzdlrasvr01,hannvzdlrasvr02"]
PRVG-2027 : Owner of file "/u01/app/19.0.0.0/grid/lib/stubs/libc.so.6" is inconsistent across nodes. [Found = "{oracle=[hannvzdlrasvr01], root=[hannvzdlrasvr02]}" on Nodes = "hannvzdlrasvr01,hannvzdlrasvr02"]

2024-12-07 12:33:38.015 [CVUD(61254)]CRS-10051: CVU found following errors with Clusterware setup : PRVG-2027 : Owner of file "/u01/app/19.0.0.0/grid/lib/stubs/libibverbs-2.17.0-stub.so" is inconsistent across nodes. [Found = "{oracle=[hannvzdlrasvr01], root=[hannvzdlrasvr02]}" on Nodes = "hannvzdlrasvr01,hannvzdlrasvr02"]
PRVG-2027 : Owner of file "/u01/app/19.0.0.0/grid/lib/stubs/libpthread.so" is inconsistent across nodes. [Found = "{oracle=[hannvzdlrasvr01], root=[hannvzdlrasvr02]}" on Nodes = "hannvzdlrasvr01,hannvzdlrasvr02"]
PRVG-2027 : Owner of file "/u01/app/19.0.0.0/grid/lib/stubs/libBrokenLocale.so" is inconsistent across nodes. [Found = "{oracle=[hannvzdlrasvr01], root=[hannvzdlrasvr02]}" on Nodes = "hannvzdlrasvr01,hannvzdlrasvr02"]

2024-12-07 12:33:38.015 [CVUD(61254)]CRS-10051: CVU found following errors with Clusterware setup : PRVG-2027 : Owner of file "/u01/app/19.0.0.0/grid/lib/stubs/libXt.so.6" is inconsistent across nodes. [Found = "{oracle=[hannvzdlrasvr01], root=[hannvzdlrasvr02]}" on Nodes = "hannvzdlrasvr01,hannvzdlrasvr02"]
PRVG-2027 : Owner of file "/u01/app/19.0.0.0/grid/lib/stubs/libc.so" is inconsistent across nodes. [Found = "{oracle=[hannvzdlrasvr01], root=[hannvzdlrasvr02]}" on Nodes = "hannvzdlrasvr01,hannvzdlrasvr02"]
PRVG-2027 : Owner of file "/u01/app/19.0.0.0/grid/lib/stubs/libstdc++.so" is inconsistent across nodes. [Found = "{oracle=[hannvzdlrasvr01], root=[hannvzdlrasvr02]}" on Nodes = "hannvzdlrasvr01,hannvzdlrasvr02"]

2024-12-07 12:33:38.015 [CVUD(61254)]CRS-10051: CVU found following errors with Clusterware setup : PRVG-2027 : Owner of file "/u01/app/19.0.0.0/grid/lib/stubs/libgcc_s.so.1" is inconsistent across nodes. [Found = "{oracle=[hannvzdlrasvr01], root=[hannvzdlrasvr02]}" on Nodes = "hannvzdlrasvr01,hannvzdlrasvr02"]
PRVG-2027 : Owner of file "/u01/app/19.0.0.0/grid/lib/stubs/ld-linux-x86-64.so.2" is inconsistent across nodes. [Found = "{oracle=[hannvzdlrasvr01], root=[hannvzdlrasvr02]}" on Nodes = "hannvzdlrasvr01,hannvzdlrasvr02"]
PRVG-2027 : Owner of file "/u01/app/19.0.0.0/grid/lib/stubs/libXp.so.6" is inconsistent across nodes. [Found = "{oracle=[hannvzdlrasvr01], root=[hannvzdlrasvr02]}" on Nodes = "hannvzdlrasvr01,hannvzdlrasvr02"]

2024-12-07 12:33:38.015 [CVUD(61254)]CRS-10051: CVU found following errors with Clusterware setup : PRVG-2027 : Owner of file "/u01/app/19.0.0.0/grid/lib/stubs/libpthread.so.0" is inconsistent across nodes. [Found = "{oracle=[hannvzdlrasvr01], root=[hannvzdlrasvr02]}" on Nodes = "hannvzdlrasvr01,hannvzdlrasvr02"]
PRVG-2027 : Owner of file "/u01/app/19.0.0.0/grid/lib/libsql19.a" is inconsistent across nodes. [Found = "{oracle=[hannvzdlrasvr01], root=[hannvzdlrasvr02]}" on Nodes = "hannvzdlrasvr01,hannvzdlrasvr02"]
PRVG-2027 : Owner of file "/u01/app/19.0.0.0/grid/lib/libslax19.a" is inconsistent across nodes. [Found = "{oracle=[hannvzdlrasvr01], root=[hannvzdlrasvr02]}" on Nodes = "hannvzdlrasvr01,hannvzdlrasvr02"]

2024-12-07 12:33:38.015 [CVUD(61254)]CRS-10051: CVU found following errors with Clusterware setup : PRVG-2027 : Owner of file "/u01/app/19.0.0.0/grid/lib/libxml19.a" is inconsistent across nodes. [Found = "{oracle=[hannvzdlrasvr01], root=[hannvzdlrasvr02]}" on Nodes = "hannvzdlrasvr01,hannvzdlrasvr02"]
PRVG-2027 : Owner of file "/u01/app/19.0.0.0/grid/lib/libhasgen19.so" is inconsistent across nodes. [Found = "{oracle=[hannvzdlrasvr01], root=[hannvzdlrasvr02]}" on Nodes = "hannvzdlrasvr01,hannvzdlrasvr02"]
PRVG-2027 : Owner of file "/u01/app/19.0.0.0/grid/lib/libocrutl19.so" is inconsistent across nodes. [Found = "{oracle=[hannvzdlrasvr01], root=[hannvzdlrasvr02]}" on Nodes = "hannvzdlrasvr01,hannvzdlrasvr02"]

2024-12-07 12:33:38.015 [CVUD(61254)]CRS-10051: CVU found following errors with Clusterware setup : PRVG-2027 : Owner of file "/u01/app/19.0.0.0/grid/lib/libclsra19.so" is inconsistent across nodes. [Found = "{oracle=[hannvzdlrasvr01], root=[hannvzdlrasvr02]}" on Nodes = "hannvzdlrasvr01,hannvzdlrasvr02"]
PRVG-2027 : Owner of file "/u01/app/19.0.0.0/grid/lib/libocrb19.so" is inconsistent across nodes. [Found = "{oracle=[hannvzdlrasvr01], root=[hannvzdlrasvr02]}" on Nodes = "hannvzdlrasvr01,hannvzdlrasvr02"]
PRVG-2027 : Owner of file "/u01/app/19.0.0.0/grid/lib/libocr19.so" is inconsistent across nodes. [Found = "{oracle=[hannvzdlrasvr01], root=[hannvzdlrasvr02]}" on Nodes = "hannvzdlrasvr01,hannvzdlrasvr02"]

2024-12-07 12:33:38.015 [CVUD(61254)]CRS-10051: CVU found following errors with Clusterware setup : PRVG-2027 : Owner of file "/u01/app/19.0.0.0/grid/lib/libagfw19.so" is inconsistent across nodes. [Found = "{oracle=[hannvzdlrasvr01], root=[hannvzdlrasvr02]}" on Nodes = "hannvzdlrasvr01,hannvzdlrasvr02"]
PRVG-2027 : Owner of file "/u01/app/19.0.0.0/grid/lib/libcrs19.so" is inconsistent across nodes. [Found = "{oracle=[hannvzdlrasvr01], root=[hannvzdlrasvr02]}" on Nodes = "hannvzdlrasvr01,hannvzdlrasvr02"]
PRVG-2027 : Owner of file "/u01/app/19.0.0.0/grid/lib/libskgxn2.so" is inconsistent across nodes. [Found = "{oracle=[hannvzdlrasvr01], root=[hannvzdlrasvr02]}" on Nodes = "hannvzdlrasvr01,hannvzdlrasvr02"]

2024-12-07 12:33:38.015 [CVUD(61254)]CRS-10051: CVU found following errors with Clusterware setup : PRVG-2027 : Owner of file "/u01/app/19.0.0.0/grid/bin/diskmon.bin" is inconsistent across nodes. [Found = "{oracle=[hannvzdlrasvr01], root=[hannvzdlrasvr02]}" on Nodes = "hannvzdlrasvr01,hannvzdlrasvr02"]
PRVG-2027 : Owner of file "/u01/app/19.0.0.0/grid/lib/libsrvmocr19.so" is inconsistent across nodes. [Found = "{oracle=[hannvzdlrasvr01], root=[hannvzdlrasvr02]}" on Nodes = "hannvzdlrasvr01,hannvzdlrasvr02"]
PRVG-2027 : Owner of file "/u01/app/19.0.0.0/grid/lib/libclscest19.a" is inconsistent across nodes. [Found = "{oracle=[hannvzdlrasvr01], root=[hannvzdlrasvr02]}" on Nodes = "hannvzdlrasvr01,hannvzdlrasvr02"]

2024-12-07 12:33:38.015 [CVUD(61254)]CRS-10051: CVU found following errors with Clusterware setup : PRVG-2027 : Owner of file "/u01/app/19.0.0.0/grid/lib/libsrvmcred19.so" is inconsistent across nodes. [Found = "{oracle=[hannvzdlrasvr01], root=[hannvzdlrasvr02]}" on Nodes = "hannvzdlrasvr01,hannvzdlrasvr02"]
PRVG-2027 : Owner of file "/u01/app/19.0.0.0/grid/lib/libclsnsjni19.so" is inconsistent across nodes. [Found = "{oracle=[hannvzdlrasvr01], root=[hannvzdlrasvr02]}" on Nodes = "hannvzdlrasvr01,hannvzdlrasvr02"]
PRVG-2027 : Owner of file "/u01/app/19.0.0.0/grid/lib/libgns19.so" is inconsistent across nodes. [Found = "{oracle=[hannvzdlrasvr01], root=[hannvzdlrasvr02]}" on Nodes = "hannvzdlrasvr01,hannvzdlrasvr02"]

2024-12-07 12:33:38.015 [CVUD(61254)]CRS-10051: CVU found following errors with Clusterware setup : PRVG-2027 : Owner of file "/u01/app/19.0.0.0/grid/lib/librdjni19.so" is inconsistent across nodes. [Found = "{oracle=[hannvzdlrasvr01], root=[hannvzdlrasvr02]}" on Nodes = "hannvzdlrasvr01,hannvzdlrasvr02"]
PRVG-2027 : Owner of file "/u01/app/19.0.0.0/grid/lib/libgnsjni19.so" is inconsistent across nodes. [Found = "{oracle=[hannvzdlrasvr01], root=[hannvzdlrasvr02]}" on Nodes = "hannvzdlrasvr01,hannvzdlrasvr02"]
PRVG-2027 : Owner of file "/u01/app/19.0.0.0/grid/lib/libdbcfg19.so" is inconsistent across nodes. [Found = "{oracle=[hannvzdlrasvr01], root=[hannvzdlrasvr02]}" on Nodes = "hannvzdlrasvr01,hannvzdlrasvr02"]

2024-12-07 12:33:38.015 [CVUD(61254)]CRS-10051: CVU found following errors with Clusterware setup : PRVG-2027 : Owner of file "/u01/app/19.0.0.0/grid/lib/libsrvmhas19.so" is inconsistent across nodes. [Found = "{oracle=[hannvzdlrasvr01], root=[hannvzdlrasvr02]}" on Nodes = "hannvzdlrasvr01,hannvzdlrasvr02"]
PRVG-2027 : Owner of file "/u01/app/19.0.0.0/grid/lib/liboevm.a" is inconsistent across nodes. [Found = "{oracle=[hannvzdlrasvr01], root=[hannvzdlrasvr02]}" on Nodes = "hannvzdlrasvr01,hannvzdlrasvr02"]
PRVG-2027 : Owner of file "/u01/app/19.0.0.0/grid/lib/libclsce19.so" is inconsistent across nodes. [Found = "{oracle=[hannvzdlrasvr01], root=[hannvzdlrasvr02]}" on Nodes = "hannvzdlrasvr01,hannvzdlrasvr02"]

2024-12-07 12:33:38.015 [CVUD(61254)]CRS-10051: CVU found following errors with Clusterware setup : PRVG-2027 : Owner of file "/u01/app/19.0.0.0/grid/lib/libclscred19.so" is inconsistent across nodes. [Found = "{oracle=[hannvzdlrasvr01], root=[hannvzdlrasvr02]}" on Nodes = "hannvzdlrasvr01,hannvzdlrasvr02"]
PRVG-2027 : Owner of file "/u01/app/19.0.0.0/grid/lib/libuini19.so" is inconsistent across nodes. [Found = "{oracle=[hannvzdlrasvr01], root=[hannvzdlrasvr02]}" on Nodes = "hannvzdlrasvr01,hannvzdlrasvr02"]
PRVG-2027 : Owner of file "/u01/app/19.0.0.0/grid/lib/libsrvm19.so" is inconsistent across nodes. [Found = "{oracle=[hannvzdlrasvr01], root=[hannvzdlrasvr02]}" on Nodes = "hannvzdlrasvr01,hannvzdlrasvr02"]

2024-12-07 12:33:38.016 [CVUD(61254)]CRS-10051: CVU found following errors with Clusterware setup : PRVG-2027 : Owner of file "/u01/app/19.0.0.0/grid/lib/libonsx.a" is inconsistent across nodes. [Found = "{oracle=[hannvzdlrasvr01], root=[hannvzdlrasvr02]}" on Nodes = "hannvzdlrasvr01,hannvzdlrasvr02"]
PRVG-2027 : Owner of file "/u01/app/19.0.0.0/grid/bin/lsnodes.bin" is inconsistent across nodes. [Found = "{oracle=[hannvzdlrasvr01], root=[hannvzdlrasvr02]}" on Nodes = "hannvzdlrasvr01,hannvzdlrasvr02"]
PRVG-2027 : Owner of file "/u01/app/19.0.0.0/grid/bin/odnsd.bin" is inconsistent across nodes. [Found = "{oracle=[hannvzdlrasvr01], root=[hannvzdlrasvr02]}" on Nodes = "hannvzdlrasvr01,hannvzdlrasvr02"]

2024-12-07 12:33:38.016 [CVUD(61254)]CRS-10051: CVU found following errors with Clusterware setup : PRVG-2027 : Owner of file "/u01/app/19.0.0.0/grid/bin/rhpplsnr.pl" is inconsistent across nodes. [Found = "{oracle=[hannvzdlrasvr01], root=[hannvzdlrasvr02]}" on Nodes = "hannvzdlrasvr01,hannvzdlrasvr02"]
PRVG-2027 : Owner of file "/u01/app/19.0.0.0/grid/bin/rhpplsnr_lib.pm" is inconsistent across nodes. [Found = "{oracle=[hannvzdlrasvr01], root=[hannvzdlrasvr02]}" on Nodes = "hannvzdlrasvr01,hannvzdlrasvr02"]
PRVG-2027 : Owner of file "/u01/app/19.0.0.0/grid/bin/asmproxy" is inconsistent across nodes. [Found = "{oracle=[hannvzdlrasvr01], root=[hannvzdlrasvr02]}" on Nodes = "hannvzdlrasvr01,hannvzdlrasvr02"]

2024-12-07 12:33:38.016 [CVUD(61254)]CRS-10051: CVU found following errors with Clusterware setup : PRVG-2027 : Owner of file "/u01/app/19.0.0.0/grid/bin/ochadctl.pl" is inconsistent across nodes. [Found = "{oracle=[hannvzdlrasvr01], root=[hannvzdlrasvr02]}" on Nodes = "hannvzdlrasvr01,hannvzdlrasvr02"]
PRVG-2027 : Owner of file "/u01/app/19.0.0.0/grid/lib/libjagent19.so" is inconsistent across nodes. [Found = "{oracle=[hannvzdlrasvr01], root=[hannvzdlrasvr02]}" on Nodes = "hannvzdlrasvr01,hannvzdlrasvr02"]
PRVG-2027 : Owner of file "/u01/app/19.0.0.0/grid/lib/libcha19.so" is inconsistent across nodes. [Found = "{oracle=[hannvzdlrasvr01], root=[hannvzdlrasvr02]}" on Nodes = "hannvzdlrasvr01,hannvzdlrasvr02"]

2024-12-07 12:33:38.016 [CVUD(61254)]CRS-10051: CVU found following errors with Clusterware setup : PRVG-2027 : Owner of file "/u01/app/19.0.0.0/grid/bin/emcrsp.bin" is inconsistent across nodes. [Found = "{oracle=[hannvzdlrasvr01], root=[hannvzdlrasvr02]}" on Nodes = "hannvzdlrasvr01,hannvzdlrasvr02"]
PRVG-2027 : Owner of file "/u01/app/19.0.0.0/grid/bin/scriptagent.bin" is inconsistent across nodes. [Found = "{oracle=[hannvzdlrasvr01], root=[hannvzdlrasvr02]}" on Nodes = "hannvzdlrasvr01,hannvzdlrasvr02"]
PRVG-2027 : Owner of file "/u01/app/19.0.0.0/grid/bin/oifcfg.bin" is inconsistent across nodes. [Found = "{oracle=[hannvzdlrasvr01], root=[hannvzdlrasvr02]}" on Nodes = "hannvzdlrasvr01,hannvzdlrasvr02"]

2024-12-07 12:33:38.016 [CVUD(61254)]CRS-10051: CVU found following errors with Clusterware setup : PRVG-2027 : Owner of file "/u01/app/19.0.0.0/grid/bin/racgvip" is inconsistent across nodes. [Found = "{oracle=[hannvzdlrasvr01], root=[hannvzdlrasvr02]}" on Nodes = "hannvzdlrasvr01,hannvzdlrasvr02"]
PRVG-2027 : Owner of file "/u01/app/19.0.0.0/grid/bin/olsnodes.bin" is inconsistent across nodes. [Found = "{oracle=[hannvzdlrasvr01], root=[hannvzdlrasvr02]}" on Nodes = "hannvzdlrasvr01,hannvzdlrasvr02"]
PRVG-2027 : Owner of file "/u01/app/19.0.0.0/grid/bin/gipcd.bin" is inconsistent across nodes. [Found = "{oracle=[hannvzdlrasvr01], root=[hannvzdlrasvr02]}" on Nodes = "hannvzdlrasvr01,hannvzdlrasvr02"]

2024-12-07 12:33:38.016 [CVUD(61254)]CRS-10051: CVU found following errors with Clusterware setup : PRVG-2027 : Owner of file "/u01/app/19.0.0.0/grid/bin/clsid.bin" is inconsistent across nodes. [Found = "{oracle=[hannvzdlrasvr01], root=[hannvzdlrasvr02]}" on Nodes = "hannvzdlrasvr01,hannvzdlrasvr02"]
PRVG-2027 : Owner of file "/u01/app/19.0.0.0/grid/bin/racgeut" is inconsistent across nodes. [Found = "{oracle=[hannvzdlrasvr01], root=[hannvzdlrasvr02]}" on Nodes = "hannvzdlrasvr01,hannvzdlrasvr02"]
PRVG-2027 : Owner of file "/u01/app/19.0.0.0/grid/bin/sclsspawn" is inconsistent across nodes. [Found = "{oracle=[hannvzdlrasvr01], root=[hannvzdlrasvr02]}" on Nodes = "hannvzdlrasvr01,hannvzdlrasvr02"]

2024-12-07 12:33:38.016 [CVUD(61254)]CRS-10051: CVU found following errors with Clusterware setup : PRVG-2027 : Owner of file "/u01/app/19.0.0.0/grid/bin/evmd.bin" is inconsistent across nodes. [Found = "{oracle=[hannvzdlrasvr01], root=[hannvzdlrasvr02]}" on Nodes = "hannvzdlrasvr01,hannvzdlrasvr02"]
PRVG-2027 : Owner of file "/u01/app/19.0.0.0/grid/bin/evmmkbin.bin" is inconsistent across nodes. [Found = "{oracle=[hannvzdlrasvr01], root=[hannvzdlrasvr02]}" on Nodes = "hannvzdlrasvr01,hannvzdlrasvr02"]
PRVG-2027 : Owner of file "/u01/app/19.0.0.0/grid/bin/clsdiaglsnr.bin" is inconsistent across nodes. [Found = "{oracle=[hannvzdlrasvr01], root=[hannvzdlrasvr02]}" on Nodes = "hannvzdlrasvr01,hannvzdlrasvr02"]

2024-12-07 12:33:38.016 [CVUD(61254)]CRS-10051: CVU found following errors with Clusterware setup : PRVG-2027 : Owner of file "/u01/app/19.0.0.0/grid/bin/gpnptool.bin" is inconsistent across nodes. [Found = "{oracle=[hannvzdlrasvr01], root=[hannvzdlrasvr02]}" on Nodes = "hannvzdlrasvr01,hannvzdlrasvr02"]
PRVG-2027 : Owner of file "/u01/app/19.0.0.0/grid/bin/mdnsd.bin" is inconsistent across nodes. [Found = "{oracle=[hannvzdlrasvr01], root=[hannvzdlrasvr02]}" on Nodes = "hannvzdlrasvr01,hannvzdlrasvr02"]
PRVG-2027 : Owner of file "/u01/app/19.0.0.0/grid/bin/evmpost.bin" is inconsistent across nodes. [Found = "{oracle=[hannvzdlrasvr01], root=[hannvzdlrasvr02]}" on Nodes = "hannvzdlrasvr01,hannvzdlrasvr02"]

2024-12-07 12:33:38.016 [CVUD(61254)]CRS-10051: CVU found following errors with Clusterware setup : PRVG-2027 : Owner of file "/u01/app/19.0.0.0/grid/bin/racgmain" is inconsistent across nodes. [Found = "{oracle=[hannvzdlrasvr01], root=[hannvzdlrasvr02]}" on Nodes = "hannvzdlrasvr01,hannvzdlrasvr02"]
PRVG-2027 : Owner of file "/u01/app/19.0.0.0/grid/bin/oifcfg_ifls" is inconsistent across nodes. [Found = "{oracle=[hannvzdlrasvr01], root=[hannvzdlrasvr02]}" on Nodes = "hannvzdlrasvr01,hannvzdlrasvr02"]
PRVG-2027 : Owner of file "/u01/app/19.0.0.0/grid/bin/gsd" is inconsistent across nodes. [Found = "{oracle=[hannvzdlrasvr01], root=[hannvzdlrasvr02]}" on Nodes = "hannvzdlrasvr01,hannvzdlrasvr02"]

2024-12-07 12:33:38.016 [CVUD(61254)]CRS-10051: CVU found following errors with Clusterware setup : PRVG-2027 : Owner of file "/u01/app/19.0.0.0/grid/bin/ghappctl.pl" is inconsistent across nodes. [Found = "{oracle=[hannvzdlrasvr01], root=[hannvzdlrasvr02]}" on Nodes = "hannvzdlrasvr01,hannvzdlrasvr02"]
PRVG-2027 : Owner of file "/u01/app/19.0.0.0/grid/bin/ocssdrim.bin" is inconsistent across nodes. [Found = "{oracle=[hannvzdlrasvr01], root=[hannvzdlrasvr02]}" on Nodes = "hannvzdlrasvr01,hannvzdlrasvr02"]
PRVG-2027 : Owner of file "/u01/app/19.0.0.0/grid/bin/evminfo.bin" is inconsistent across nodes. [Found = "{oracle=[hannvzdlrasvr01], root=[hannvzdlrasvr02]}" on Nodes = "hannvzdlrasvr01,hannvzdlrasvr02"]

2024-12-07 12:33:38.016 [CVUD(61254)]CRS-10051: CVU found following errors with Clusterware setup : PRVG-2027 : Owner of file "/u01/app/19.0.0.0/grid/bin/oraagent.bin" is inconsistent across nodes. [Found = "{oracle=[hannvzdlrasvr01], root=[hannvzdlrasvr02]}" on Nodes = "hannvzdlrasvr01,hannvzdlrasvr02"]
PRVG-2027 : Owner of file "/u01/app/19.0.0.0/grid/bin/ocssd.bin" is inconsistent across nodes. [Found = "{oracle=[hannvzdlrasvr01], root=[hannvzdlrasvr02]}" on Nodes = "hannvzdlrasvr01,hannvzdlrasvr02"]
PRVG-2027 : Owner of file "/u01/app/19.0.0.0/grid/bin/clssproxy.bin" is inconsistent across nodes. [Found = "{oracle=[hannvzdlrasvr01], root=[hannvzdlrasvr02]}" on Nodes = "hannvzdlrasvr01,hannvzdlrasvr02"]

2024-12-07 12:33:38.016 [CVUD(61254)]CRS-10051: CVU found following errors with Clusterware setup : PRVG-2027 : Owner of file "/u01/app/19.0.0.0/grid/bin/evmmklib.bin" is inconsistent across nodes. [Found = "{oracle=[hannvzdlrasvr01], root=[hannvzdlrasvr02]}" on Nodes = "hannvzdlrasvr01,hannvzdlrasvr02"]
PRVG-2027 : Owner of file "/u01/app/19.0.0.0/grid/bin/crstmpl.scr" is inconsistent across nodes. [Found = "{oracle=[hannvzdlrasvr01], root=[hannvzdlrasvr02]}" on Nodes = "hannvzdlrasvr01,hannvzdlrasvr02"]
PRVG-2027 : Owner of file "/u01/app/19.0.0.0/grid/bin/racgevtf" is inconsistent across nodes. [Found = "{oracle=[hannvzdlrasvr01], root=[hannvzdlrasvr02]}" on Nodes = "hannvzdlrasvr01,hannvzdlrasvr02"]

2024-12-07 12:33:38.017 [CVUD(61254)]CRS-10051: CVU found following errors with Clusterware setup : PRVG-2027 : Owner of file "/u01/app/19.0.0.0/grid/bin/lsdb.bin" is inconsistent across nodes. [Found = "{oracle=[hannvzdlrasvr01], root=[hannvzdlrasvr02]}" on Nodes = "hannvzdlrasvr01,hannvzdlrasvr02"]
PRVG-2027 : Owner of file "/u01/app/19.0.0.0/grid/bin/cemutlo.bin" is inconsistent across nodes. [Found = "{oracle=[hannvzdlrasvr01], root=[hannvzdlrasvr02]}" on Nodes = "hannvzdlrasvr01,hannvzdlrasvr02"]
PRVG-2027 : Owner of file "/u01/app/19.0.0.0/grid/bin/evmwatch.bin" is inconsistent across nodes. [Found = "{oracle=[hannvzdlrasvr01], root=[hannvzdlrasvr02]}" on Nodes = "hannvzdlrasvr01,hannvzdlrasvr02"]

2024-12-07 12:33:38.017 [CVUD(61254)]CRS-10051: CVU found following errors with Clusterware setup : PRVG-2027 : Owner of file "/u01/app/19.0.0.0/grid/bin/evmlogger.bin" is inconsistent across nodes. [Found = "{oracle=[hannvzdlrasvr01], root=[hannvzdlrasvr02]}" on Nodes = "hannvzdlrasvr01,hannvzdlrasvr02"]
PRVG-2027 : Owner of file "/u01/app/19.0.0.0/grid/bin/appagent.bin" is inconsistent across nodes. [Found = "{oracle=[hannvzdlrasvr01], root=[hannvzdlrasvr02]}" on Nodes = "hannvzdlrasvr01,hannvzdlrasvr02"]
PRVG-2027 : Owner of file "/u01/app/19.0.0.0/grid/bin/cemutls.bin" is inconsistent across nodes. [Found = "{oracle=[hannvzdlrasvr01], root=[hannvzdlrasvr02]}" on Nodes = "hannvzdlrasvr01,hannvzdlrasvr02"]

2024-12-07 12:33:38.017 [CVUD(61254)]CRS-10051: CVU found following errors with Clusterware setup : PRVG-2027 : Owner of file "/u01/app/19.0.0.0/grid/bin/evt.sh" is inconsistent across nodes. [Found = "{oracle=[hannvzdlrasvr01], root=[hannvzdlrasvr02]}" on Nodes = "hannvzdlrasvr01,hannvzdlrasvr02"]
PRVG-2027 : Owner of file "/u01/app/19.0.0.0/grid/bin/oranetmonitor.bin" is inconsistent across nodes. [Found = "{oracle=[hannvzdlrasvr01], root=[hannvzdlrasvr02]}" on Nodes = "hannvzdlrasvr01,hannvzdlrasvr02"]
PRVG-2027 : Owner of file "/u01/app/19.0.0.0/grid/bin/gpnpd.bin" is inconsistent across nodes. [Found = "{oracle=[hannvzdlrasvr01], root=[hannvzdlrasvr02]}" on Nodes = "hannvzdlrasvr01,hannvzdlrasvr02"]

2024-12-07 12:33:38.017 [CVUD(61254)]CRS-10051: CVU found following errors with Clusterware setup : PRVG-2027 : Owner of file "/u01/app/19.0.0.0/grid/bin/evmsort.bin" is inconsistent across nodes. [Found = "{oracle=[hannvzdlrasvr01], root=[hannvzdlrasvr02]}" on Nodes = "hannvzdlrasvr01,hannvzdlrasvr02"]
PRVG-2027 : Owner of file "/u01/app/19.0.0.0/grid/bin/evmshow.bin" is inconsistent across nodes. [Found = "{oracle=[hannvzdlrasvr01], root=[hannvzdlrasvr02]}" on Nodes = "hannvzdlrasvr01,hannvzdlrasvr02"]
PRVG-2027 : Owner of file "/u01/app/19.0.0.0/grid/bin/crscdpd.bin" is inconsistent across nodes. [Found = "{oracle=[hannvzdlrasvr01], root=[hannvzdlrasvr02]}" on Nodes = "hannvzdlrasvr01,hannvzdlrasvr02"]

2024-12-07 12:33:38.017 [CVUD(61254)]CRS-10051: CVU found following errors with Clusterware setup : PRVG-2027 : Owner of file "/u01/app/19.0.0.0/grid/bin/oprocd" is inconsistent across nodes. [Found = "{oracle=[hannvzdlrasvr01], root=[hannvzdlrasvr02]}" on Nodes = "hannvzdlrasvr01,hannvzdlrasvr02"]
PRVG-2027 : Owner of file "/u01/app/19.0.0.0/grid/bin/cdpc.bin" is inconsistent across nodes. [Found = "{oracle=[hannvzdlrasvr01], root=[hannvzdlrasvr02]}" on Nodes = "hannvzdlrasvr01,hannvzdlrasvr02"]
PRVG-2027 : Owner of file "/u01/app/19.0.0.0/grid/lib/libcrf19.so" is inconsistent across nodes. [Found = "{oracle=[hannvzdlrasvr01], root=[hannvzdlrasvr02]}" on Nodes = "hannvzdlrasvr01,hannvzdlrasvr02"]

2024-12-07 12:33:38.017 [CVUD(61254)]CRS-10051: CVU found following errors with Clusterware setup : PRVG-2027 : Owner of file "/u01/app/19.0.0.0/grid/lib/libcrf_mdb19.so" is inconsistent across nodes. [Found = "{oracle=[hannvzdlrasvr01], root=[hannvzdlrasvr02]}" on Nodes = "hannvzdlrasvr01,hannvzdlrasvr02"]
PRVG-2027 : Owner of file "/u01/app/19.0.0.0/grid/lib/libcrf_http19.so" is inconsistent across nodes. [Found = "{oracle=[hannvzdlrasvr01], root=[hannvzdlrasvr02]}" on Nodes = "hannvzdlrasvr01,hannvzdlrasvr02"]
PRVG-2027 : Owner of file "/u01/app/19.0.0.0/grid/lib/jwcctl_common.pm" is inconsistent across nodes. [Found = "{oracle=[hannvzdlrasvr01], root=[hannvzdlrasvr02]}" on Nodes = "hannvzdlrasvr01,hannvzdlrasvr02"]

2024-12-07 12:33:38.017 [CVUD(61254)]CRS-10051: CVU found following errors with Clusterware setup : PRVG-2027 : Owner of file "/u01/app/19.0.0.0/grid/lib/s_jwcctl_lib.pm" is inconsistent across nodes. [Found = "{oracle=[hannvzdlrasvr01], root=[hannvzdlrasvr02]}" on Nodes = "hannvzdlrasvr01,hannvzdlrasvr02"]
PRVG-2027 : Owner of file "/u01/app/19.0.0.0/grid/lib/libNeticaJ.so" is inconsistent across nodes. [Found = "{oracle=[hannvzdlrasvr01], root=[hannvzdlrasvr02]}" on Nodes = "hannvzdlrasvr01,hannvzdlrasvr02"]
PRVG-2027 : Owner of file "/u01/app/19.0.0.0/grid/lib/libCurveFit.so" is inconsistent across nodes. [Found = "{oracle=[hannvzdlrasvr01], root=[hannvzdlrasvr02]}" on Nodes = "hannvzdlrasvr01,hannvzdlrasvr02"]

2024-12-07 12:33:38.017 [CVUD(61254)]CRS-10051: CVU found following errors with Clusterware setup : PRVG-2027 : Owner of file "/u01/app/19.0.0.0/grid/lib/jwcctl_lib.pm" is inconsistent across nodes. [Found = "{oracle=[hannvzdlrasvr01], root=[hannvzdlrasvr02]}" on Nodes = "hannvzdlrasvr01,hannvzdlrasvr02"]
PRVG-2027 : Owner of file "/u01/app/19.0.0.0/grid/bin/oraipsecsetup" is inconsistent across nodes. [Found = "{oracle=[hannvzdlrasvr01], root=[hannvzdlrasvr02]}" on Nodes = "hannvzdlrasvr01,hannvzdlrasvr02"]
PRVG-2027 : Owner of file "/u01/app/19.0.0.0/grid/bin/jwcctl.pl" is inconsistent across nodes. [Found = "{oracle=[hannvzdlrasvr01], root=[hannvzdlrasvr02]}" on Nodes = "hannvzdlrasvr01,hannvzdlrasvr02"]

2024-12-07 12:33:38.017 [CVUD(61254)]CRS-10051: CVU found following errors with Clusterware setup : PRVG-2027 : Owner of file "/u01/app/19.0.0.0/grid/bin/dockeroracleinit" is inconsistent across nodes. [Found = "{oracle=[hannvzdlrasvr01], root=[hannvzdlrasvr02]}" on Nodes = "hannvzdlrasvr01,hannvzdlrasvr02"]
PRVG-2027 : Owner of file "/u01/app/19.0.0.0/grid/bin/dmproc" is inconsistent across nodes. [Found = "{oracle=[hannvzdlrasvr01], root=[hannvzdlrasvr02]}" on Nodes = "hannvzdlrasvr01,hannvzdlrasvr02"]
PRVG-2027 : Owner of file "/u01/app/19.0.0.0/grid/bin/orapki" is inconsistent across nodes. [Found = "{oracle=[hannvzdlrasvr01], root=[hannvzdlrasvr02]}" on Nodes = "hannvzdlrasvr01,hannvzdlrasvr02"]

2024-12-07 12:33:38.017 [CVUD(61254)]CRS-10051: CVU found following errors with Clusterware setup : PRVG-2027 : Owner of file "/u01/app/19.0.0.0/grid/bin/mkstore" is inconsistent across nodes. [Found = "{oracle=[hannvzdlrasvr01], root=[hannvzdlrasvr02]}" on Nodes = "hannvzdlrasvr01,hannvzdlrasvr02"]
PRVG-2027 : Owner of file "/u01/app/19.0.0.0/grid/bin/owm" is inconsistent across nodes. [Found = "{oracle=[hannvzdlrasvr01], root=[hannvzdlrasvr02]}" on Nodes = "hannvzdlrasvr01,hannvzdlrasvr02"]
PRVG-2027 : Owner of file "/u01/app/19.0.0.0/grid/lib/xmlparserv2_jaxp_services.jar" is inconsistent across nodes. [Found = "{oracle=[hannvzdlrasvr01], root=[hannvzdlrasvr02]}" on Nodes = "hannvzdlrasvr01,hannvzdlrasvr02"]

2024-12-07 12:33:38.017 [CVUD(61254)]CRS-10051: CVU found following errors with Clusterware setup : PRVG-2027 : Owner of file "/u01/app/19.0.0.0/grid/lib/xsu12.jar" is inconsistent across nodes. [Found = "{oracle=[hannvzdlrasvr01], root=[hannvzdlrasvr02]}" on Nodes = "hannvzdlrasvr01,hannvzdlrasvr02"]
PRVG-2027 : Owner of file "/u01/app/19.0.0.0/grid/lib/xmlparserv2.jar" is inconsistent across nodes. [Found = "{oracle=[hannvzdlrasvr01], root=[hannvzdlrasvr02]}" on Nodes = "hannvzdlrasvr01,hannvzdlrasvr02"]
PRVG-2027 : Owner of file "/u01/app/19.0.0.0/grid/lib/xmlcomp2.jar" is inconsistent across nodes. [Found = "{oracle=[hannvzdlrasvr01], root=[hannvzdlrasvr02]}" on Nodes = "hannvzdlrasvr01,hannvzdlrasvr02"]

2024-12-07 12:33:38.017 [CVUD(61254)]CRS-10051: CVU found following errors with Clusterware setup : PRVG-2027 : Owner of file "/u01/app/19.0.0.0/grid/lib/xschema.jar" is inconsistent across nodes. [Found = "{oracle=[hannvzdlrasvr01], root=[hannvzdlrasvr02]}" on Nodes = "hannvzdlrasvr01,hannvzdlrasvr02"]
PRVG-2027 : Owner of file "/u01/app/19.0.0.0/grid/lib/xmlmesg.jar" is inconsistent across nodes. [Found = "{oracle=[hannvzdlrasvr01], root=[hannvzdlrasvr02]}" on Nodes = "hannvzdlrasvr01,hannvzdlrasvr02"]
PRVG-2027 : Owner of file "/u01/app/19.0.0.0/grid/lib/xmlparserv2_sans_jaxp_services.jar" is inconsistent across nodes. [Found = "{oracle=[hannvzdlrasvr01], root=[hannvzdlrasvr02]}" on Nodes = "hannvzdlrasvr01,hannvzdlrasvr02"]

2024-12-07 12:33:38.018 [CVUD(61254)]CRS-10051: CVU found following errors with Clusterware setup : PRVG-2027 : Owner of file "/u01/app/19.0.0.0/grid/lib/xml.jar" is inconsistent across nodes. [Found = "{oracle=[hannvzdlrasvr01], root=[hannvzdlrasvr02]}" on Nodes = "hannvzdlrasvr01,hannvzdlrasvr02"]
PRVG-2027 : Owner of file "/u01/app/19.0.0.0/grid/bin/xml" is inconsistent across nodes. [Found = "{oracle=[hannvzdlrasvr01], root=[hannvzdlrasvr02]}" on Nodes = "hannvzdlrasvr01,hannvzdlrasvr02"]
PRVG-2027 : Owner of file "/u01/app/19.0.0.0/grid/bin/oraxml" is inconsistent across nodes. [Found = "{oracle=[hannvzdlrasvr01], root=[hannvzdlrasvr02]}" on Nodes = "hannvzdlrasvr01,hannvzdlrasvr02"]

2024-12-07 12:33:38.018 [CVUD(61254)]CRS-10051: CVU found following errors with Clusterware setup : PRVG-2027 : Owner of file "/u01/app/19.0.0.0/grid/bin/orajaxb" is inconsistent across nodes. [Found = "{oracle=[hannvzdlrasvr01], root=[hannvzdlrasvr02]}" on Nodes = "hannvzdlrasvr01,hannvzdlrasvr02"]
PRVG-2027 : Owner of file "/u01/app/19.0.0.0/grid/bin/schema" is inconsistent across nodes. [Found = "{oracle=[hannvzdlrasvr01], root=[hannvzdlrasvr02]}" on Nodes = "hannvzdlrasvr01,hannvzdlrasvr02"]
PRVG-2027 : Owner of file "/u01/app/19.0.0.0/grid/bin/oraxsl" is inconsistent across nodes. [Found = "{oracle=[hannvzdlrasvr01], root=[hannvzdlrasvr02]}" on Nodes = "hannvzdlrasvr01,hannvzdlrasvr02"]

2024-12-07 12:33:38.018 [CVUD(61254)]CRS-10051: CVU found following errors with Clusterware setup : PRVG-2027 : Owner of file "/u01/app/19.0.0.0/grid/lib/nigtab.o" is inconsistent across nodes. [Found = "{oracle=[hannvzdlrasvr01], root=[hannvzdlrasvr02]}" on Nodes = "hannvzdlrasvr01,hannvzdlrasvr02"]
PRVG-2027 : Owner of file "/u01/app/19.0.0.0/grid/lib/nigcon.o" is inconsistent across nodes. [Found = "{oracle=[hannvzdlrasvr01], root=[hannvzdlrasvr02]}" on Nodes = "hannvzdlrasvr01,hannvzdlrasvr02"]
PRVG-2027 : Owner of file "/u01/app/19.0.0.0/grid/lib/osntabst.o" is inconsistent across nodes. [Found = "{oracle=[hannvzdlrasvr01], root=[hannvzdlrasvr02]}" on Nodes = "hannvzdlrasvr01,hannvzdlrasvr02"]

2024-12-07 12:33:38.018 [CVUD(61254)]CRS-10051: CVU found following errors with Clusterware setup : PRVG-2027 : Owner of file "/u01/app/19.0.0.0/grid/bin/trcroute" is inconsistent across nodes. [Found = "{oracle=[hannvzdlrasvr01], root=[hannvzdlrasvr02]}" on Nodes = "hannvzdlrasvr01,hannvzdlrasvr02"]
PRVG-2027 : Owner of file "/u01/app/19.0.0.0/grid/bin/adapters" is inconsistent across nodes. [Found = "{oracle=[hannvzdlrasvr01], root=[hannvzdlrasvr02]}" on Nodes = "hannvzdlrasvr01,hannvzdlrasvr02"]
PRVG-2027 : Owner of file "/u01/app/19.0.0.0/grid/lib/libsqlplus.so" is inconsistent across nodes. [Found = "{oracle=[hannvzdlrasvr01], root=[hannvzdlrasvr02]}" on Nodes = "hannvzdlrasvr01,hannvzdlrasvr02"]

2024-12-07 12:33:38.018 [CVUD(61254)]CRS-10051: CVU found following errors with Clusterware setup : PRVG-2027 : Owner of file "/u01/app/19.0.0.0/grid/bin/sqlplus" is inconsistent across nodes. [Found = "{oracle=[hannvzdlrasvr01], root=[hannvzdlrasvr02]}" on Nodes = "hannvzdlrasvr01,hannvzdlrasvr02"]
PRVG-2027 : Owner of file "/u01/app/19.0.0.0/grid/lib/libsqlplus.a" is inconsistent across nodes. [Found = "{oracle=[hannvzdlrasvr01], root=[hannvzdlrasvr02]}" on Nodes = "hannvzdlrasvr01,hannvzdlrasvr02"]
PRVG-2027 : Owner of file "/u01/app/19.0.0.0/grid/bin/rman" is inconsistent across nodes. [Found = "{oracle=[hannvzdlrasvr01], root=[hannvzdlrasvr02]}" on Nodes = "hannvzdlrasvr01,hannvzdlrasvr02"]

2024-12-07 12:33:38.018 [CVUD(61254)]CRS-10051: CVU found following errors with Clusterware setup : PRVG-2027 : Owner of file "/u01/app/19.0.0.0/grid/lib/libwwg.a" is inconsistent across nodes. [Found = "{oracle=[hannvzdlrasvr01], root=[hannvzdlrasvr02]}" on Nodes = "hannvzdlrasvr01,hannvzdlrasvr02"]
PRVG-2027 : Owner of file "/u01/app/19.0.0.0/grid/lib/liboraolap19.a" is inconsistent across nodes. [Found = "{oracle=[hannvzdlrasvr01], root=[hannvzdlrasvr02]}" on Nodes = "hannvzdlrasvr01,hannvzdlrasvr02"]
PRVG-2027 : Owner of file "/u01/app/19.0.0.0/grid/bin/dbgeu_run_action.pl" is inconsistent across nodes. [Found = "{oracle=[hannvzdlrasvr01], root=[hannvzdlrasvr02]}" on Nodes = "hannvzdlrasvr01,hannvzdlrasvr02"]

2024-12-07 12:33:38.018 [CVUD(61254)]CRS-10051: CVU found following errors with Clusterware setup : PRVG-2027 : Owner of file "/u01/app/19.0.0.0/grid/bin/aqxmlctl.pl" is inconsistent across nodes. [Found = "{oracle=[hannvzdlrasvr01], root=[hannvzdlrasvr02]}" on Nodes = "hannvzdlrasvr01,hannvzdlrasvr02"]
PRVG-2027 : Owner of file "/u01/app/19.0.0.0/grid/bin/tkprof" is inconsistent across nodes. [Found = "{oracle=[hannvzdlrasvr01], root=[hannvzdlrasvr02]}" on Nodes = "hannvzdlrasvr01,hannvzdlrasvr02"]
PRVG-2027 : Owner of file "/u01/app/19.0.0.0/grid/bin/dg4pwd" is inconsistent across nodes. [Found = "{oracle=[hannvzdlrasvr01], root=[hannvzdlrasvr02]}" on Nodes = "hannvzdlrasvr01,hannvzdlrasvr02"]

2024-12-07 12:33:38.018 [CVUD(61254)]CRS-10051: CVU found following errors with Clusterware setup : PRVG-2027 : Owner of file "/u01/app/19.0.0.0/grid/bin/plshprof" is inconsistent across nodes. [Found = "{oracle=[hannvzdlrasvr01], root=[hannvzdlrasvr02]}" on Nodes = "hannvzdlrasvr01,hannvzdlrasvr02"]
PRVG-2027 : Owner of file "/u01/app/19.0.0.0/grid/bin/osh" is inconsistent across nodes. [Found = "{oracle=[hannvzdlrasvr01], root=[hannvzdlrasvr02]}" on Nodes = "hannvzdlrasvr01,hannvzdlrasvr02"]
PRVG-2027 : Owner of file "/u01/app/19.0.0.0/grid/bin/dbshut" is inconsistent across nodes. [Found = "{oracle=[hannvzdlrasvr01], root=[hannvzdlrasvr02]}" on Nodes = "hannvzdlrasvr01,hannvzdlrasvr02"]

2024-12-07 12:33:38.018 [CVUD(61254)]CRS-10051: CVU found following errors with Clusterware setup : PRVG-2027 : Owner of file "/u01/app/19.0.0.0/grid/lib/libagtsh.so.1.0" is inconsistent across nodes. [Found = "{oracle=[hannvzdlrasvr01], root=[hannvzdlrasvr02]}" on Nodes = "hannvzdlrasvr01,hannvzdlrasvr02"]
PRVG-2027 : Owner of file "/u01/app/19.0.0.0/grid/bin/dbfs_client" is inconsistent across nodes. [Found = "{oracle=[hannvzdlrasvr01], root=[hannvzdlrasvr02]}" on Nodes = "hannvzdlrasvr01,hannvzdlrasvr02"]
PRVG-2027 : Owner of file "/u01/app/19.0.0.0/grid/lib/mail.jar" is inconsistent across nodes. [Found = "{oracle=[hannvzdlrasvr01], root=[hannvzdlrasvr02]}" on Nodes = "hannvzdlrasvr01,hannvzdlrasvr02"]

2024-12-07 12:33:38.018 [CVUD(61254)]CRS-10051: CVU found following errors with Clusterware setup : PRVG-2027 : Owner of file "/u01/app/19.0.0.0/grid/lib/activation.jar" is inconsistent across nodes. [Found = "{oracle=[hannvzdlrasvr01], root=[hannvzdlrasvr02]}" on Nodes = "hannvzdlrasvr01,hannvzdlrasvr02"]
PRVG-2027 : Owner of file "/u01/app/19.0.0.0/grid/lib/libheteroxa19.a" is inconsistent across nodes. [Found = "{oracle=[hannvzdlrasvr01], root=[hannvzdlrasvr02]}" on Nodes = "hannvzdlrasvr01,hannvzdlrasvr02"]
PRVG-2027 : Owner of file "/u01/app/19.0.0.0/grid/lib/libocijdbc19.so" is inconsistent across nodes. [Found = "{oracle=[hannvzdlrasvr01], root=[hannvzdlrasvr02]}" on Nodes = "hannvzdlrasvr01,hannvzdlrasvr02"]

2024-12-07 12:33:38.018 [CVUD(61254)]CRS-10051: CVU found following errors with Clusterware setup : PRVG-2027 : Owner of file "/u01/app/19.0.0.0/grid/lib/libheteroxa19.so" is inconsistent across nodes. [Found = "{oracle=[hannvzdlrasvr01], root=[hannvzdlrasvr02]}" on Nodes = "hannvzdlrasvr01,hannvzdlrasvr02"]
PRVG-2027 : Owner of file "/u01/app/19.0.0.0/grid/lib/libocijdbc19.a" is inconsistent across nodes. [Found = "{oracle=[hannvzdlrasvr01], root=[hannvzdlrasvr02]}" on Nodes = "hannvzdlrasvr01,hannvzdlrasvr02"]
PRVG-2027 : Owner of file "/u01/app/19.0.0.0/grid/bin/ldapaddmt" is inconsistent across nodes. [Found = "{oracle=[hannvzdlrasvr01], root=[hannvzdlrasvr02]}" on Nodes = "hannvzdlrasvr01,hannvzdlrasvr02"]

2024-12-07 12:33:38.018 [CVUD(61254)]CRS-10051: CVU found following errors with Clusterware setup : PRVG-2027 : Owner of file "/u01/app/19.0.0.0/grid/bin/dsml2ldif" is inconsistent across nodes. [Found = "{oracle=[hannvzdlrasvr01], root=[hannvzdlrasvr02]}" on Nodes = "hannvzdlrasvr01,hannvzdlrasvr02"]
PRVG-2027 : Owner of file "/u01/app/19.0.0.0/grid/bin/ldapmodify" is inconsistent across nodes. [Found = "{oracle=[hannvzdlrasvr01], root=[hannvzdlrasvr02]}" on Nodes = "hannvzdlrasvr01,hannvzdlrasvr02"]
PRVG-2027 : Owner of file "/u01/app/19.0.0.0/grid/bin/ldapmoddn" is inconsistent across nodes. [Found = "{oracle=[hannvzdlrasvr01], root=[hannvzdlrasvr02]}" on Nodes = "hannvzdlrasvr01,hannvzdlrasvr02"]

2024-12-07 12:33:38.019 [CVUD(61254)]CRS-10051: CVU found following errors with Clusterware setup : PRVG-2027 : Owner of file "/u01/app/19.0.0.0/grid/bin/ldapcompare" is inconsistent across nodes. [Found = "{oracle=[hannvzdlrasvr01], root=[hannvzdlrasvr02]}" on Nodes = "hannvzdlrasvr01,hannvzdlrasvr02"]
PRVG-2027 : Owner of file "/u01/app/19.0.0.0/grid/bin/ldapadd" is inconsistent across nodes. [Found = "{oracle=[hannvzdlrasvr01], root=[hannvzdlrasvr02]}" on Nodes = "hannvzdlrasvr01,hannvzdlrasvr02"]
PRVG-2027 : Owner of file "/u01/app/19.0.0.0/grid/bin/ldapmodifymt" is inconsistent across nodes. [Found = "{oracle=[hannvzdlrasvr01], root=[hannvzdlrasvr02]}" on Nodes = "hannvzdlrasvr01,hannvzdlrasvr02"]

2024-12-07 12:33:38.019 [CVUD(61254)]CRS-10051: CVU found following errors with Clusterware setup : PRVG-2027 : Owner of file "/u01/app/19.0.0.0/grid/bin/ldapbind" is inconsistent across nodes. [Found = "{oracle=[hannvzdlrasvr01], root=[hannvzdlrasvr02]}" on Nodes = "hannvzdlrasvr01,hannvzdlrasvr02"]
PRVG-2027 : Owner of file "/u01/app/19.0.0.0/grid/bin/ldapdelete" is inconsistent across nodes. [Found = "{oracle=[hannvzdlrasvr01], root=[hannvzdlrasvr02]}" on Nodes = "hannvzdlrasvr01,hannvzdlrasvr02"]
PRVG-2027 : Owner of file "/u01/app/19.0.0.0/grid/bin/ldapsearch" is inconsistent across nodes. [Found = "{oracle=[hannvzdlrasvr01], root=[hannvzdlrasvr02]}" on Nodes = "hannvzdlrasvr01,hannvzdlrasvr02"]

2024-12-07 12:33:38.019 [CVUD(61254)]CRS-10051: CVU found following errors with Clusterware setup : PRVG-2027 : Owner of file "/u01/app/19.0.0.0/grid/bin/lsnrctl" is inconsistent across nodes. [Found = "{oracle=[hannvzdlrasvr01], root=[hannvzdlrasvr02]}" on Nodes = "hannvzdlrasvr01,hannvzdlrasvr02"]
PRVG-2027 : Owner of file "/u01/app/19.0.0.0/grid/bin/tnslsnr" is inconsistent across nodes. [Found = "{oracle=[hannvzdlrasvr01], root=[hannvzdlrasvr02]}" on Nodes = "hannvzdlrasvr01,hannvzdlrasvr02"]
PRVG-2027 : Owner of file "/u01/app/19.0.0.0/grid/lib/http_client.jar" is inconsistent across nodes. [Found = "{oracle=[hannvzdlrasvr01], root=[hannvzdlrasvr02]}" on Nodes = "hannvzdlrasvr01,hannvzdlrasvr02"]

2024-12-07 12:33:38.019 [CVUD(61254)]CRS-10051: CVU found following errors with Clusterware setup : PRVG-2027 : Owner of file "/u01/app/19.0.0.0/grid/bin/crsdiag.pl" is inconsistent across nodes. [Found = "{oracle=[hannvzdlrasvr01], root=[hannvzdlrasvr02]}" on Nodes = "hannvzdlrasvr01,hannvzdlrasvr02"]
PRVG-2027 : Owner of file "/u01/app/19.0.0.0/grid/lib/libclsr19.a" is inconsistent across nodes. [Found = "{oracle=[hannvzdlrasvr01], root=[hannvzdlrasvr02]}" on Nodes = "hannvzdlrasvr01,hannvzdlrasvr02"]
PRVG-2027 : Owner of file "/u01/app/19.0.0.0/grid/bin/srvconfig" is inconsistent across nodes. [Found = "{oracle=[hannvzdlrasvr01], root=[hannvzdlrasvr02]}" on Nodes = "hannvzdlrasvr01,hannvzdlrasvr02"]

2024-12-07 12:33:38.019 [CVUD(61254)]CRS-10051: CVU found following errors with Clusterware setup : PRVG-2027 : Owner of file "/u01/app/19.0.0.0/grid/lib/libskjcx19.so" is inconsistent across nodes. [Found = "{oracle=[hannvzdlrasvr01], root=[hannvzdlrasvr02]}" on Nodes = "hannvzdlrasvr01,hannvzdlrasvr02"]
PRVG-2027 : Owner of file "/u01/app/19.0.0.0/grid/lib/libcell19.a" is inconsistent across nodes. [Found = "{oracle=[hannvzdlrasvr01], root=[hannvzdlrasvr02]}" on Nodes = "hannvzdlrasvr01,hannvzdlrasvr02"]
PRVG-2027 : Owner of file "/u01/app/19.0.0.0/grid/lib/libcell19.so" is inconsistent across nodes. [Found = "{oracle=[hannvzdlrasvr01], root=[hannvzdlrasvr02]}" on Nodes = "hannvzdlrasvr01,hannvzdlrasvr02"]

2024-12-07 12:33:38.019 [CVUD(61254)]CRS-10051: CVU found following errors with Clusterware setup : PRVG-2027 : Owner of file "/u01/app/19.0.0.0/grid/lib/libipcdat19.so" is inconsistent across nodes. [Found = "{oracle=[hannvzdlrasvr01], root=[hannvzdlrasvr02]}" on Nodes = "hannvzdlrasvr01,hannvzdlrasvr02"]
PRVG-2027 : Owner of file "/u01/app/19.0.0.0/grid/lib/libordsdo19.a" is inconsistent across nodes. [Found = "{oracle=[hannvzdlrasvr01], root=[hannvzdlrasvr02]}" on Nodes = "hannvzdlrasvr01,hannvzdlrasvr02"]
PRVG-2027 : Owner of file "/u01/app/19.0.0.0/grid/lib/libctx19.a" is inconsistent across nodes. [Found = "{oracle=[hannvzdlrasvr01], root=[hannvzdlrasvr02]}" on Nodes = "hannvzdlrasvr01,hannvzdlrasvr02"]

2024-12-07 12:33:38.019 [CVUD(61254)]CRS-10051: CVU found following errors with Clusterware setup : PRVG-2027 : Owner of file "/u01/app/19.0.0.0/grid/lib/libgx19.a" is inconsistent across nodes. [Found = "{oracle=[hannvzdlrasvr01], root=[hannvzdlrasvr02]}" on Nodes = "hannvzdlrasvr01,hannvzdlrasvr02"]
PRVG-2027 : Owner of file "/u01/app/19.0.0.0/grid/lib/libzx19.a" is inconsistent across nodes. [Found = "{oracle=[hannvzdlrasvr01], root=[hannvzdlrasvr02]}" on Nodes = "hannvzdlrasvr01,hannvzdlrasvr02"]
PRVG-2027 : Owner of file "/u01/app/19.0.0.0/grid/lib/libctxc19.a" is inconsistent across nodes. [Found = "{oracle=[hannvzdlrasvr01], root=[hannvzdlrasvr02]}" on Nodes = "hannvzdlrasvr01,hannvzdlrasvr02"]

2024-12-07 12:33:38.019 [CVUD(61254)]CRS-10051: CVU found following errors with Clusterware setup : PRVG-2027 : Owner of file "/u01/app/19.0.0.0/grid/bin/opwdintg.exe" is inconsistent across nodes. [Found = "{oracle=[hannvzdlrasvr01], root=[hannvzdlrasvr02]}" on Nodes = "hannvzdlrasvr01,hannvzdlrasvr02"]
PRVG-2027 : Owner of file "/u01/app/19.0.0.0/grid/lib/asmcmdtmpl.pm" is inconsistent across nodes. [Found = "{oracle=[hannvzdlrasvr01], root=[hannvzdlrasvr02]}" on Nodes = "hannvzdlrasvr01,hannvzdlrasvr02"]
PRVG-2027 : Owner of file "/u01/app/19.0.0.0/grid/lib/asmcmdsys.pm" is inconsistent across nodes. [Found = "{oracle=[hannvzdlrasvr01], root=[hannvzdlrasvr02]}" on Nodes = "hannvzdlrasvr01,hannvzdlrasvr02"]

2024-12-07 12:33:38.019 [CVUD(61254)]CRS-10051: CVU found following errors with Clusterware setup : PRVG-2027 : Owner of file "/u01/app/19.0.0.0/grid/lib/asmcmd_disk_header_format" is inconsistent across nodes. [Found = "{oracle=[hannvzdlrasvr01], root=[hannvzdlrasvr02]}" on Nodes = "hannvzdlrasvr01,hannvzdlrasvr02"]
PRVG-2027 : Owner of file "/u01/app/19.0.0.0/grid/lib/asmcmdambracfs.xml" is inconsistent across nodes. [Found = "{oracle=[hannvzdlrasvr01], root=[hannvzdlrasvr02]}" on Nodes = "hannvzdlrasvr01,hannvzdlrasvr02"]
PRVG-2027 : Owner of file "/u01/app/19.0.0.0/grid/lib/asmcmdattr.pm" is inconsistent across nodes. [Found = "{oracle=[hannvzdlrasvr01], root=[hannvzdlrasvr02]}" on Nodes = "hannvzdlrasvr01,hannvzdlrasvr02"]

2024-12-07 12:33:38.019 [CVUD(61254)]CRS-10051: CVU found following errors with Clusterware setup : PRVG-2027 : Owner of file "/u01/app/19.0.0.0/grid/lib/opc_installer.zip" is inconsistent across nodes. [Found = "{oracle=[hannvzdlrasvr01], root=[hannvzdlrasvr02]}" on Nodes = "hannvzdlrasvr01,hannvzdlrasvr02"]
PRVG-2027 : Owner of file "/u01/app/19.0.0.0/grid/lib/asmcmddisk.pm" is inconsistent across nodes. [Found = "{oracle=[hannvzdlrasvr01], root=[hannvzdlrasvr02]}" on Nodes = "hannvzdlrasvr01,hannvzdlrasvr02"]
PRVG-2027 : Owner of file "/u01/app/19.0.0.0/grid/lib/asmcommand.xml" is inconsistent across nodes. [Found = "{oracle=[hannvzdlrasvr01], root=[hannvzdlrasvr02]}" on Nodes = "hannvzdlrasvr01,hannvzdlrasvr02"]

2024-12-07 12:33:38.019 [CVUD(61254)]CRS-10051: CVU found following errors with Clusterware setup : PRVG-2027 : Owner of file "/u01/app/19.0.0.0/grid/lib/asmcmdfgrp.pm" is inconsistent across nodes. [Found = "{oracle=[hannvzdlrasvr01], root=[hannvzdlrasvr02]}" on Nodes = "hannvzdlrasvr01,hannvzdlrasvr02"]
PRVG-2027 : Owner of file "/u01/app/19.0.0.0/grid/lib/asmcmdafd.pm" is inconsistent across nodes. [Found = "{oracle=[hannvzdlrasvr01], root=[hannvzdlrasvr02]}" on Nodes = "hannvzdlrasvr01,hannvzdlrasvr02"]
PRVG-2027 : Owner of file "/u01/app/19.0.0.0/grid/lib/asmcmdvol.pm" is inconsistent across nodes. [Found = "{oracle=[hannvzdlrasvr01], root=[hannvzdlrasvr02]}" on Nodes = "hannvzdlrasvr01,hannvzdlrasvr02"]

2024-12-07 12:33:38.019 [CVUD(61254)]CRS-10051: CVU found following errors with Clusterware setup : PRVG-2027 : Owner of file "/u01/app/19.0.0.0/grid/lib/asmcmdug.pm" is inconsistent across nodes. [Found = "{oracle=[hannvzdlrasvr01], root=[hannvzdlrasvr02]}" on Nodes = "hannvzdlrasvr01,hannvzdlrasvr02"]
PRVG-2027 : Owner of file "/u01/app/19.0.0.0/grid/lib/ra_installer.zip" is inconsistent across nodes. [Found = "{oracle=[hannvzdlrasvr01], root=[hannvzdlrasvr02]}" on Nodes = "hannvzdlrasvr01,hannvzdlrasvr02"]
PRVG-2027 : Owner of file "/u01/app/19.0.0.0/grid/lib/asmcmdbase.pm" is inconsistent across nodes. [Found = "{oracle=[hannvzdlrasvr01], root=[hannvzdlrasvr02]}" on Nodes = "hannvzdlrasvr01,hannvzdlrasvr02"]

2024-12-07 12:33:38.020 [CVUD(61254)]CRS-10051: CVU found following errors with Clusterware setup : PRVG-2027 : Owner of file "/u01/app/19.0.0.0/grid/lib/asmcmdqg.pm" is inconsistent across nodes. [Found = "{oracle=[hannvzdlrasvr01], root=[hannvzdlrasvr02]}" on Nodes = "hannvzdlrasvr01,hannvzdlrasvr02"]
PRVG-2027 : Owner of file "/u01/app/19.0.0.0/grid/lib/osbws_installer.zip" is inconsistent across nodes. [Found = "{oracle=[hannvzdlrasvr01], root=[hannvzdlrasvr02]}" on Nodes = "hannvzdlrasvr01,hannvzdlrasvr02"]
PRVG-2027 : Owner of file "/u01/app/19.0.0.0/grid/lib/opc2_installer.zip" is inconsistent across nodes. [Found = "{oracle=[hannvzdlrasvr01], root=[hannvzdlrasvr02]}" on Nodes = "hannvzdlrasvr01,hannvzdlrasvr02"]

2024-12-07 12:33:38.020 [CVUD(61254)]CRS-10051: CVU found following errors with Clusterware setup : PRVG-2027 : Owner of file "/u01/app/19.0.0.0/grid/lib/asmcmddiag.pm" is inconsistent across nodes. [Found = "{oracle=[hannvzdlrasvr01], root=[hannvzdlrasvr02]}" on Nodes = "hannvzdlrasvr01,hannvzdlrasvr02"]
PRVG-2027 : Owner of file "/u01/app/19.0.0.0/grid/lib/asmcmdamdu.pm" is inconsistent across nodes. [Found = "{oracle=[hannvzdlrasvr01], root=[hannvzdlrasvr02]}" on Nodes = "hannvzdlrasvr01,hannvzdlrasvr02"]
PRVG-2027 : Owner of file "/u01/app/19.0.0.0/grid/lib/asmcmdambr.pm" is inconsistent across nodes. [Found = "{oracle=[hannvzdlrasvr01], root=[hannvzdlrasvr02]}" on Nodes = "hannvzdlrasvr01,hannvzdlrasvr02"]

2024-12-07 12:33:38.020 [CVUD(61254)]CRS-10051: CVU found following errors with Clusterware setup : PRVG-2027 : Owner of file "/u01/app/19.0.0.0/grid/lib/asmcmdexceptions.pm" is inconsistent across nodes. [Found = "{oracle=[hannvzdlrasvr01], root=[hannvzdlrasvr02]}" on Nodes = "hannvzdlrasvr01,hannvzdlrasvr02"]
PRVG-2027 : Owner of file "/u01/app/19.0.0.0/grid/lib/asmcmdpasswd.pm" is inconsistent across nodes. [Found = "{oracle=[hannvzdlrasvr01], root=[hannvzdlrasvr02]}" on Nodes = "hannvzdlrasvr01,hannvzdlrasvr02"]
PRVG-2027 : Owner of file "/u01/app/19.0.0.0/grid/lib/asmcmdglobal.pm" is inconsistent across nodes. [Found = "{oracle=[hannvzdlrasvr01], root=[hannvzdlrasvr02]}" on Nodes = "hannvzdlrasvr01,hannvzdlrasvr02"]

2024-12-07 12:33:38.020 [CVUD(61254)]CRS-10051: CVU found following errors with Clusterware setup : PRVG-2027 : Owner of file "/u01/app/19.0.0.0/grid/lib/asmcmdxmlexceptions.pm" is inconsistent across nodes. [Found = "{oracle=[hannvzdlrasvr01], root=[hannvzdlrasvr02]}" on Nodes = "hannvzdlrasvr01,hannvzdlrasvr02"]
PRVG-2027 : Owner of file "/u01/app/19.0.0.0/grid/lib/asmcmdparser.pm" is inconsistent across nodes. [Found = "{oracle=[hannvzdlrasvr01], root=[hannvzdlrasvr02]}" on Nodes = "hannvzdlrasvr01,hannvzdlrasvr02"]
PRVG-2027 : Owner of file "/u01/app/19.0.0.0/grid/lib/asmcmdaudit.pm" is inconsistent across nodes. [Found = "{oracle=[hannvzdlrasvr01], root=[hannvzdlrasvr02]}" on Nodes = "hannvzdlrasvr01,hannvzdlrasvr02"]

2024-12-07 12:33:38.020 [CVUD(61254)]CRS-10051: CVU found following errors with Clusterware setup : PRVG-2027 : Owner of file "/u01/app/19.0.0.0/grid/lib/asmcmdshare.pm" is inconsistent across nodes. [Found = "{oracle=[hannvzdlrasvr01], root=[hannvzdlrasvr02]}" on Nodes = "hannvzdlrasvr01,hannvzdlrasvr02"]
PRVG-2027 : Owner of file "/u01/app/19.0.0.0/grid/lib/libopcodm19.a" is inconsistent across nodes. [Found = "{oracle=[hannvzdlrasvr01], root=[hannvzdlrasvr02]}" on Nodes = "hannvzdlrasvr01,hannvzdlrasvr02"]
PRVG-2027 : Owner of file "/u01/app/19.0.0.0/grid/lib/libopc.so" is inconsistent across nodes. [Found = "{oracle=[hannvzdlrasvr01], root=[hannvzdlrasvr02]}" on Nodes = "hannvzdlrasvr01,hannvzdlrasvr02"]

2024-12-07 12:33:38.020 [CVUD(61254)]CRS-10051: CVU found following errors with Clusterware setup : PRVG-2027 : Owner of file "/u01/app/19.0.0.0/grid/lib/libavstub19.a" is inconsistent across nodes. [Found = "{oracle=[hannvzdlrasvr01], root=[hannvzdlrasvr02]}" on Nodes = "hannvzdlrasvr01,hannvzdlrasvr02"]
PRVG-2027 : Owner of file "/u01/app/19.0.0.0/grid/lib/libpatchgensh19.a" is inconsistent across nodes. [Found = "{oracle=[hannvzdlrasvr01], root=[hannvzdlrasvr02]}" on Nodes = "hannvzdlrasvr01,hannvzdlrasvr02"]
PRVG-2027 : Owner of file "/u01/app/19.0.0.0/grid/lib/libasmperl19.so" is inconsistent across nodes. [Found = "{oracle=[hannvzdlrasvr01], root=[hannvzdlrasvr02]}" on Nodes = "hannvzdlrasvr01,hannvzdlrasvr02"]

2024-12-07 12:33:38.020 [CVUD(61254)]CRS-10051: CVU found following errors with Clusterware setup : PRVG-2027 : Owner of file "/u01/app/19.0.0.0/grid/lib/libnid.a" is inconsistent across nodes. [Found = "{oracle=[hannvzdlrasvr01], root=[hannvzdlrasvr02]}" on Nodes = "hannvzdlrasvr01,hannvzdlrasvr02"]
PRVG-2027 : Owner of file "/u01/app/19.0.0.0/grid/lib/libosbws.so" is inconsistent across nodes. [Found = "{oracle=[hannvzdlrasvr01], root=[hannvzdlrasvr02]}" on Nodes = "hannvzdlrasvr01,hannvzdlrasvr02"]
PRVG-2027 : Owner of file "/u01/app/19.0.0.0/grid/lib/libopcodm19.so" is inconsistent across nodes. [Found = "{oracle=[hannvzdlrasvr01], root=[hannvzdlrasvr02]}" on Nodes = "hannvzdlrasvr01,hannvzdlrasvr02"]

2024-12-07 12:33:38.020 [CVUD(61254)]CRS-10051: CVU found following errors with Clusterware setup : PRVG-2027 : Owner of file "/u01/app/19.0.0.0/grid/lib/libasmperl19.a" is inconsistent across nodes. [Found = "{oracle=[hannvzdlrasvr01], root=[hannvzdlrasvr02]}" on Nodes = "hannvzdlrasvr01,hannvzdlrasvr02"]
PRVG-2027 : Owner of file "/u01/app/19.0.0.0/grid/lib/libpatchgensh19.so" is inconsistent across nodes. [Found = "{oracle=[hannvzdlrasvr01], root=[hannvzdlrasvr02]}" on Nodes = "hannvzdlrasvr01,hannvzdlrasvr02"]
PRVG-2027 : Owner of file "/u01/app/19.0.0.0/grid/lib/libskgxns.so" is inconsistent across nodes. [Found = "{oracle=[hannvzdlrasvr01], root=[hannvzdlrasvr02]}" on Nodes = "hannvzdlrasvr01,hannvzdlrasvr02"]

2024-12-07 12:33:38.020 [CVUD(61254)]CRS-10051: CVU found following errors with Clusterware setup : PRVG-2027 : Owner of file "/u01/app/19.0.0.0/grid/lib/libra.so" is inconsistent across nodes. [Found = "{oracle=[hannvzdlrasvr01], root=[hannvzdlrasvr02]}" on Nodes = "hannvzdlrasvr01,hannvzdlrasvr02"]
PRVG-2027 : Owner of file "/u01/app/19.0.0.0/grid/bin/dbv" is inconsistent across nodes. [Found = "{oracle=[hannvzdlrasvr01], root=[hannvzdlrasvr02]}" on Nodes = "hannvzdlrasvr01,hannvzdlrasvr02"]
PRVG-2027 : Owner of file "/u01/app/19.0.0.0/grid/bin/tstshm" is inconsistent across nodes. [Found = "{oracle=[hannvzdlrasvr01], root=[hannvzdlrasvr02]}" on Nodes = "hannvzdlrasvr01,hannvzdlrasvr02"]

2024-12-07 12:33:38.020 [CVUD(61254)]CRS-10051: CVU found following errors with Clusterware setup : PRVG-2027 : Owner of file "/u01/app/19.0.0.0/grid/bin/skgxpinfo" is inconsistent across nodes. [Found = "{oracle=[hannvzdlrasvr01], root=[hannvzdlrasvr02]}" on Nodes = "hannvzdlrasvr01,hannvzdlrasvr02"]
PRVG-2027 : Owner of file "/u01/app/19.0.0.0/grid/bin/oradnfs_run.sh" is inconsistent across nodes. [Found = "{oracle=[hannvzdlrasvr01], root=[hannvzdlrasvr02]}" on Nodes = "hannvzdlrasvr01,hannvzdlrasvr02"]
PRVG-2027 : Owner of file "/u01/app/19.0.0.0/grid/bin/dumpsga" is inconsistent across nodes. [Found = "{oracle=[hannvzdlrasvr01], root=[hannvzdlrasvr02]}" on Nodes = "hannvzdlrasvr01,hannvzdlrasvr02"]

2024-12-07 12:33:38.020 [CVUD(61254)]CRS-10051: CVU found following errors with Clusterware setup : PRVG-2027 : Owner of file "/u01/app/19.0.0.0/grid/bin/trcldr" is inconsistent across nodes. [Found = "{oracle=[hannvzdlrasvr01], root=[hannvzdlrasvr02]}" on Nodes = "hannvzdlrasvr01,hannvzdlrasvr02"]
PRVG-2027 : Owner of file "/u01/app/19.0.0.0/grid/bin/hsalloci" is inconsistent across nodes. [Found = "{oracle=[hannvzdlrasvr01], root=[hannvzdlrasvr02]}" on Nodes = "hannvzdlrasvr01,hannvzdlrasvr02"]
PRVG-2027 : Owner of file "/u01/app/19.0.0.0/grid/bin/dbreload" is inconsistent across nodes. [Found = "{oracle=[hannvzdlrasvr01], root=[hannvzdlrasvr02]}" on Nodes = "hannvzdlrasvr01,hannvzdlrasvr02"]

2024-12-07 12:33:38.020 [CVUD(61254)]CRS-10051: CVU found following errors with Clusterware setup : PRVG-2027 : Owner of file "/u01/app/19.0.0.0/grid/bin/bdschecksw" is inconsistent across nodes. [Found = "{oracle=[hannvzdlrasvr01], root=[hannvzdlrasvr02]}" on Nodes = "hannvzdlrasvr01,hannvzdlrasvr02"]
PRVG-2027 : Owner of file "/u01/app/19.0.0.0/grid/bin/maxmem" is inconsistent across nodes. [Found = "{oracle=[hannvzdlrasvr01], root=[hannvzdlrasvr02]}" on Nodes = "hannvzdlrasvr01,hannvzdlrasvr02"]
PRVG-2027 : Owner of file "/u01/app/19.0.0.0/grid/bin/hsots" is inconsistent across nodes. [Found = "{oracle=[hannvzdlrasvr01], root=[hannvzdlrasvr02]}" on Nodes = "hannvzdlrasvr01,hannvzdlrasvr02"]

2024-12-07 12:33:38.021 [CVUD(61254)]CRS-10051: CVU found following errors with Clusterware setup : PRVG-2027 : Owner of file "/u01/app/19.0.0.0/grid/bin/cursize" is inconsistent across nodes. [Found = "{oracle=[hannvzdlrasvr01], root=[hannvzdlrasvr02]}" on Nodes = "hannvzdlrasvr01,hannvzdlrasvr02"]
PRVG-2027 : Owner of file "/u01/app/19.0.0.0/grid/bin/orion" is inconsistent across nodes. [Found = "{oracle=[hannvzdlrasvr01], root=[hannvzdlrasvr02]}" on Nodes = "hannvzdlrasvr01,hannvzdlrasvr02"]
PRVG-2027 : Owner of file "/u01/app/19.0.0.0/grid/bin/dbupgrade" is inconsistent across nodes. [Found = "{oracle=[hannvzdlrasvr01], root=[hannvzdlrasvr02]}" on Nodes = "hannvzdlrasvr01,hannvzdlrasvr02"]

2024-12-07 12:33:38.021 [CVUD(61254)]CRS-10051: CVU found following errors with Clusterware setup : PRVG-2027 : Owner of file "/u01/app/19.0.0.0/grid/bin/setasmgid" is inconsistent across nodes. [Found = "{oracle=[hannvzdlrasvr01], root=[hannvzdlrasvr02]}" on Nodes = "hannvzdlrasvr01,hannvzdlrasvr02"]
PRVG-2027 : Owner of file "/u01/app/19.0.0.0/grid/bin/renamedg" is inconsistent across nodes. [Found = "{oracle=[hannvzdlrasvr01], root=[hannvzdlrasvr02]}" on Nodes = "hannvzdlrasvr01,hannvzdlrasvr02"]
PRVG-2027 : Owner of file "/u01/app/19.0.0.0/grid/bin/sbttest" is inconsistent across nodes. [Found = "{oracle=[hannvzdlrasvr01], root=[hannvzdlrasvr02]}" on Nodes = "hannvzdlrasvr01,hannvzdlrasvr02"]

2024-12-07 12:33:38.021 [CVUD(61254)]CRS-10051: CVU found following errors with Clusterware setup : PRVG-2027 : Owner of file "/u01/app/19.0.0.0/grid/bin/oradnfs" is inconsistent across nodes. [Found = "{oracle=[hannvzdlrasvr01], root=[hannvzdlrasvr02]}" on Nodes = "hannvzdlrasvr01,hannvzdlrasvr02"]
PRVG-2027 : Owner of file "/u01/app/19.0.0.0/grid/bin/dbfsize" is inconsistent across nodes. [Found = "{oracle=[hannvzdlrasvr01], root=[hannvzdlrasvr02]}" on Nodes = "hannvzdlrasvr01,hannvzdlrasvr02"]
PRVG-2027 : Owner of file "/u01/app/19.0.0.0/grid/bin/nid" is inconsistent across nodes. [Found = "{oracle=[hannvzdlrasvr01], root=[hannvzdlrasvr02]}" on Nodes = "hannvzdlrasvr01,hannvzdlrasvr02"]

2024-12-07 12:33:38.021 [CVUD(61254)]CRS-10051: CVU found following errors with Clusterware setup : PRVG-2027 : Owner of file "/u01/app/19.0.0.0/grid/bin/oputil" is inconsistent across nodes. [Found = "{oracle=[hannvzdlrasvr01], root=[hannvzdlrasvr02]}" on Nodes = "hannvzdlrasvr01,hannvzdlrasvr02"]
PRVG-2027 : Owner of file "/u01/app/19.0.0.0/grid/bin/fmputl" is inconsistent across nodes. [Found = "{oracle=[hannvzdlrasvr01], root=[hannvzdlrasvr02]}" on Nodes = "hannvzdlrasvr01,hannvzdlrasvr02"]
PRVG-2027 : Owner of file "/u01/app/19.0.0.0/grid/bin/amdu" is inconsistent across nodes. [Found = "{oracle=[hannvzdlrasvr01], root=[hannvzdlrasvr02]}" on Nodes = "hannvzdlrasvr01,hannvzdlrasvr02"]

2024-12-07 12:33:38.021 [CVUD(61254)]CRS-10051: CVU found following errors with Clusterware setup : PRVG-2027 : Owner of file "/u01/app/19.0.0.0/grid/bin/dgmgrl" is inconsistent across nodes. [Found = "{oracle=[hannvzdlrasvr01], root=[hannvzdlrasvr02]}" on Nodes = "hannvzdlrasvr01,hannvzdlrasvr02"]
PRVG-2027 : Owner of file "/u01/app/19.0.0.0/grid/bin/fmputlhp" is inconsistent across nodes. [Found = "{oracle=[hannvzdlrasvr01], root=[hannvzdlrasvr02]}" on Nodes = "hannvzdlrasvr01,hannvzdlrasvr02"]
PRVG-2027 : Owner of file "/u01/app/19.0.0.0/grid/bin/hsdepxa" is inconsistent across nodes. [Found = "{oracle=[hannvzdlrasvr01], root=[hannvzdlrasvr02]}" on Nodes = "hannvzdlrasvr01,hannvzdlrasvr02"]

2024-12-07 12:33:38.021 [CVUD(61254)]CRS-10051: CVU found following errors with Clusterware setup : PRVG-2027 : Owner of file "/u01/app/19.0.0.0/grid/bin/mtactl" is inconsistent across nodes. [Found = "{oracle=[hannvzdlrasvr01], root=[hannvzdlrasvr02]}" on Nodes = "hannvzdlrasvr01,hannvzdlrasvr02"]
PRVG-2027 : Owner of file "/u01/app/19.0.0.0/grid/bin/orapwd" is inconsistent across nodes. [Found = "{oracle=[hannvzdlrasvr01], root=[hannvzdlrasvr02]}" on Nodes = "hannvzdlrasvr01,hannvzdlrasvr02"]
PRVG-2027 : Owner of file "/u01/app/19.0.0.0/grid/bin/dbdowngrade" is inconsistent across nodes. [Found = "{oracle=[hannvzdlrasvr01], root=[hannvzdlrasvr02]}" on Nodes = "hannvzdlrasvr01,hannvzdlrasvr02"]

2024-12-07 12:33:38.021 [CVUD(61254)]CRS-10051: CVU found following errors with Clusterware setup : PRVG-2027 : Owner of file "/u01/app/19.0.0.0/grid/bin/wrap" is inconsistent across nodes. [Found = "{oracle=[hannvzdlrasvr01], root=[hannvzdlrasvr02]}" on Nodes = "hannvzdlrasvr01,hannvzdlrasvr02"]
PRVG-2027 : Owner of file "/u01/app/19.0.0.0/grid/bin/mapsga" is inconsistent across nodes. [Found = "{oracle=[hannvzdlrasvr01], root=[hannvzdlrasvr02]}" on Nodes = "hannvzdlrasvr01,hannvzdlrasvr02"]
PRVG-2027 : Owner of file "/u01/app/19.0.0.0/grid/bin/kfed" is inconsistent across nodes. [Found = "{oracle=[hannvzdlrasvr01], root=[hannvzdlrasvr02]}" on Nodes = "hannvzdlrasvr01,hannvzdlrasvr02"]

2024-12-07 12:33:38.021 [CVUD(61254)]CRS-10051: CVU found following errors with Clusterware setup : PRVG-2027 : Owner of file "/u01/app/19.0.0.0/grid/bin/patchgen" is inconsistent across nodes. [Found = "{oracle=[hannvzdlrasvr01], root=[hannvzdlrasvr02]}" on Nodes = "hannvzdlrasvr01,hannvzdlrasvr02"]
PRVG-2027 : Owner of file "/u01/app/19.0.0.0/grid/bin/oraping" is inconsistent across nodes. [Found = "{oracle=[hannvzdlrasvr01], root=[hannvzdlrasvr02]}" on Nodes = "hannvzdlrasvr01,hannvzdlrasvr02"]
PRVG-2027 : Owner of file "/u01/app/19.0.0.0/grid/bin/agtctl" is inconsistent across nodes. [Found = "{oracle=[hannvzdlrasvr01], root=[hannvzdlrasvr02]}" on Nodes = "hannvzdlrasvr01,hannvzdlrasvr02"]

2024-12-07 12:33:38.021 [CVUD(61254)]CRS-10051: CVU found following errors with Clusterware setup : PRVG-2027 : Owner of file "/u01/app/19.0.0.0/grid/bin/genksms" is inconsistent across nodes. [Found = "{oracle=[hannvzdlrasvr01], root=[hannvzdlrasvr02]}" on Nodes = "hannvzdlrasvr01,hannvzdlrasvr02"]
PRVG-2027 : Owner of file "/u01/app/19.0.0.0/grid/bin/mkpatch" is inconsistent across nodes. [Found = "{oracle=[hannvzdlrasvr01], root=[hannvzdlrasvr02]}" on Nodes = "hannvzdlrasvr01,hannvzdlrasvr02"]
PRVG-2027 : Owner of file "/u01/app/19.0.0.0/grid/bin/sysresv" is inconsistent across nodes. [Found = "{oracle=[hannvzdlrasvr01], root=[hannvzdlrasvr02]}" on Nodes = "hannvzdlrasvr01,hannvzdlrasvr02"]

2024-12-07 12:33:38.021 [CVUD(61254)]CRS-10051: CVU found following errors with Clusterware setup : PRVG-2027 : Owner of file "/u01/app/19.0.0.0/grid/lib/libshpkavx19.a" is inconsistent across nodes. [Found = "{oracle=[hannvzdlrasvr01], root=[hannvzdlrasvr02]}" on Nodes = "hannvzdlrasvr01,hannvzdlrasvr02"]
PRVG-2027 : Owner of file "/u01/app/19.0.0.0/grid/lib/libshpksse4219.so" is inconsistent across nodes. [Found = "{oracle=[hannvzdlrasvr01], root=[hannvzdlrasvr02]}" on Nodes = "hannvzdlrasvr01,hannvzdlrasvr02"]
PRVG-2027 : Owner of file "/u01/app/19.0.0.0/grid/lib/libshpkavx19.so" is inconsistent across nodes. [Found = "{oracle=[hannvzdlrasvr01], root=[hannvzdlrasvr02]}" on Nodes = "hannvzdlrasvr01,hannvzdlrasvr02"]

2024-12-07 12:33:38.021 [CVUD(61254)]CRS-10051: CVU found following errors with Clusterware setup : PRVG-2027 : Owner of file "/u01/app/19.0.0.0/grid/lib/librqext.so" is inconsistent across nodes. [Found = "{oracle=[hannvzdlrasvr01], root=[hannvzdlrasvr02]}" on Nodes = "hannvzdlrasvr01,hannvzdlrasvr02"]
PRVG-2027 : Owner of file "/u01/app/19.0.0.0/grid/lib/libnvm1.a" is inconsistent across nodes. [Found = "{oracle=[hannvzdlrasvr01], root=[hannvzdlrasvr02]}" on Nodes = "hannvzdlrasvr01,hannvzdlrasvr02"]
PRVG-2027 : Owner of file "/u01/app/19.0.0.0/grid/lib/libshpkavx219.a" is inconsistent across nodes. [Found = "{oracle=[hannvzdlrasvr01], root=[hannvzdlrasvr02]}" on Nodes = "hannvzdlrasvr01,hannvzdlrasvr02"]

2024-12-07 12:33:38.021 [CVUD(61254)]CRS-10051: CVU found following errors with Clusterware setup : PRVG-2027 : Owner of file "/u01/app/19.0.0.0/grid/lib/libnvm1.so" is inconsistent across nodes. [Found = "{oracle=[hannvzdlrasvr01], root=[hannvzdlrasvr02]}" on Nodes = "hannvzdlrasvr01,hannvzdlrasvr02"]
PRVG-2027 : Owner of file "/u01/app/19.0.0.0/grid/lib/libshpksse4219.a" is inconsistent across nodes. [Found = "{oracle=[hannvzdlrasvr01], root=[hannvzdlrasvr02]}" on Nodes = "hannvzdlrasvr01,hannvzdlrasvr02"]
PRVG-2027 : Owner of file "/u01/app/19.0.0.0/grid/lib/libserver19.a" is inconsistent across nodes. [Found = "{oracle=[hannvzdlrasvr01], root=[hannvzdlrasvr02]}" on Nodes = "hannvzdlrasvr01,hannvzdlrasvr02"]

2024-12-07 12:33:38.022 [CVUD(61254)]CRS-10051: CVU found following errors with Clusterware setup : PRVG-2027 : Owner of file "/u01/app/19.0.0.0/grid/lib/libqsmashr.so" is inconsistent across nodes. [Found = "{oracle=[hannvzdlrasvr01], root=[hannvzdlrasvr02]}" on Nodes = "hannvzdlrasvr01,hannvzdlrasvr02"]
PRVG-2027 : Owner of file "/u01/app/19.0.0.0/grid/lib/libskvol19.a" is inconsistent across nodes. [Found = "{oracle=[hannvzdlrasvr01], root=[hannvzdlrasvr02]}" on Nodes = "hannvzdlrasvr01,hannvzdlrasvr02"]
PRVG-2027 : Owner of file "/u01/app/19.0.0.0/grid/lib/liboramalloc19.so" is inconsistent across nodes. [Found = "{oracle=[hannvzdlrasvr01], root=[hannvzdlrasvr02]}" on Nodes = "hannvzdlrasvr01,hannvzdlrasvr02"]

2024-12-07 12:33:38.022 [CVUD(61254)]CRS-10051: CVU found following errors with Clusterware setup : PRVG-2027 : Owner of file "/u01/app/19.0.0.0/grid/lib/libkubsagt.a" is inconsistent across nodes. [Found = "{oracle=[hannvzdlrasvr01], root=[hannvzdlrasvr02]}" on Nodes = "hannvzdlrasvr01,hannvzdlrasvr02"]
PRVG-2027 : Owner of file "/u01/app/19.0.0.0/grid/lib/libshpkavx51219.a" is inconsistent across nodes. [Found = "{oracle=[hannvzdlrasvr01], root=[hannvzdlrasvr02]}" on Nodes = "hannvzdlrasvr01,hannvzdlrasvr02"]
PRVG-2027 : Owner of file "/u01/app/19.0.0.0/grid/lib/libshpkavx219.so" is inconsistent across nodes. [Found = "{oracle=[hannvzdlrasvr01], root=[hannvzdlrasvr02]}" on Nodes = "hannvzdlrasvr01,hannvzdlrasvr02"]

2024-12-07 12:33:38.022 [CVUD(61254)]CRS-10051: CVU found following errors with Clusterware setup : PRVG-2027 : Owner of file "/u01/app/19.0.0.0/grid/lib/libkubsagt.so" is inconsistent across nodes. [Found = "{oracle=[hannvzdlrasvr01], root=[hannvzdlrasvr02]}" on Nodes = "hannvzdlrasvr01,hannvzdlrasvr02"]
PRVG-2027 : Owner of file "/u01/app/19.0.0.0/grid/lib/libskvol19.so" is inconsistent across nodes. [Found = "{oracle=[hannvzdlrasvr01], root=[hannvzdlrasvr02]}" on Nodes = "hannvzdlrasvr01,hannvzdlrasvr02"]
PRVG-2027 : Owner of file "/u01/app/19.0.0.0/grid/lib/libshpkavx51219.so" is inconsistent across nodes. [Found = "{oracle=[hannvzdlrasvr01], root=[hannvzdlrasvr02]}" on Nodes = "hannvzdlrasvr01,hannvzdlrasvr02"]

2024-12-07 12:33:38.022 [CVUD(61254)]CRS-10051: CVU found following errors with Clusterware setup : PRVG-2027 : Owner of file "/u01/app/19.0.0.0/grid/lib/acfsload.pl" is inconsistent across nodes. [Found = "{oracle=[hannvzdlrasvr01], root=[hannvzdlrasvr02]}" on Nodes = "hannvzdlrasvr01,hannvzdlrasvr02"]
PRVG-2027 : Owner of file "/u01/app/19.0.0.0/grid/lib/acfsdriverstate.pl" is inconsistent across nodes. [Found = "{oracle=[hannvzdlrasvr01], root=[hannvzdlrasvr02]}" on Nodes = "hannvzdlrasvr01,hannvzdlrasvr02"]
PRVG-2027 : Owner of file "/u01/app/19.0.0.0/grid/lib/acfssinglefsmount.pl" is inconsistent across nodes. [Found = "{oracle=[hannvzdlrasvr01], root=[hannvzdlrasvr02]}" on Nodes = "hannvzdlrasvr01,hannvzdlrasvr02"]

2024-12-07 12:33:38.022 [CVUD(61254)]CRS-10051: CVU found following errors with Clusterware setup : PRVG-2027 : Owner of file "/u01/app/19.0.0.0/grid/lib/acfsregistrymount.pl" is inconsistent across nodes. [Found = "{oracle=[hannvzdlrasvr01], root=[hannvzdlrasvr02]}" on Nodes = "hannvzdlrasvr01,hannvzdlrasvr02"]
PRVG-2027 : Owner of file "/u01/app/19.0.0.0/grid/bin/acfsload" is inconsistent across nodes. [Found = "{oracle=[hannvzdlrasvr01], root=[hannvzdlrasvr02]}" on Nodes = "hannvzdlrasvr01,hannvzdlrasvr02"]
PRVG-2027 : Owner of file "/u01/app/19.0.0.0/grid/bin/acfsrepl_dupd" is inconsistent across nodes. [Found = "{oracle=[hannvzdlrasvr01], root=[hannvzdlrasvr02]}" on Nodes = "hannvzdlrasvr01,hannvzdlrasvr02"]

2024-12-07 12:33:38.022 [CVUD(61254)]CRS-10051: CVU found following errors with Clusterware setup : PRVG-2027 : Owner of file "/u01/app/19.0.0.0/grid/bin/acfssinglefsmount" is inconsistent across nodes. [Found = "{oracle=[hannvzdlrasvr01], root=[hannvzdlrasvr02]}" on Nodes = "hannvzdlrasvr01,hannvzdlrasvr02"]
PRVG-2027 : Owner of file "/u01/app/19.0.0.0/grid/bin/acfsregistrymount" is inconsistent across nodes. [Found = "{oracle=[hannvzdlrasvr01], root=[hannvzdlrasvr02]}" on Nodes = "hannvzdlrasvr01,hannvzdlrasvr02"]
PRVG-2027 : Owner of file "/u01/app/19.0.0.0/grid/bin/acfsdriverstate" is inconsistent across nodes. [Found = "{oracle=[hannvzdlrasvr01], root=[hannvzdlrasvr02]}" on Nodes = "hannvzdlrasvr01,hannvzdlrasvr02"]

2024-12-07 12:33:38.022 [CVUD(61254)]CRS-10051: CVU found following errors with Clusterware setup : PRVG-2027 : Owner of file "/u01/app/19.0.0.0/grid/bin/acfsrepl_dupd.bin" is inconsistent across nodes. [Found = "{oracle=[hannvzdlrasvr01], root=[hannvzdlrasvr02]}" on Nodes = "hannvzdlrasvr01,hannvzdlrasvr02"]
PRVG-2027 : Owner of file "/u01/app/19.0.0.0/grid/bin/okaload" is inconsistent across nodes. [Found = "{oracle=[hannvzdlrasvr01], root=[hannvzdlrasvr02]}" on Nodes = "hannvzdlrasvr01,hannvzdlrasvr02"]
PRVG-2027 : Owner of file "/u01/app/19.0.0.0/grid/bin/acfsrepl_initializer" is inconsistent across nodes. [Found = "{oracle=[hannvzdlrasvr01], root=[hannvzdlrasvr02]}" on Nodes = "hannvzdlrasvr01,hannvzdlrasvr02"]

2024-12-07 12:33:38.022 [CVUD(61254)]CRS-10051: CVU found following errors with Clusterware setup : PRVG-2027 : Owner of file "/u01/app/19.0.0.0/grid/bin/acfsrepl_preapply" is inconsistent across nodes. [Found = "{oracle=[hannvzdlrasvr01], root=[hannvzdlrasvr02]}" on Nodes = "hannvzdlrasvr01,hannvzdlrasvr02"]
PRVG-2027 : Owner of file "/u01/app/19.0.0.0/grid/bin/acfsrepl_apply" is inconsistent across nodes. [Found = "{oracle=[hannvzdlrasvr01], root=[hannvzdlrasvr02]}" on Nodes = "hannvzdlrasvr01,hannvzdlrasvr02"]
PRVG-2027 : Owner of file "/u01/app/19.0.0.0/grid/bin/okacmd.bin" is inconsistent across nodes. [Found = "{oracle=[hannvzdlrasvr01], root=[hannvzdlrasvr02]}" on Nodes = "hannvzdlrasvr01,hannvzdlrasvr02"]

2024-12-07 12:33:38.022 [CVUD(61254)]CRS-10051: CVU found following errors with Clusterware setup : PRVG-2027 : Owner of file "/u01/app/19.0.0.0/grid/bin/acfscm" is inconsistent across nodes. [Found = "{oracle=[hannvzdlrasvr01], root=[hannvzdlrasvr02]}" on Nodes = "hannvzdlrasvr01,hannvzdlrasvr02"]
PRVG-2027 : Owner of file "/u01/app/19.0.0.0/grid/bin/acfshanfs" is inconsistent across nodes. [Found = "{oracle=[hannvzdlrasvr01], root=[hannvzdlrasvr02]}" on Nodes = "hannvzdlrasvr01,hannvzdlrasvr02"]
PRVG-2027 : Owner of file "/u01/app/19.0.0.0/grid/bin/okacmd" is inconsistent across nodes. [Found = "{oracle=[hannvzdlrasvr01], root=[hannvzdlrasvr02]}" on Nodes = "hannvzdlrasvr01,hannvzdlrasvr02"]

2024-12-07 12:33:38.022 [CVUD(61254)]CRS-10051: CVU found following errors with Clusterware setup : PRVG-2027 : Owner of file "/u01/app/19.0.0.0/grid/bin/acfsrepl_transport" is inconsistent across nodes. [Found = "{oracle=[hannvzdlrasvr01], root=[hannvzdlrasvr02]}" on Nodes = "hannvzdlrasvr01,hannvzdlrasvr02"]
PRVG-2027 : Owner of file "/u01/app/19.0.0.0/grid/bin/acfsreplcrs" is inconsistent across nodes. [Found = "{oracle=[hannvzdlrasvr01], root=[hannvzdlrasvr02]}" on Nodes = "hannvzdlrasvr01,hannvzdlrasvr02"]
PRVG-2027 : Owner of file "/u01/app/19.0.0.0/grid/bin/acfsrepl_apply.bin" is inconsistent across nodes. [Found = "{oracle=[hannvzdlrasvr01], root=[hannvzdlrasvr02]}" on Nodes = "hannvzdlrasvr01,hannvzdlrasvr02"]

2024-12-07 12:33:38.022 [CVUD(61254)]CRS-10051: CVU found following errors with Clusterware setup : PRVG-2027 : Owner of file "/u01/app/19.0.0.0/grid/bin/acfsrd" is inconsistent across nodes. [Found = "{oracle=[hannvzdlrasvr01], root=[hannvzdlrasvr02]}" on Nodes = "hannvzdlrasvr01,hannvzdlrasvr02"]
PRVG-2027 : Owner of file "/u01/app/19.0.0.0/grid/bin/afdload" is inconsistent across nodes. [Found = "{oracle=[hannvzdlrasvr01], root=[hannvzdlrasvr02]}" on Nodes = "hannvzdlrasvr01,hannvzdlrasvr02"]
PRVG-2027 : Owner of file "/u01/app/19.0.0.0/grid/bin/acfsrepl_monitor" is inconsistent across nodes. [Found = "{oracle=[hannvzdlrasvr01], root=[hannvzdlrasvr02]}" on Nodes = "hannvzdlrasvr01,hannvzdlrasvr02"]

2024-12-07 12:33:38.022 [CVUD(61254)]CRS-10051: CVU found following errors with Clusterware setup : PRVG-2027 : Owner of file "/u01/app/19.0.0.0/grid/bin/okadriverstate" is inconsistent across nodes. [Found = "{oracle=[hannvzdlrasvr01], root=[hannvzdlrasvr02]}" on Nodes = "hannvzdlrasvr01,hannvzdlrasvr02"]
PRVG-2027 : Owner of file "/u01/app/19.0.0.0/grid/bin/acfsiob" is inconsistent across nodes. [Found = "{oracle=[hannvzdlrasvr01], root=[hannvzdlrasvr02]}" on Nodes = "hannvzdlrasvr01,hannvzdlrasvr02"]
PRVG-2027 : Owner of file "/u01/app/19.0.0.0/grid/bin/acfsrm" is inconsistent across nodes. [Found = "{oracle=[hannvzdlrasvr01], root=[hannvzdlrasvr02]}" on Nodes = "hannvzdlrasvr01,hannvzdlrasvr02"]

2024-12-07 12:33:38.023 [CVUD(61254)]CRS-10051: CVU found following errors with Clusterware setup : PRVG-2027 : Owner of file "/u01/app/19.0.0.0/grid/lib/osds_afdload.pm" is inconsistent across nodes. [Found = "{oracle=[hannvzdlrasvr01], root=[hannvzdlrasvr02]}" on Nodes = "hannvzdlrasvr01,hannvzdlrasvr02"]
PRVG-2027 : Owner of file "/u01/app/19.0.0.0/grid/lib/65-usm-acfsr-member.rules" is inconsistent across nodes. [Found = "{oracle=[hannvzdlrasvr01], root=[hannvzdlrasvr02]}" on Nodes = "hannvzdlrasvr01,hannvzdlrasvr02"]
PRVG-2027 : Owner of file "/u01/app/19.0.0.0/grid/lib/okaload.pl" is inconsistent across nodes. [Found = "{oracle=[hannvzdlrasvr01], root=[hannvzdlrasvr02]}" on Nodes = "hannvzdlrasvr01,hannvzdlrasvr02"]

2024-12-07 12:33:38.023 [CVUD(61254)]CRS-10051: CVU found following errors with Clusterware setup : PRVG-2027 : Owner of file "/u01/app/19.0.0.0/grid/lib/acfsr_member" is inconsistent across nodes. [Found = "{oracle=[hannvzdlrasvr01], root=[hannvzdlrasvr02]}" on Nodes = "hannvzdlrasvr01,hannvzdlrasvr02"]
PRVG-2027 : Owner of file "/u01/app/19.0.0.0/grid/lib/acfshanfs.pl" is inconsistent across nodes. [Found = "{oracle=[hannvzdlrasvr01], root=[hannvzdlrasvr02]}" on Nodes = "hannvzdlrasvr01,hannvzdlrasvr02"]
PRVG-2027 : Owner of file "/u01/app/19.0.0.0/grid/lib/afdload.pl" is inconsistent across nodes. [Found = "{oracle=[hannvzdlrasvr01], root=[hannvzdlrasvr02]}" on Nodes = "hannvzdlrasvr01,hannvzdlrasvr02"]

2024-12-07 12:33:38.023 [CVUD(61254)]CRS-10051: CVU found following errors with Clusterware setup : PRVG-2027 : Owner of file "/u01/app/19.0.0.0/grid/lib/okadriverstate.pl" is inconsistent across nodes. [Found = "{oracle=[hannvzdlrasvr01], root=[hannvzdlrasvr02]}" on Nodes = "hannvzdlrasvr01,hannvzdlrasvr02"]
PRVG-2027 : Owner of file "/u01/app/19.0.0.0/grid/lib/osds_acfssinglefsmount.pm" is inconsistent across nodes. [Found = "{oracle=[hannvzdlrasvr01], root=[hannvzdlrasvr02]}" on Nodes = "hannvzdlrasvr01,hannvzdlrasvr02"]
PRVG-2027 : Owner of file "/u01/app/19.0.0.0/grid/lib/osds_okaload.pm" is inconsistent across nodes. [Found = "{oracle=[hannvzdlrasvr01], root=[hannvzdlrasvr02]}" on Nodes = "hannvzdlrasvr01,hannvzdlrasvr02"]

2024-12-07 12:33:38.023 [CVUD(61254)]CRS-10051: CVU found following errors with Clusterware setup : PRVG-2027 : Owner of file "/u01/app/19.0.0.0/grid/lib/osds_acfsdriverstate.pm" is inconsistent across nodes. [Found = "{oracle=[hannvzdlrasvr01], root=[hannvzdlrasvr02]}" on Nodes = "hannvzdlrasvr01,hannvzdlrasvr02"]
PRVG-2027 : Owner of file "/u01/app/19.0.0.0/grid/lib/osds_acfsload.pm" is inconsistent across nodes. [Found = "{oracle=[hannvzdlrasvr01], root=[hannvzdlrasvr02]}" on Nodes = "hannvzdlrasvr01,hannvzdlrasvr02"]
PRVG-2027 : Owner of file "/u01/app/19.0.0.0/grid/lib/acfsreplcrs.pl" is inconsistent across nodes. [Found = "{oracle=[hannvzdlrasvr01], root=[hannvzdlrasvr02]}" on Nodes = "hannvzdlrasvr01,hannvzdlrasvr02"]

2024-12-07 12:33:38.023 [CVUD(61254)]CRS-10051: CVU found following errors with Clusterware setup : PRVG-2027 : Owner of file "/u01/app/19.0.0.0/grid/lib/osds_acfsregistrymount.pm" is inconsistent across nodes. [Found = "{oracle=[hannvzdlrasvr01], root=[hannvzdlrasvr02]}" on Nodes = "hannvzdlrasvr01,hannvzdlrasvr02"]
PRVG-2027 : Owner of file "/u01/app/19.0.0.0/grid/lib/osds_okadriverstate.pm" is inconsistent across nodes. [Found = "{oracle=[hannvzdlrasvr01], root=[hannvzdlrasvr02]}" on Nodes = "hannvzdlrasvr01,hannvzdlrasvr02"]
PRVG-2027 : Owner of file "/u01/app/19.0.0.0/grid/lib/acfslib.pm" is inconsistent across nodes. [Found = "{oracle=[hannvzdlrasvr01], root=[hannvzdlrasvr02]}" on Nodes = "hannvzdlrasvr01,hannvzdlrasvr02"]

2024-12-07 12:33:38.023 [CVUD(61254)]CRS-10051: CVU found following errors with Clusterware setup : PRVG-2027 : Owner of file "/u01/app/19.0.0.0/grid/lib/usmvsn.pm" is inconsistent across nodes. [Found = "{oracle=[hannvzdlrasvr01], root=[hannvzdlrasvr02]}" on Nodes = "hannvzdlrasvr01,hannvzdlrasvr02"]
PRVG-2027 : Owner of file "/u01/app/19.0.0.0/grid/lib/acfsroot.pl" is inconsistent across nodes. [Found = "{oracle=[hannvzdlrasvr01], root=[hannvzdlrasvr02]}" on Nodes = "hannvzdlrasvr01,hannvzdlrasvr02"]
PRVG-2027 : Owner of file "/u01/app/19.0.0.0/grid/lib/libacfs19.a" is inconsistent across nodes. [Found = "{oracle=[hannvzdlrasvr01], root=[hannvzdlrasvr02]}" on Nodes = "hannvzdlrasvr01,hannvzdlrasvr02"]

2024-12-07 12:33:38.023 [CVUD(61254)]CRS-10051: CVU found following errors with Clusterware setup : PRVG-2027 : Owner of file "/u01/app/19.0.0.0/grid/lib/libacfs19.so" is inconsistent across nodes. [Found = "{oracle=[hannvzdlrasvr01], root=[hannvzdlrasvr02]}" on Nodes = "hannvzdlrasvr01,hannvzdlrasvr02"]
PRVG-2027 : Owner of file "/u01/app/19.0.0.0/grid/lib/acfstoolsdriver.sh" is inconsistent across nodes. [Found = "{oracle=[hannvzdlrasvr01], root=[hannvzdlrasvr02]}" on Nodes = "hannvzdlrasvr01,hannvzdlrasvr02"]
PRVG-2027 : Owner of file "/u01/app/19.0.0.0/grid/bin/acfsroot" is inconsistent across nodes. [Found = "{oracle=[hannvzdlrasvr01], root=[hannvzdlrasvr02]}" on Nodes = "hannvzdlrasvr01,hannvzdlrasvr02"]

2024-12-07 12:33:38.023 [CVUD(61254)]CRS-10051: CVU found following errors with Clusterware setup : PRVG-2027 : Owner of file "/u01/app/19.0.0.0/grid/lib/osds_afdlib.pm" is inconsistent across nodes. [Found = "{oracle=[hannvzdlrasvr01], root=[hannvzdlrasvr02]}" on Nodes = "hannvzdlrasvr01,hannvzdlrasvr02"]
PRVG-2027 : Owner of file "/u01/app/19.0.0.0/grid/lib/afdroot.pl" is inconsistent across nodes. [Found = "{oracle=[hannvzdlrasvr01], root=[hannvzdlrasvr02]}" on Nodes = "hannvzdlrasvr01,hannvzdlrasvr02"]
PRVG-2027 : Owner of file "/u01/app/19.0.0.0/grid/lib/osds_acfsrVerifyConfig.pm" is inconsistent across nodes. [Found = "{oracle=[hannvzdlrasvr01], root=[hannvzdlrasvr02]}" on Nodes = "hannvzdlrasvr01,hannvzdlrasvr02"]

2024-12-07 12:33:38.023 [CVUD(61254)]CRS-10051: CVU found following errors with Clusterware setup : PRVG-2027 : Owner of file "/u01/app/19.0.0.0/grid/lib/osds_afdroot.pm" is inconsistent across nodes. [Found = "{oracle=[hannvzdlrasvr01], root=[hannvzdlrasvr02]}" on Nodes = "hannvzdlrasvr01,hannvzdlrasvr02"]
PRVG-2027 : Owner of file "/u01/app/19.0.0.0/grid/lib/osds_acfsroot.pm" is inconsistent across nodes. [Found = "{oracle=[hannvzdlrasvr01], root=[hannvzdlrasvr02]}" on Nodes = "hannvzdlrasvr01,hannvzdlrasvr02"]
PRVG-2027 : Owner of file "/u01/app/19.0.0.0/grid/lib/olfstoolsdriver.sh" is inconsistent across nodes. [Found = "{oracle=[hannvzdlrasvr01], root=[hannvzdlrasvr02]}" on Nodes = "hannvzdlrasvr01,hannvzdlrasvr02"]

2024-12-07 12:33:38.023 [CVUD(61254)]CRS-10051: CVU found following errors with Clusterware setup : PRVG-2027 : Owner of file "/u01/app/19.0.0.0/grid/lib/afddriverstate.pl" is inconsistent across nodes. [Found = "{oracle=[hannvzdlrasvr01], root=[hannvzdlrasvr02]}" on Nodes = "hannvzdlrasvr01,hannvzdlrasvr02"]
PRVG-2027 : Owner of file "/u01/app/19.0.0.0/grid/lib/acfsremote.pl" is inconsistent across nodes. [Found = "{oracle=[hannvzdlrasvr01], root=[hannvzdlrasvr02]}" on Nodes = "hannvzdlrasvr01,hannvzdlrasvr02"]
PRVG-2027 : Owner of file "/u01/app/19.0.0.0/grid/lib/libafd19.so" is inconsistent across nodes. [Found = "{oracle=[hannvzdlrasvr01], root=[hannvzdlrasvr02]}" on Nodes = "hannvzdlrasvr01,hannvzdlrasvr02"]

2024-12-07 12:33:38.023 [CVUD(61254)]CRS-10051: CVU found following errors with Clusterware setup : PRVG-2027 : Owner of file "/u01/app/19.0.0.0/grid/lib/olfscmd.pl" is inconsistent across nodes. [Found = "{oracle=[hannvzdlrasvr01], root=[hannvzdlrasvr02]}" on Nodes = "hannvzdlrasvr01,hannvzdlrasvr02"]
PRVG-2027 : Owner of file "/u01/app/19.0.0.0/grid/lib/osds_okalib.pm" is inconsistent across nodes. [Found = "{oracle=[hannvzdlrasvr01], root=[hannvzdlrasvr02]}" on Nodes = "hannvzdlrasvr01,hannvzdlrasvr02"]
PRVG-2027 : Owner of file "/u01/app/19.0.0.0/grid/lib/afdtoolsdriver.sh" is inconsistent across nodes. [Found = "{oracle=[hannvzdlrasvr01], root=[hannvzdlrasvr02]}" on Nodes = "hannvzdlrasvr01,hannvzdlrasvr02"]

2024-12-07 12:33:38.023 [CVUD(61254)]CRS-10051: CVU found following errors with Clusterware setup : PRVG-2027 : Owner of file "/u01/app/19.0.0.0/grid/lib/osds_acfsremote.pm" is inconsistent across nodes. [Found = "{oracle=[hannvzdlrasvr01], root=[hannvzdlrasvr02]}" on Nodes = "hannvzdlrasvr01,hannvzdlrasvr02"]
PRVG-2027 : Owner of file "/u01/app/19.0.0.0/grid/lib/osds_acfslib.pm" is inconsistent across nodes. [Found = "{oracle=[hannvzdlrasvr01], root=[hannvzdlrasvr02]}" on Nodes = "hannvzdlrasvr01,hannvzdlrasvr02"]
PRVG-2027 : Owner of file "/u01/app/19.0.0.0/grid/lib/olfsroot.pl" is inconsistent across nodes. [Found = "{oracle=[hannvzdlrasvr01], root=[hannvzdlrasvr02]}" on Nodes = "hannvzdlrasvr01,hannvzdlrasvr02"]

2024-12-07 12:33:38.024 [CVUD(61254)]CRS-10051: CVU found following errors with Clusterware setup : PRVG-2027 : Owner of file "/u01/app/19.0.0.0/grid/lib/osds_okaroot.pm" is inconsistent across nodes. [Found = "{oracle=[hannvzdlrasvr01], root=[hannvzdlrasvr02]}" on Nodes = "hannvzdlrasvr01,hannvzdlrasvr02"]
PRVG-2027 : Owner of file "/u01/app/19.0.0.0/grid/lib/okaroot.pl" is inconsistent across nodes. [Found = "{oracle=[hannvzdlrasvr01], root=[hannvzdlrasvr02]}" on Nodes = "hannvzdlrasvr01,hannvzdlrasvr02"]
PRVG-2027 : Owner of file "/u01/app/19.0.0.0/grid/lib/osds_unix_linux_afdlib.pm" is inconsistent across nodes. [Found = "{oracle=[hannvzdlrasvr01], root=[hannvzdlrasvr02]}" on Nodes = "hannvzdlrasvr01,hannvzdlrasvr02"]

2024-12-07 12:33:38.024 [CVUD(61254)]CRS-10051: CVU found following errors with Clusterware setup : PRVG-2027 : Owner of file "/u01/app/19.0.0.0/grid/lib/okalib.pm" is inconsistent across nodes. [Found = "{oracle=[hannvzdlrasvr01], root=[hannvzdlrasvr02]}" on Nodes = "hannvzdlrasvr01,hannvzdlrasvr02"]
PRVG-2027 : Owner of file "/u01/app/19.0.0.0/grid/lib/afdlib.pm" is inconsistent across nodes. [Found = "{oracle=[hannvzdlrasvr01], root=[hannvzdlrasvr02]}" on Nodes = "hannvzdlrasvr01,hannvzdlrasvr02"]
PRVG-2027 : Owner of file "/u01/app/19.0.0.0/grid/lib/osds_unix_linux_okalib.pm" is inconsistent across nodes. [Found = "{oracle=[hannvzdlrasvr01], root=[hannvzdlrasvr02]}" on Nodes = "hannvzdlrasvr01,hannvzdlrasvr02"]

2024-12-07 12:33:38.024 [CVUD(61254)]CRS-10051: CVU found following errors with Clusterware setup : PRVG-2027 : Owner of file "/u01/app/19.0.0.0/grid/lib/okatoolsdriver.sh" is inconsistent across nodes. [Found = "{oracle=[hannvzdlrasvr01], root=[hannvzdlrasvr02]}" on Nodes = "hannvzdlrasvr01,hannvzdlrasvr02"]
PRVG-2027 : Owner of file "/u01/app/19.0.0.0/grid/lib/osds_unix_linux_acfslib.pm" is inconsistent across nodes. [Found = "{oracle=[hannvzdlrasvr01], root=[hannvzdlrasvr02]}" on Nodes = "hannvzdlrasvr01,hannvzdlrasvr02"]
PRVG-2027 : Owner of file "/u01/app/19.0.0.0/grid/lib/libafd19.a" is inconsistent across nodes. [Found = "{oracle=[hannvzdlrasvr01], root=[hannvzdlrasvr02]}" on Nodes = "hannvzdlrasvr01,hannvzdlrasvr02"]

2024-12-07 12:33:38.024 [CVUD(61254)]CRS-10051: CVU found following errors with Clusterware setup : PRVG-2027 : Owner of file "/u01/app/19.0.0.0/grid/lib/osds_afddriverstate.pm" is inconsistent across nodes. [Found = "{oracle=[hannvzdlrasvr01], root=[hannvzdlrasvr02]}" on Nodes = "hannvzdlrasvr01,hannvzdlrasvr02"]
PRVG-2027 : Owner of file "/u01/app/19.0.0.0/grid/bin/afddriverstate" is inconsistent across nodes. [Found = "{oracle=[hannvzdlrasvr01], root=[hannvzdlrasvr02]}" on Nodes = "hannvzdlrasvr01,hannvzdlrasvr02"]
PRVG-2027 : Owner of file "/u01/app/19.0.0.0/grid/bin/afdroot" is inconsistent across nodes. [Found = "{oracle=[hannvzdlrasvr01], root=[hannvzdlrasvr02]}" on Nodes = "hannvzdlrasvr01,hannvzdlrasvr02"]

2024-12-07 12:33:38.024 [CVUD(61254)]CRS-10051: CVU found following errors with Clusterware setup : PRVG-2027 : Owner of file "/u01/app/19.0.0.0/grid/bin/olfsroot" is inconsistent across nodes. [Found = "{oracle=[hannvzdlrasvr01], root=[hannvzdlrasvr02]}" on Nodes = "hannvzdlrasvr01,hannvzdlrasvr02"]
PRVG-2027 : Owner of file "/u01/app/19.0.0.0/grid/bin/acfsremote" is inconsistent across nodes. [Found = "{oracle=[hannvzdlrasvr01], root=[hannvzdlrasvr02]}" on Nodes = "hannvzdlrasvr01,hannvzdlrasvr02"]
PRVG-2027 : Owner of file "/u01/app/19.0.0.0/grid/bin/afdtool.bin" is inconsistent across nodes. [Found = "{oracle=[hannvzdlrasvr01], root=[hannvzdlrasvr02]}" on Nodes = "hannvzdlrasvr01,hannvzdlrasvr02"]

2024-12-07 12:33:38.024 [CVUD(61254)]CRS-10051: CVU found following errors with Clusterware setup : PRVG-2027 : Owner of file "/u01/app/19.0.0.0/grid/bin/olfscmd" is inconsistent across nodes. [Found = "{oracle=[hannvzdlrasvr01], root=[hannvzdlrasvr02]}" on Nodes = "hannvzdlrasvr01,hannvzdlrasvr02"]
PRVG-2027 : Owner of file "/u01/app/19.0.0.0/grid/bin/afdboot" is inconsistent across nodes. [Found = "{oracle=[hannvzdlrasvr01], root=[hannvzdlrasvr02]}" on Nodes = "hannvzdlrasvr01,hannvzdlrasvr02"]
PRVG-2027 : Owner of file "/u01/app/19.0.0.0/grid/bin/okaroot" is inconsistent across nodes. [Found = "{oracle=[hannvzdlrasvr01], root=[hannvzdlrasvr02]}" on Nodes = "hannvzdlrasvr01,hannvzdlrasvr02"]

2024-12-07 12:33:38.024 [CVUD(61254)]CRS-10051: CVU found following errors with Clusterware setup : PRVG-2027 : Owner of file "/u01/app/19.0.0.0/grid/bin/olfsctl" is inconsistent across nodes. [Found = "{oracle=[hannvzdlrasvr01], root=[hannvzdlrasvr02]}" on Nodes = "hannvzdlrasvr01,hannvzdlrasvr02"]
PRVG-2027 : Owner of file "/u01/app/19.0.0.0/grid/bin/afdtool" is inconsistent across nodes. [Found = "{oracle=[hannvzdlrasvr01], root=[hannvzdlrasvr02]}" on Nodes = "hannvzdlrasvr01,hannvzdlrasvr02"]
PRVG-2027 : Owner of file "/u01/app/19.0.0.0/grid/bin/okcreate" is inconsistent across nodes. [Found = "{oracle=[hannvzdlrasvr01], root=[hannvzdlrasvr02]}" on Nodes = "hannvzdlrasvr01,hannvzdlrasvr02"]

2024-12-07 12:33:38.024 [CVUD(61254)]CRS-10051: CVU found following errors with Clusterware setup : PRVG-2027 : Owner of file "/u01/app/19.0.0.0/grid/bin/okdstry" is inconsistent across nodes. [Found = "{oracle=[hannvzdlrasvr01], root=[hannvzdlrasvr02]}" on Nodes = "hannvzdlrasvr01,hannvzdlrasvr02"]
PRVG-2027 : Owner of file "/u01/app/19.0.0.0/grid/bin/okinit" is inconsistent across nodes. [Found = "{oracle=[hannvzdlrasvr01], root=[hannvzdlrasvr02]}" on Nodes = "hannvzdlrasvr01,hannvzdlrasvr02"]
PRVG-2027 : Owner of file "/u01/app/19.0.0.0/grid/bin/oklist" is inconsistent across nodes. [Found = "{oracle=[hannvzdlrasvr01], root=[hannvzdlrasvr02]}" on Nodes = "hannvzdlrasvr01,hannvzdlrasvr02"]

2024-12-07 12:33:38.024 [CVUD(61254)]CRS-10051: CVU found following errors with Clusterware setup : PRVG-2027 : Owner of file "/u01/app/19.0.0.0/grid/bin/oradaemonagent" is inconsistent across nodes. [Found = "{oracle=[hannvzdlrasvr01], root=[hannvzdlrasvr02]}" on Nodes = "hannvzdlrasvr01,hannvzdlrasvr02"]

2024-12-07 12:34:10.741 [OCSSD(59517)]CRS-1601: CSSD Reconfiguration complete. Active nodes are hannvzdlrasvr01 hannvzdlrasvr02 .
2024-12-07 12:34:45.894 [CRSD(60595)]CRS-2772: Server 'hannvzdlrasvr01' has been assigned to pool 'Free'.
2024-12-07 12:35:29.450 [OCSSD(59517)]CRS-1625: Node hannvzdlrasvr01, number 1, was shut down
2024-12-07 12:35:29.460 [CRSD(60595)]CRS-5504: Node down event reported for node 'hannvzdlrasvr01'.
2024-12-07 12:35:29.461 [CRSD(60595)]CRS-2773: Server 'hannvzdlrasvr01' has been removed from pool 'Free'.
2024-12-07 12:35:29.458 [OCSSD(59517)]CRS-1601: CSSD Reconfiguration complete. Active nodes are hannvzdlrasvr02 .
2024-12-07 12:35:39.452 [OCSSD(59517)]CRS-7503: The Oracle Grid Infrastructure process 'ocssd' observed communication issues between node 'hannvzdlrasvr02' and node 'hannvzdlrasvr01', interface list of local node 'hannvzdlrasvr02' is '10.9.27.31:39876;10.9.27.32:54079;', interface list of remote node 'hannvzdlrasvr01' is '10.9.27.29:21653;10.9.27.30:53156;'.
2024-12-07 12:36:01.495 [OCSSD(59517)]CRS-1601: CSSD Reconfiguration complete. Active nodes are hannvzdlrasvr01 hannvzdlrasvr02 .
2024-12-07 12:36:39.019 [CRSD(60595)]CRS-2772: Server 'hannvzdlrasvr01' has been assigned to pool 'Generic'.
2024-12-07 12:36:39.020 [CRSD(60595)]CRS-2772: Server 'hannvzdlrasvr01' has been assigned to pool 'ora.zdlradb'.
2024-12-07 12:36:58.949 [CRSD(60595)]CRS-1026: Oracle Clusterware patch has completed. The patch level has changed from [1402920100] to [633061983]. Details in /u01/app/oracle/diag/crs/hannvzdlrasvr02/crs/trace/crsd.trc.
2024-12-07 13:41:46.929 [OCSSD(59517)]CRS-1735: Fence request issued for an entity node 1 with a timeout of 180000.
2024-12-07 13:44:41.129 [CRSD(60595)]CRS-2757: Command 'Stop' timed out waiting for response from the resource 'ora.chad'. Details at (:CRSPE00221:) {1:26896:1567} in /u01/app/oracle/diag/crs/hannvzdlrasvr02/crs/trace/crsd.trc.
2024-12-07 13:45:38.355 [OCSSD(59517)]CRS-1625: Node hannvzdlrasvr01, number 1, was shut down
2024-12-07 13:45:38.365 [OCSSD(59517)]CRS-1601: CSSD Reconfiguration complete. Active nodes are hannvzdlrasvr02 .
2024-12-07 13:45:38.367 [CRSD(60595)]CRS-5504: Node down event reported for node 'hannvzdlrasvr01'.
2024-12-07 13:45:38.369 [CRSD(60595)]CRS-2773: Server 'hannvzdlrasvr01' has been removed from pool 'Generic'.
2024-12-07 13:45:38.369 [CRSD(60595)]CRS-2773: Server 'hannvzdlrasvr01' has been removed from pool 'ora.zdlradb'.
2024-12-07 13:48:57.413 [OCSSD(59517)]CRS-1601: CSSD Reconfiguration complete. Active nodes are hannvzdlrasvr01 hannvzdlrasvr02 .
2024-12-07 13:49:34.318 [CRSD(60595)]CRS-2772: Server 'hannvzdlrasvr01' has been assigned to pool 'Generic'.
2024-12-07 13:49:34.318 [CRSD(60595)]CRS-2772: Server 'hannvzdlrasvr01' has been assigned to pool 'ora.zdlradb'.
2024-12-07 13:51:15.739 [OHASD(59083)]CRS-2791: Starting shutdown of Oracle High Availability Services-managed resources on 'hannvzdlrasvr02'
2024-12-07 13:51:15.752 [ORAROOTAGENT(60683)]CRS-5024: Unmounting file system "/raacfs/raadmin"
2024-12-07 13:51:15.754 [ORAROOTAGENT(60683)]CRS-5024: Unmounting file system "/osbcat"
2024-12-07 13:51:16.357 [ORAROOTAGENT(60683)]CRS-5025: File system "/raacfs/raadmin" unmounted
2024-12-07 13:51:16.358 [ORAROOTAGENT(60683)]CRS-5025: File system "/osbcat" unmounted
2024-12-07 13:54:15.757 [ORAAGENT(60694)]CRS-5818: Aborted command 'stop' for resource 'ora.chad'. Details at (:CRSAGF00113:) {2:6123:2272} in /u01/app/oracle/diag/crs/hannvzdlrasvr02/crs/trace/crsd_oraagent_oracle.trc.
2024-12-07 13:54:15.771 [ORAAGENT(60694)]CRS-5017: The resource action "ora.chad stop" encountered the following error: 
2024-12-07 13:54:15.771+action for daemon aborted. For details refer to "(:CLSN00108:)" in "/u01/app/oracle/diag/crs/hannvzdlrasvr02/crs/trace/crsd_oraagent_oracle.trc".
2024-12-07 13:54:15.773 [CRSD(60595)]CRS-2757: Command 'Stop' timed out waiting for response from the resource 'ora.chad'. Details at (:CRSPE00221:) {2:6123:2272} in /u01/app/oracle/diag/crs/hannvzdlrasvr02/crs/trace/crsd.trc.
2024-12-07 13:54:38.149 [ORAROOTAGENT(60683)]CRS-5822: Agent '/u01/app/19.0.0.0/grid/bin/orarootagent_root' disconnected from server. Details at (:CRSAGF00117:) {0:2:21} in /u01/app/oracle/diag/crs/hannvzdlrasvr02/crs/trace/crsd_orarootagent_root.trc.
2024-12-07 13:54:38.149 [ORAAGENT(60694)]CRS-5822: Agent '/u01/app/19.0.0.0/grid/bin/oraagent_oracle' disconnected from server. Details at (:CRSAGF00117:) {0:4:27} in /u01/app/oracle/diag/crs/hannvzdlrasvr02/crs/trace/crsd_oraagent_oracle.trc.
2024-12-07 13:54:40.859 [MDNSD(59307)]CRS-5602: mDNS service stopping by request.
2024-12-07 13:54:41.469 [MDNSD(59307)]CRS-8504: Oracle Clusterware MDNSD process with operating system process ID 59307 is exiting
2024-12-07 13:55:15.133 [OCTSSD(59694)]CRS-2405: The Cluster Time Synchronization Service on host hannvzdlrasvr02 is shutdown by user
2024-12-07 13:55:15.133 [OCTSSD(59694)]CRS-8504: Oracle Clusterware OCTSSD process with operating system process ID 59694 is exiting
2024-12-07 13:55:16.142 [OCSSD(59517)]CRS-1603: CSSD on node hannvzdlrasvr02 has been shut down.
2024-12-07 13:55:18.641 [ORAROOTAGENT(179808)]CRS-8500: Oracle Clusterware ORAROOTAGENT process is starting with operating system process ID 179808
2024-12-07 13:55:19.146 [GPNPD(59353)]CRS-2329: GPNPD on node hannvzdlrasvr02 shut down. 
2024-12-07 13:55:20.151 [OHASD(59083)]CRS-2793: Shutdown of Oracle High Availability Services-managed resources on 'hannvzdlrasvr02' has completed
2024-12-07 13:55:20.159 [ORAROOTAGENT(179808)]CRS-5822: Agent '/u01/app/19.0.0.0/grid/bin/orarootagent_root' disconnected from server. Details at (:CRSAGF00117:) {0:8:4} in /u01/app/oracle/diag/crs/hannvzdlrasvr02/crs/trace/ohasd_orarootagent_root.trc.
2024-12-07 13:58:12.673 [OHASD(52190)]CRS-8500: Oracle Clusterware OHASD process is starting with operating system process ID 52190
2024-12-07 13:58:12.714 [OHASD(52190)]CRS-0714: Oracle Clusterware Release 19.0.0.0.0.
2024-12-07 13:58:12.721 [OHASD(52190)]CRS-2112: The OLR service started on node hannvzdlrasvr02.
2024-12-07 13:58:12.845 [OHASD(52190)]CRS-1301: Oracle High Availability Service started on node hannvzdlrasvr02.
2024-12-07 13:58:12.845 [OHASD(52190)]CRS-8017: location: /etc/oracle/lastgasp has 2 reboot advisory log files, 0 were announced and 0 errors occurred
2024-12-07 13:58:13.220 [ORAROOTAGENT(59656)]CRS-8500: Oracle Clusterware ORAROOTAGENT process is starting with operating system process ID 59656
2024-12-07 13:58:13.234 [ORAAGENT(59701)]CRS-8500: Oracle Clusterware ORAAGENT process is starting with operating system process ID 59701
2024-12-07 13:58:13.257 [CSSDMONITOR(59721)]CRS-8500: Oracle Clusterware CSSDMONITOR process is starting with operating system process ID 59721
2024-12-07 13:58:13.258 [CSSDAGENT(59713)]CRS-8500: Oracle Clusterware CSSDAGENT process is starting with operating system process ID 59713
2024-12-07 13:58:13.603 [ORAROOTAGENT(59656)]CRS-5016: Process "/u01/app/19.0.0.0/grid/bin/acfsload" spawned by agent "ORAROOTAGENT" for action "check" failed: details at "(:CLSN00010:)" in "/u01/app/oracle/diag/crs/hannvzdlrasvr02/crs/trace/ohasd_orarootagent_root.trc"
2024-12-07 13:58:13.674 [ORAAGENT(60297)]CRS-8500: Oracle Clusterware ORAAGENT process is starting with operating system process ID 60297
2024-12-07 13:58:13.719 [CLSECHO(60623)]ACFS-9391: Checking for existing ADVM/ACFS installation.
2024-12-07 13:58:13.751 [CLSECHO(60680)]ACFS-9392: Validating ADVM/ACFS installation files for operating system.
2024-12-07 13:58:13.769 [CLSECHO(60724)]ACFS-9393: Verifying ASM Administrator setup.
2024-12-07 13:58:13.789 [CLSECHO(60738)]ACFS-9308: Loading installed ADVM/ACFS drivers.
2024-12-07 13:58:13.897 [MDNSD(60684)]CRS-8500: Oracle Clusterware MDNSD process is starting with operating system process ID 60684
2024-12-07 13:58:13.900 [EVMD(60687)]CRS-8500: Oracle Clusterware EVMD process is starting with operating system process ID 60687
2024-12-07 13:58:14.342 [CLSECHO(61313)]ACFS-9154: Loading 'oracleoks.ko' driver.
2024-12-07 13:58:14.843 [CLSECHO(61690)]ACFS-9154: Loading 'oracleadvm.ko' driver.
2024-12-07 13:58:14.915 [GPNPD(61562)]CRS-8500: Oracle Clusterware GPNPD process is starting with operating system process ID 61562
2024-12-07 13:58:15.474 [CLSECHO(62916)]ACFS-9154: Loading 'oracleacfs.ko' driver.
2024-12-07 13:58:15.806 [GPNPD(61562)]CRS-2328: GPNPD started on node hannvzdlrasvr02. 
2024-12-07 13:58:15.931 [GIPCD(63601)]CRS-8500: Oracle Clusterware GIPCD process is starting with operating system process ID 63601
2024-12-07 13:58:17.027 [CLSECHO(65510)]CRS-10001: ACFS-9325:     Driver OS kernel version = 5.4.17-2136.327.1.el8uek.x86_64.
ACFS-9326:     Driver build number = RELEASE.
ACFS-9212:     Driver build version = 19.0.0.0.0 (19.22.0.0.0).
ACFS-9547:     Driver available build number = RELEASE.
ACFS-9548:     Driver available build version = 19.0.0.0.0 (19.22.0.0.0).
ACFS-9549:     Kernel and command versions.
Kernel:
    Build version: 19.0.0.0.0
    Build full version: 19.22.0.0.0
    Build hash:    9256567290
    Bug numbers:   NoTransactionInformation
Commands:
    Build version: 19.0.0.0.0
    Build full version: 19.22.0.0.0
    Build hash:    9256567290
    Bug numbers:   NoTransactionInformation
2024-12-07 13:58:17.087 [CLSECHO(65582)]ACFS-9327: Verifying ADVM/ACFS devices.
2024-12-07 13:58:17.106 [CLSECHO(65616)]ACFS-9156: Detecting control device '/dev/asm/.asm_ctl_spec'.
2024-12-07 13:58:17.131 [CLSECHO(65680)]ACFS-9156: Detecting control device '/dev/ofsctl'.
2024-12-07 13:58:17.469 [CLSECHO(65977)]ACFS-9294: updating file /etc/sysconfig/oracledrivers.conf
2024-12-07 13:58:17.487 [CLSECHO(65985)]ACFS-9322: completed
2024-12-07 13:58:20.163 [OSYSMOND(66609)]CRS-8500: Oracle Clusterware OSYSMOND process is starting with operating system process ID 66609
2024-12-07 13:58:20.168 [CSSDMONITOR(66607)]CRS-8500: Oracle Clusterware CSSDMONITOR process is starting with operating system process ID 66607
2024-12-07 13:58:20.491 [CSSDAGENT(66683)]CRS-8500: Oracle Clusterware CSSDAGENT process is starting with operating system process ID 66683
2024-12-07 13:58:26.444 [OCSSD(66714)]CRS-8500: Oracle Clusterware OCSSD process is starting with operating system process ID 66714
2024-12-07 13:58:27.482 [OCSSD(66714)]CRS-1713: CSSD daemon is started in hub mode
2024-12-07 13:58:28.920 [OCSSD(66714)]CRS-1707: Lease acquisition for node hannvzdlrasvr02 number 2 completed
2024-12-07 13:58:30.007 [OCSSD(66714)]CRS-1621: The IPMI configuration data for this node stored in the Oracle registry is incomplete; details at (:CSSNK00002:) in /u01/app/oracle/diag/crs/hannvzdlrasvr02/crs/trace/ocssd.trc
2024-12-07 13:58:30.007 [OCSSD(66714)]CRS-1617: The information required to do node kill for node hannvzdlrasvr02 is incomplete; details at (:CSSNM00004:) in /u01/app/oracle/diag/crs/hannvzdlrasvr02/crs/trace/ocssd.trc
2024-12-07 13:58:30.046 [OCSSD(66714)]CRS-1605: CSSD voting file is online: o/10.9.27.33;10.9.27.34/CATALOG_CD_04_hannvzdlracel01; details in /u01/app/oracle/diag/crs/hannvzdlrasvr02/crs/trace/ocssd.trc.
2024-12-07 13:58:30.051 [OCSSD(66714)]CRS-1605: CSSD voting file is online: o/10.9.27.35;10.9.27.36/CATALOG_CD_04_hannvzdlracel02; details in /u01/app/oracle/diag/crs/hannvzdlrasvr02/crs/trace/ocssd.trc.
2024-12-07 13:58:30.055 [OCSSD(66714)]CRS-1605: CSSD voting file is online: o/10.9.27.49;10.9.27.50/CATALOG_CD_04_hannvzdlracel09; details in /u01/app/oracle/diag/crs/hannvzdlrasvr02/crs/trace/ocssd.trc.
2024-12-07 13:58:30.076 [OCSSD(66714)]CRS-1605: CSSD voting file is online: o/10.9.27.51;10.9.27.52/CATALOG_CD_04_hannvzdlracel10; details in /u01/app/oracle/diag/crs/hannvzdlrasvr02/crs/trace/ocssd.trc.
2024-12-07 13:58:30.081 [OCSSD(66714)]CRS-1605: CSSD voting file is online: o/10.9.27.53;10.9.27.54/CATALOG_CD_04_hannvzdlracel11; details in /u01/app/oracle/diag/crs/hannvzdlrasvr02/crs/trace/ocssd.trc.
2024-12-07 13:58:36.296 [OCSSD(66714)]CRS-1601: CSSD Reconfiguration complete. Active nodes are hannvzdlrasvr01 hannvzdlrasvr02 .
2024-12-07 13:58:37.810 [OCTSSD(86097)]CRS-8500: Oracle Clusterware OCTSSD process is starting with operating system process ID 86097
2024-12-07 13:58:38.364 [OCSSD(66714)]CRS-1720: Cluster Synchronization Services daemon (CSSD) is ready for operation.
2024-12-07 13:58:38.664 [OCTSSD(86097)]CRS-2403: The Cluster Time Synchronization Service on host hannvzdlrasvr02 is in observer mode.
2024-12-07 13:58:39.848 [OCTSSD(86097)]CRS-2407: The new Cluster Time Synchronization Service reference node is host hannvzdlrasvr01.
2024-12-07 13:58:39.848 [OCTSSD(86097)]CRS-2401: The Cluster Time Synchronization Service started on host hannvzdlrasvr02.
2024-12-07 13:59:05.278 [CRSD(91172)]CRS-8500: Oracle Clusterware CRSD process is starting with operating system process ID 91172
2024-12-07 13:59:07.536 [CRSD(91172)]CRS-1012: The OCR service started on node hannvzdlrasvr02.
2024-12-07 13:59:07.559 [CRSD(91172)]CRS-1201: CRSD started on node hannvzdlrasvr02.
2024-12-07 13:59:08.862 [ORAROOTAGENT(95128)]CRS-8500: Oracle Clusterware ORAROOTAGENT process is starting with operating system process ID 95128
2024-12-07 13:59:08.892 [ORAAGENT(95138)]CRS-8500: Oracle Clusterware ORAAGENT process is starting with operating system process ID 95138
2024-12-07 14:04:31.819 [CLSECHO(139445)]ACFS-9544: Invalid files or directories found: 'missing[], extra[5.4.17-2136.327.1]'
2024-12-07 14:04:32.169 [CLSECHO(139487)]ACFS-9294: updating file /etc/sysconfig/oracledrivers.conf
2024-12-07 14:04:32.538 [CLSECHO(139583)]AFD-0654: AFD is not supported on Exadata systems
2024-12-07 14:04:36.893 [CLSECHO(140407)]AFD-0654: AFD is not supported on Exadata systems
2024-12-07 14:04:37.067 [CLSECHO(140482)]ACFS-9544: Invalid files or directories found: 'missing[], extra[5.4.17-2136.327.1]'
2024-12-07 14:05:13.469 [CLSECHO(148348)]ACFS-9544: Invalid files or directories found: 'missing[], extra[5.4.17-2136.327.1]'
2024-12-07 14:05:13.829 [CLSECHO(148394)]ACFS-9294: updating file /etc/sysconfig/oracledrivers.conf
2024-12-07 14:05:14.006 [CLSECHO(148652)]ACFS-9544: Invalid files or directories found: 'missing[], extra[5.4.17-2136.327.1]'
2024-12-08 03:09:56.964 [CLSECHO(370127)]AFD-0654: AFD is not supported on Exadata systems
2024-12-09 16:03:21.175 [CLSECHO(266521)]AFD-0654: AFD is not supported on Exadata systems
2024-12-09 16:03:21.363 [CLSECHO(266598)]ACFS-9544: Invalid files or directories found: 'missing[], extra[5.4.17-2136.327.1]'
2024-12-09 16:04:00.753 [OCTSSD(86097)]CRS-2407: The new Cluster Time Synchronization Service reference node is host hannvzdlrasvr02.
2024-12-09 16:04:03.371 [OCSSD(66714)]CRS-1625: Node hannvzdlrasvr01, number 1, was shut down
2024-12-09 16:04:03.381 [OCSSD(66714)]CRS-1601: CSSD Reconfiguration complete. Active nodes are hannvzdlrasvr02 .
2024-12-09 16:04:03.384 [CRSD(91172)]CRS-5504: Node down event reported for node 'hannvzdlrasvr01'.
2024-12-09 16:04:03.385 [CRSD(91172)]CRS-2773: Server 'hannvzdlrasvr01' has been removed from pool 'Generic'.
2024-12-09 16:04:03.386 [CRSD(91172)]CRS-2773: Server 'hannvzdlrasvr01' has been removed from pool 'ora.zdlradb'.
2024-12-09 16:05:05.219 [OLOGGERD(289636)]CRS-8500: Oracle Clusterware OLOGGERD process is starting with operating system process ID 289636
2024-12-09 16:05:10.747 [CVUD(265541)]CRS-10051: CVU found following errors with Clusterware setup : PRVF-5302 : Failed to execute the exectask command on node "hannvzdlrasvr01" 
/u01/app/19.0.0.0/grid/bin/crsctl check css
PRVG-2043 : Command "/u01/app/19.0.0.0/grid/bin/crsctl check css " failed on node "hannvzdlrasvr01" and produced the following output:
CRS-4639: Could not contact Oracle High Availability Services
CRS-4000: Command Check failed, or completed with errors.

PRVG-6017 : OCR backup is located in the same disk group "+CATALOG" as OCR.
PRVG-6056 : Insufficient ASM instances found.  Expected 2 but found 1, on nodes "hannvzdlrasvr02".
PRVG-6056 : Insufficient ASM instances found.  Expected 2 but found 1, on nodes "hannvzdlrasvr02".

2024-12-09 16:05:10.748 [CVUD(265541)]CRS-10051: CVU found following errors with Clusterware setup : PRVG-10048 : Name "hannvzdlrasvr01" was not resolved to an address of the specified type by name servers "10.9.75.6".
PRVF-4759 : 'lsnodes' execution failed on the node
PRVG-13690 : The state of Oracle Clusterware is not ONLINE on node "hannvzdlrasvr01". [Found state = "OFFLINE"]
PRVG-13620 : Node application "ora.hannvzdlrasvr01.vip" is offline on node "hannvzdlrasvr01".
PRVF-4556 : Failed to check existence of node application "ora.net1.network" on node "hannvzdlrasvr01"

2024-12-09 16:05:10.748 [CVUD(265541)]CRS-10051: CVU found following errors with Clusterware setup : PRVG-2043 : Command "/u01/app/19.0.0.0/grid/bin/crsctl stat resource ora.ctssd -init " failed on node "hannvzdlrasvr01" and produced the following output:
CRS-4639: Could not contact Oracle High Availability Services
CRS-4000: Command Status failed, or completed with errors.

PRVG-10048 : Name "hannvzdlrasvr02" was not resolved to an address of the specified type by name servers "10.9.75.6".

2024-12-09 16:10:13.451 [OCSSD(66714)]CRS-1601: CSSD Reconfiguration complete. Active nodes are hannvzdlrasvr01 hannvzdlrasvr02 .
2024-12-09 16:10:55.368 [OCSSD(66714)]CRS-1632: Node hannvzdlrasvr01 is being removed from the cluster in cluster incarnation 629040709
2024-12-09 16:10:55.477 [OCSSD(66714)]CRS-1601: CSSD Reconfiguration complete. Active nodes are hannvzdlrasvr02 .
2024-12-09 16:11:02.486 [EVMD(60687)]CRS-7503: The Oracle Grid Infrastructure process 'evmd' observed communication issues between node 'hannvzdlrasvr02' and node 'hannvzdlrasvr01', interface list of local node 'hannvzdlrasvr02' is '10.9.27.31:53247;10.9.27.32:62011;', interface list of remote node 'hannvzdlrasvr01' is '10.9.27.29:29459;10.9.27.30:31945;'.
2024-12-09 16:11:03.074 [GIPCD(63601)]CRS-7503: The Oracle Grid Infrastructure process 'gipcd' observed communication issues between node 'hannvzdlrasvr02' and node 'hannvzdlrasvr01', interface list of local node 'hannvzdlrasvr02' is '10.9.27.31:25244;10.9.27.32:31168;', interface list of remote node 'hannvzdlrasvr01' is '10.9.27.30:64821;10.9.27.29:59675;'.
2024-12-09 16:11:03.075 [GIPCD(63601)]CRS-7503: The Oracle Grid Infrastructure process 'gipcd' observed communication issues between node 'hannvzdlrasvr02' and node 'hannvzdlrasvr01', interface list of local node 'hannvzdlrasvr02' is '10.9.27.31:25244;10.9.27.32:31168;', interface list of remote node 'hannvzdlrasvr01' is '10.9.27.30:64821;10.9.27.29:59675;'.
2024-12-09 16:13:50.427 [OCSSD(66714)]CRS-1601: CSSD Reconfiguration complete. Active nodes are hannvzdlrasvr01 hannvzdlrasvr02 .
2024-12-09 16:14:34.420 [OCSSD(66714)]CRS-1632: Node hannvzdlrasvr01 is being removed from the cluster in cluster incarnation 629040711
2024-12-09 16:14:34.529 [OCSSD(66714)]CRS-1601: CSSD Reconfiguration complete. Active nodes are hannvzdlrasvr02 .
2024-12-09 16:14:41.539 [EVMD(60687)]CRS-7503: The Oracle Grid Infrastructure process 'evmd' observed communication issues between node 'hannvzdlrasvr02' and node 'hannvzdlrasvr01', interface list of local node 'hannvzdlrasvr02' is '10.9.27.31:53247;10.9.27.32:62011;', interface list of remote node 'hannvzdlrasvr01' is '10.9.27.29:45775;10.9.27.30:32346;'.
2024-12-09 16:14:41.996 [GIPCD(63601)]CRS-7503: The Oracle Grid Infrastructure process 'gipcd' observed communication issues between node 'hannvzdlrasvr02' and node 'hannvzdlrasvr01', interface list of local node 'hannvzdlrasvr02' is '10.9.27.31:25244;10.9.27.32:31168;', interface list of remote node 'hannvzdlrasvr01' is '10.9.27.30:32458;10.9.27.29:54742;'.
2024-12-09 16:14:41.997 [GIPCD(63601)]CRS-7503: The Oracle Grid Infrastructure process 'gipcd' observed communication issues between node 'hannvzdlrasvr02' and node 'hannvzdlrasvr01', interface list of local node 'hannvzdlrasvr02' is '10.9.27.31:25244;10.9.27.32:31168;', interface list of remote node 'hannvzdlrasvr01' is '10.9.27.30:32458;10.9.27.29:54742;'.
2024-12-09 16:14:44.611 [OCTSSD(86097)]CRS-7503: The Oracle Grid Infrastructure process 'octssd' observed communication issues between node 'hannvzdlrasvr02' and node 'hannvzdlrasvr01', interface list of local node 'hannvzdlrasvr02' is '10.9.27.31:39924;10.9.27.32:44013;', interface list of remote node 'hannvzdlrasvr01' is '10.9.27.29:50391;10.9.27.30:44207;'.
2024-12-09 16:16:54.115 [CLSECHO(372544)]AFD-0654: AFD is not supported on Exadata systems
2024-12-09 16:16:54.300 [CLSECHO(372624)]ACFS-9544: Invalid files or directories found: 'missing[], extra[5.4.17-2136.327.1]'
2024-12-09 16:17:27.479 [OCSSD(66714)]CRS-1601: CSSD Reconfiguration complete. Active nodes are hannvzdlrasvr01 hannvzdlrasvr02 .
2024-12-09 16:18:10.683 [OCSSD(66714)]CRS-1632: Node hannvzdlrasvr01 is being removed from the cluster in cluster incarnation 629040713
2024-12-09 16:18:10.790 [OCSSD(66714)]CRS-1601: CSSD Reconfiguration complete. Active nodes are hannvzdlrasvr02 .
2024-12-09 16:18:16.799 [EVMD(60687)]CRS-7503: The Oracle Grid Infrastructure process 'evmd' observed communication issues between node 'hannvzdlrasvr02' and node 'hannvzdlrasvr01', interface list of local node 'hannvzdlrasvr02' is '10.9.27.31:53247;10.9.27.32:62011;', interface list of remote node 'hannvzdlrasvr01' is '10.9.27.29:22333;10.9.27.30:43927;'.
2024-12-09 16:18:18.716 [GIPCD(63601)]CRS-7503: The Oracle Grid Infrastructure process 'gipcd' observed communication issues between node 'hannvzdlrasvr02' and node 'hannvzdlrasvr01', interface list of local node 'hannvzdlrasvr02' is '10.9.27.31:25244;10.9.27.32:31168;', interface list of remote node 'hannvzdlrasvr01' is '10.9.27.30:63148;10.9.27.29:46531;'.
2024-12-09 16:18:18.716 [GIPCD(63601)]CRS-7503: The Oracle Grid Infrastructure process 'gipcd' observed communication issues between node 'hannvzdlrasvr02' and node 'hannvzdlrasvr01', interface list of local node 'hannvzdlrasvr02' is '10.9.27.31:25244;10.9.27.32:31168;', interface list of remote node 'hannvzdlrasvr01' is '10.9.27.30:63148;10.9.27.29:46531;'.
2024-12-09 16:21:08.046 [OCSSD(66714)]CRS-1601: CSSD Reconfiguration complete. Active nodes are hannvzdlrasvr01 hannvzdlrasvr02 .
2024-12-09 16:21:46.517 [OCSSD(66714)]CRS-1632: Node hannvzdlrasvr01 is being removed from the cluster in cluster incarnation 629040715
2024-12-09 16:21:46.625 [OCSSD(66714)]CRS-1601: CSSD Reconfiguration complete. Active nodes are hannvzdlrasvr02 .
2024-12-09 16:21:54.637 [EVMD(60687)]CRS-7503: The Oracle Grid Infrastructure process 'evmd' observed communication issues between node 'hannvzdlrasvr02' and node 'hannvzdlrasvr01', interface list of local node 'hannvzdlrasvr02' is '10.9.27.31:53247;10.9.27.32:62011;', interface list of remote node 'hannvzdlrasvr01' is '10.9.27.29:12205;10.9.27.30:50916;'.
2024-12-09 16:21:56.436 [OCTSSD(86097)]CRS-7503: The Oracle Grid Infrastructure process 'octssd' observed communication issues between node 'hannvzdlrasvr02' and node 'hannvzdlrasvr01', interface list of local node 'hannvzdlrasvr02' is '10.9.27.31:39924;10.9.27.32:44013;', interface list of remote node 'hannvzdlrasvr01' is '10.9.27.29:27610;10.9.27.30:47524;'.
2024-12-09 16:21:56.421 [GIPCD(63601)]CRS-7503: The Oracle Grid Infrastructure process 'gipcd' observed communication issues between node 'hannvzdlrasvr02' and node 'hannvzdlrasvr01', interface list of local node 'hannvzdlrasvr02' is '10.9.27.31:25244;10.9.27.32:31168;', interface list of remote node 'hannvzdlrasvr01' is '10.9.27.30:14667;10.9.27.29:38281;'.
2024-12-09 16:24:06.902 [CLSECHO(30734)]AFD-0654: AFD is not supported on Exadata systems
2024-12-09 16:24:07.080 [CLSECHO(30850)]ACFS-9544: Invalid files or directories found: 'missing[], extra[5.4.17-2136.327.1]'
2024-12-09 16:24:39.572 [OCSSD(66714)]CRS-1601: CSSD Reconfiguration complete. Active nodes are hannvzdlrasvr01 hannvzdlrasvr02 .
2024-12-09 16:25:19.684 [OCSSD(66714)]CRS-1632: Node hannvzdlrasvr01 is being removed from the cluster in cluster incarnation 629040717
2024-12-09 16:25:19.792 [OCSSD(66714)]CRS-1601: CSSD Reconfiguration complete. Active nodes are hannvzdlrasvr02 .
2024-12-09 16:25:25.800 [EVMD(60687)]CRS-7503: The Oracle Grid Infrastructure process 'evmd' observed communication issues between node 'hannvzdlrasvr02' and node 'hannvzdlrasvr01', interface list of local node 'hannvzdlrasvr02' is '10.9.27.31:53247;10.9.27.32:62011;', interface list of remote node 'hannvzdlrasvr01' is '10.9.27.29:42428;10.9.27.30:36550;'.
2024-12-09 16:25:27.673 [GIPCD(63601)]CRS-7503: The Oracle Grid Infrastructure process 'gipcd' observed communication issues between node 'hannvzdlrasvr02' and node 'hannvzdlrasvr01', interface list of local node 'hannvzdlrasvr02' is '10.9.27.31:25244;10.9.27.32:31168;', interface list of remote node 'hannvzdlrasvr01' is '10.9.27.30:47280;10.9.27.29:28864;'.
2024-12-09 16:25:27.673 [GIPCD(63601)]CRS-7503: The Oracle Grid Infrastructure process 'gipcd' observed communication issues between node 'hannvzdlrasvr02' and node 'hannvzdlrasvr01', interface list of local node 'hannvzdlrasvr02' is '10.9.27.31:25244;10.9.27.32:31168;', interface list of remote node 'hannvzdlrasvr01' is '10.9.27.30:47280;10.9.27.29:28864;'.
2024-12-09 16:28:15.749 [OCSSD(66714)]CRS-1601: CSSD Reconfiguration complete. Active nodes are hannvzdlrasvr01 hannvzdlrasvr02 .
2024-12-09 16:28:55.600 [OCSSD(66714)]CRS-1632: Node hannvzdlrasvr01 is being removed from the cluster in cluster incarnation 629040719
2024-12-09 16:28:55.708 [OCSSD(66714)]CRS-1601: CSSD Reconfiguration complete. Active nodes are hannvzdlrasvr02 .
2024-12-09 16:29:01.717 [EVMD(60687)]CRS-7503: The Oracle Grid Infrastructure process 'evmd' observed communication issues between node 'hannvzdlrasvr02' and node 'hannvzdlrasvr01', interface list of local node 'hannvzdlrasvr02' is '10.9.27.31:53247;10.9.27.32:62011;', interface list of remote node 'hannvzdlrasvr01' is '10.9.27.29:26496;10.9.27.30:13978;'.
2024-12-09 16:29:04.335 [GIPCD(63601)]CRS-7503: The Oracle Grid Infrastructure process 'gipcd' observed communication issues between node 'hannvzdlrasvr02' and node 'hannvzdlrasvr01', interface list of local node 'hannvzdlrasvr02' is '10.9.27.31:25244;10.9.27.32:31168;', interface list of remote node 'hannvzdlrasvr01' is '10.9.27.30:64039;10.9.27.29:20305;'.
2024-12-09 16:29:05.433 [OCTSSD(86097)]CRS-7503: The Oracle Grid Infrastructure process 'octssd' observed communication issues between node 'hannvzdlrasvr02' and node 'hannvzdlrasvr01', interface list of local node 'hannvzdlrasvr02' is '10.9.27.31:39924;10.9.27.32:44013;', interface list of remote node 'hannvzdlrasvr01' is '10.9.27.29:51521;10.9.27.30:29141;'.
2024-12-09 16:31:53.658 [OCSSD(66714)]CRS-1601: CSSD Reconfiguration complete. Active nodes are hannvzdlrasvr01 hannvzdlrasvr02 .
2024-12-09 16:32:36.643 [OCSSD(66714)]CRS-1632: Node hannvzdlrasvr01 is being removed from the cluster in cluster incarnation 629040721
2024-12-09 16:32:36.751 [OCSSD(66714)]CRS-1601: CSSD Reconfiguration complete. Active nodes are hannvzdlrasvr02 .
2024-12-09 16:32:42.759 [EVMD(60687)]CRS-7503: The Oracle Grid Infrastructure process 'evmd' observed communication issues between node 'hannvzdlrasvr02' and node 'hannvzdlrasvr01', interface list of local node 'hannvzdlrasvr02' is '10.9.27.31:53247;10.9.27.32:62011;', interface list of remote node 'hannvzdlrasvr01' is '10.9.27.29:38268;10.9.27.30:16959;'.
2024-12-09 16:32:44.457 [GIPCD(63601)]CRS-7503: The Oracle Grid Infrastructure process 'gipcd' observed communication issues between node 'hannvzdlrasvr02' and node 'hannvzdlrasvr01', interface list of local node 'hannvzdlrasvr02' is '10.9.27.31:25244;10.9.27.32:31168;', interface list of remote node 'hannvzdlrasvr01' is '10.9.27.30:22848;10.9.27.29:30347;'.
2024-12-09 16:32:44.458 [GIPCD(63601)]CRS-7503: The Oracle Grid Infrastructure process 'gipcd' observed communication issues between node 'hannvzdlrasvr02' and node 'hannvzdlrasvr01', interface list of local node 'hannvzdlrasvr02' is '10.9.27.31:25244;10.9.27.32:31168;', interface list of remote node 'hannvzdlrasvr01' is '10.9.27.30:22848;10.9.27.29:30347;'.
2024-12-09 16:35:33.700 [OCSSD(66714)]CRS-1601: CSSD Reconfiguration complete. Active nodes are hannvzdlrasvr01 hannvzdlrasvr02 .
2024-12-09 16:36:12.509 [OCSSD(66714)]CRS-1632: Node hannvzdlrasvr01 is being removed from the cluster in cluster incarnation 629040723
2024-12-09 16:36:12.618 [OCSSD(66714)]CRS-1601: CSSD Reconfiguration complete. Active nodes are hannvzdlrasvr02 .
2024-12-09 16:36:18.627 [EVMD(60687)]CRS-7503: The Oracle Grid Infrastructure process 'evmd' observed communication issues between node 'hannvzdlrasvr02' and node 'hannvzdlrasvr01', interface list of local node 'hannvzdlrasvr02' is '10.9.27.31:53247;10.9.27.32:62011;', interface list of remote node 'hannvzdlrasvr01' is '10.9.27.29:23341;10.9.27.30:14190;'.
2024-12-09 16:36:21.101 [GIPCD(63601)]CRS-7503: The Oracle Grid Infrastructure process 'gipcd' observed communication issues between node 'hannvzdlrasvr02' and node 'hannvzdlrasvr01', interface list of local node 'hannvzdlrasvr02' is '10.9.27.31:25244;10.9.27.32:31168;', interface list of remote node 'hannvzdlrasvr01' is '10.9.27.30:40167;10.9.27.29:55494;'.
2024-12-09 16:36:22.036 [OCTSSD(86097)]CRS-7503: The Oracle Grid Infrastructure process 'octssd' observed communication issues between node 'hannvzdlrasvr02' and node 'hannvzdlrasvr01', interface list of local node 'hannvzdlrasvr02' is '10.9.27.31:39924;10.9.27.32:44013;', interface list of remote node 'hannvzdlrasvr01' is '10.9.27.29:47416;10.9.27.30:22141;'.
2024-12-09 16:39:11.572 [OCSSD(66714)]CRS-1601: CSSD Reconfiguration complete. Active nodes are hannvzdlrasvr01 hannvzdlrasvr02 .
2024-12-09 16:43:28.111 [GIPCD(63601)]CRS-7503: The Oracle Grid Infrastructure process 'gipcd' observed communication issues between node 'hannvzdlrasvr02' and node 'hannvzdlrasvr01', interface list of local node 'hannvzdlrasvr02' is '10.9.27.31:25244;10.9.27.32:31168;', interface list of remote node 'hannvzdlrasvr01' is '10.9.27.30:9835;10.9.27.29:52718;'.
2024-12-09 16:43:32.801 [OCSSD(66714)]CRS-1632: Node hannvzdlrasvr01 is being removed from the cluster in cluster incarnation 629040725
2024-12-09 16:43:32.910 [OCSSD(66714)]CRS-1601: CSSD Reconfiguration complete. Active nodes are hannvzdlrasvr02 .
2024-12-09 16:43:36.916 [EVMD(60687)]CRS-7503: The Oracle Grid Infrastructure process 'evmd' observed communication issues between node 'hannvzdlrasvr02' and node 'hannvzdlrasvr01', interface list of local node 'hannvzdlrasvr02' is '10.9.27.31:53247;10.9.27.32:62011;', interface list of remote node 'hannvzdlrasvr01' is '10.9.27.29:45397;10.9.27.30:16114;'.
2024-12-09 16:43:41.143 [GIPCD(63601)]CRS-7503: The Oracle Grid Infrastructure process 'gipcd' observed communication issues between node 'hannvzdlrasvr02' and node 'hannvzdlrasvr01', interface list of local node 'hannvzdlrasvr02' is '10.9.27.31:25244;10.9.27.32:31168;', interface list of remote node 'hannvzdlrasvr01' is '10.9.27.30:9835;10.9.27.29:52718;'.
2024-12-09 16:44:49.169 [OCTSSD(86097)]CRS-7500: The Oracle Grid Infrastructure process 'octssd' failed to establish Oracle Grid Interprocess Communication (GIPC) high availability connection with remote node 'hannvzdlrasvr01'.
2024-12-09 16:45:20.182 [OCTSSD(86097)]CRS-7500: The Oracle Grid Infrastructure process 'octssd' failed to establish Oracle Grid Interprocess Communication (GIPC) high availability connection with remote node 'hannvzdlrasvr01'.
2024-12-09 16:45:20.241 [GIPCD(63601)]CRS-7506: Failed to establish bootstap connetion with node 'hannvzdlrasvr01' 
2024-12-09 16:45:51.208 [OCTSSD(86097)]CRS-7500: The Oracle Grid Infrastructure process 'octssd' failed to establish Oracle Grid Interprocess Communication (GIPC) high availability connection with remote node 'hannvzdlrasvr01'.
2024-12-09 16:46:53.297 [GIPCD(63601)]CRS-7506: Failed to establish bootstap connetion with node 'hannvzdlrasvr01' 
2024-12-09 16:47:41.871 [OCSSD(66714)]CRS-1601: CSSD Reconfiguration complete. Active nodes are hannvzdlrasvr01 hannvzdlrasvr02 .
2024-12-09 16:48:24.860 [OCSSD(66714)]CRS-1632: Node hannvzdlrasvr01 is being removed from the cluster in cluster incarnation 629040727
2024-12-09 16:48:24.968 [OCSSD(66714)]CRS-1601: CSSD Reconfiguration complete. Active nodes are hannvzdlrasvr02 .
2024-12-09 16:48:31.979 [EVMD(60687)]CRS-7503: The Oracle Grid Infrastructure process 'evmd' observed communication issues between node 'hannvzdlrasvr02' and node 'hannvzdlrasvr01', interface list of local node 'hannvzdlrasvr02' is '10.9.27.31:53247;10.9.27.32:62011;', interface list of remote node 'hannvzdlrasvr01' is '10.9.27.29:44735;10.9.27.30:59641;'.
2024-12-09 16:48:33.742 [GIPCD(63601)]CRS-7503: The Oracle Grid Infrastructure process 'gipcd' observed communication issues between node 'hannvzdlrasvr02' and node 'hannvzdlrasvr01', interface list of local node 'hannvzdlrasvr02' is '10.9.27.31:25244;10.9.27.32:31168;', interface list of remote node 'hannvzdlrasvr01' is '10.9.27.30:27287;10.9.27.29:58820;'.
2024-12-09 16:48:34.741 [OCTSSD(86097)]CRS-7503: The Oracle Grid Infrastructure process 'octssd' observed communication issues between node 'hannvzdlrasvr02' and node 'hannvzdlrasvr01', interface list of local node 'hannvzdlrasvr02' is '10.9.27.31:39924;10.9.27.32:44013;', interface list of remote node 'hannvzdlrasvr01' is '10.9.27.29:19948;10.9.27.30:29522;'.
2024-12-09 16:53:22.927 [OCSSD(66714)]CRS-1601: CSSD Reconfiguration complete. Active nodes are hannvzdlrasvr01 hannvzdlrasvr02 .
2024-12-09 16:54:05.874 [OCSSD(66714)]CRS-1632: Node hannvzdlrasvr01 is being removed from the cluster in cluster incarnation 629040729
2024-12-09 16:54:05.983 [OCSSD(66714)]CRS-1601: CSSD Reconfiguration complete. Active nodes are hannvzdlrasvr02 .
2024-12-09 16:54:11.990 [EVMD(60687)]CRS-7503: The Oracle Grid Infrastructure process 'evmd' observed communication issues between node 'hannvzdlrasvr02' and node 'hannvzdlrasvr01', interface list of local node 'hannvzdlrasvr02' is '10.9.27.31:53247;10.9.27.32:62011;', interface list of remote node 'hannvzdlrasvr01' is '10.9.27.29:65213;10.9.27.30:27551;'.
2024-12-09 16:54:14.781 [GIPCD(63601)]CRS-7503: The Oracle Grid Infrastructure process 'gipcd' observed communication issues between node 'hannvzdlrasvr02' and node 'hannvzdlrasvr01', interface list of local node 'hannvzdlrasvr02' is '10.9.27.31:25244;10.9.27.32:31168;', interface list of remote node 'hannvzdlrasvr01' is '10.9.27.30:64812;10.9.27.29:46782;'.
2024-12-09 16:54:15.432 [OCTSSD(86097)]CRS-7503: The Oracle Grid Infrastructure process 'octssd' observed communication issues between node 'hannvzdlrasvr02' and node 'hannvzdlrasvr01', interface list of local node 'hannvzdlrasvr02' is '10.9.27.31:39924;10.9.27.32:44013;', interface list of remote node 'hannvzdlrasvr01' is '10.9.27.29:33044;10.9.27.30:14225;'.
2024-12-09 17:36:52.180 [OCSSD(66714)]CRS-1601: CSSD Reconfiguration complete. Active nodes are hannvzdlrasvr01 hannvzdlrasvr02 .
2024-12-09 17:37:31.941 [OCSSD(66714)]CRS-1632: Node hannvzdlrasvr01 is being removed from the cluster in cluster incarnation 629040731
2024-12-09 17:37:32.049 [OCSSD(66714)]CRS-1601: CSSD Reconfiguration complete. Active nodes are hannvzdlrasvr02 .
2024-12-09 17:37:39.059 [EVMD(60687)]CRS-7503: The Oracle Grid Infrastructure process 'evmd' observed communication issues between node 'hannvzdlrasvr02' and node 'hannvzdlrasvr01', interface list of local node 'hannvzdlrasvr02' is '10.9.27.31:53247;10.9.27.32:62011;', interface list of remote node 'hannvzdlrasvr01' is '10.9.27.29:12745;10.9.27.30:63081;'.
2024-12-09 17:37:39.851 [GIPCD(63601)]CRS-7503: The Oracle Grid Infrastructure process 'gipcd' observed communication issues between node 'hannvzdlrasvr02' and node 'hannvzdlrasvr01', interface list of local node 'hannvzdlrasvr02' is '10.9.27.31:25244;10.9.27.32:31168;', interface list of remote node 'hannvzdlrasvr01' is '10.9.27.30:44796;10.9.27.29:22803;'.
2024-12-09 17:37:40.852 [GIPCD(63601)]CRS-7503: The Oracle Grid Infrastructure process 'gipcd' observed communication issues between node 'hannvzdlrasvr02' and node 'hannvzdlrasvr01', interface list of local node 'hannvzdlrasvr02' is '10.9.27.31:25244;10.9.27.32:31168;', interface list of remote node 'hannvzdlrasvr01' is '10.9.27.30:44796;10.9.27.29:22803;'.
2024-12-09 17:37:42.214 [OCTSSD(86097)]CRS-7503: The Oracle Grid Infrastructure process 'octssd' observed communication issues between node 'hannvzdlrasvr02' and node 'hannvzdlrasvr01', interface list of local node 'hannvzdlrasvr02' is '10.9.27.31:39924;10.9.27.32:44013;', interface list of remote node 'hannvzdlrasvr01' is '10.9.27.29:42845;10.9.27.30:27041;'.
2024-12-09 22:03:18.314 [CLSECHO(387896)]AFD-0654: AFD is not supported on Exadata systems
2024-12-09 22:03:18.496 [CLSECHO(387971)]ACFS-9544: Invalid files or directories found: 'missing[], extra[5.4.17-2136.327.1]'
2024-12-09 22:04:26.464 [CVUD(387184)]CRS-10051: CVU found following errors with Clusterware setup : PRVF-5302 : Failed to execute the exectask command on node "hannvzdlrasvr01" 
/u01/app/19.0.0.0/grid/bin/crsctl check css
PRVG-2043 : Command "/u01/app/19.0.0.0/grid/bin/crsctl check css " failed on node "hannvzdlrasvr01" and produced the following output:
CRS-4639: Could not contact Oracle High Availability Services
CRS-4000: Command Check failed, or completed with errors.

PRVG-6017 : OCR backup is located in the same disk group "+CATALOG" as OCR.
PRVF-4759 : 'lsnodes' execution failed on the node
PRVG-13690 : The state of Oracle Clusterware is not ONLINE on node "hannvzdlrasvr01". [Found state = "OFFLINE"]

2024-12-09 22:04:26.464 [CVUD(387184)]CRS-10051: CVU found following errors with Clusterware setup : PRVG-2043 : Command "/u01/app/19.0.0.0/grid/bin/crsctl stat resource ora.ctssd -init " failed on node "hannvzdlrasvr01" and produced the following output:
CRS-4639: Could not contact Oracle High Availability Services
CRS-4000: Command Status failed, or completed with errors.


2024-12-10 04:03:17.366 [CLSECHO(181045)]AFD-0654: AFD is not supported on Exadata systems
2024-12-10 04:03:17.546 [CLSECHO(181128)]ACFS-9544: Invalid files or directories found: 'missing[], extra[5.4.17-2136.327.1]'
2024-12-10 09:46:57.410 [OHASD(52190)]CRS-2791: Starting shutdown of Oracle High Availability Services-managed resources on 'hannvzdlrasvr02'
2024-12-10 09:46:57.419 [ORAROOTAGENT(95128)]CRS-5024: Unmounting file system "/osbcat"
2024-12-10 09:46:57.723 [ORAROOTAGENT(95128)]CRS-5025: File system "/osbcat" unmounted
2024-12-10 09:46:59.601 [ORAROOTAGENT(95128)]CRS-5024: Unmounting file system "/raacfs/raadmin"
2024-12-10 09:47:00.006 [ORAROOTAGENT(95128)]CRS-5025: File system "/raacfs/raadmin" unmounted
2024-12-10 09:47:17.267 [ORAROOTAGENT(95128)]CRS-5822: Agent '/u01/app/19.0.0.0/grid/bin/orarootagent_root' disconnected from server. Details at (:CRSAGF00117:) {0:1:4} in /u01/app/oracle/diag/crs/hannvzdlrasvr02/crs/trace/crsd_orarootagent_root.trc.
2024-12-10 09:47:19.910 [MDNSD(60684)]CRS-5602: mDNS service stopping by request.
2024-12-10 09:47:20.523 [MDNSD(60684)]CRS-8504: Oracle Clusterware MDNSD process with operating system process ID 60684 is exiting
2024-12-10 09:47:54.855 [OCTSSD(86097)]CRS-2405: The Cluster Time Synchronization Service on host hannvzdlrasvr02 is shutdown by user
2024-12-10 09:47:54.856 [OCTSSD(86097)]CRS-8504: Oracle Clusterware OCTSSD process with operating system process ID 86097 is exiting
2024-12-10 09:47:55.862 [OCSSD(66714)]CRS-1603: CSSD on node hannvzdlrasvr02 has been shut down.
2024-12-10 09:47:58.364 [ORAROOTAGENT(170216)]CRS-8500: Oracle Clusterware ORAROOTAGENT process is starting with operating system process ID 170216
2024-12-10 09:47:58.867 [GPNPD(61562)]CRS-2329: GPNPD on node hannvzdlrasvr02 shut down. 
2024-12-10 09:47:59.874 [OHASD(52190)]CRS-2793: Shutdown of Oracle High Availability Services-managed resources on 'hannvzdlrasvr02' has completed
2024-12-10 09:47:59.881 [ORAROOTAGENT(170216)]CRS-5822: Agent '/u01/app/19.0.0.0/grid/bin/orarootagent_root' disconnected from server. Details at (:CRSAGF00117:) {0:8:4} in /u01/app/oracle/diag/crs/hannvzdlrasvr02/crs/trace/ohasd_orarootagent_root.trc.
2024-12-10 09:48:08.880 [OHASD(170622)]CRS-8500: Oracle Clusterware OHASD process is starting with operating system process ID 170622
2024-12-10 09:48:08.920 [OHASD(170622)]CRS-0714: Oracle Clusterware Release 19.0.0.0.0.
2024-12-10 09:48:08.927 [OHASD(170622)]CRS-2112: The OLR service started on node hannvzdlrasvr02.
2024-12-10 09:48:09.018 [OHASD(170622)]CRS-1301: Oracle High Availability Service started on node hannvzdlrasvr02.
2024-12-10 09:48:09.018 [OHASD(170622)]CRS-8017: location: /etc/oracle/lastgasp has 2 reboot advisory log files, 0 were announced and 0 errors occurred
2024-12-10 09:48:09.341 [ORAROOTAGENT(170840)]CRS-8500: Oracle Clusterware ORAROOTAGENT process is starting with operating system process ID 170840
2024-12-10 09:48:09.350 [CSSDMONITOR(170861)]CRS-8500: Oracle Clusterware CSSDMONITOR process is starting with operating system process ID 170861
2024-12-10 09:48:09.350 [CSSDAGENT(170857)]CRS-8500: Oracle Clusterware CSSDAGENT process is starting with operating system process ID 170857
2024-12-10 09:48:09.356 [ORAAGENT(170850)]CRS-8500: Oracle Clusterware ORAAGENT process is starting with operating system process ID 170850
2024-12-10 09:48:09.901 [ORAAGENT(170963)]CRS-8500: Oracle Clusterware ORAAGENT process is starting with operating system process ID 170963
2024-12-10 09:48:10.124 [MDNSD(171001)]CRS-8500: Oracle Clusterware MDNSD process is starting with operating system process ID 171001
2024-12-10 09:48:10.124 [EVMD(170998)]CRS-8500: Oracle Clusterware EVMD process is starting with operating system process ID 170998
2024-12-10 09:48:11.141 [GPNPD(171405)]CRS-8500: Oracle Clusterware GPNPD process is starting with operating system process ID 171405
2024-12-10 09:48:12.034 [GPNPD(171405)]CRS-2328: GPNPD started on node hannvzdlrasvr02. 
2024-12-10 09:48:12.159 [GIPCD(174776)]CRS-8500: Oracle Clusterware GIPCD process is starting with operating system process ID 174776
2024-12-10 09:48:15.979 [OSYSMOND(175449)]CRS-8500: Oracle Clusterware OSYSMOND process is starting with operating system process ID 175449
2024-12-10 09:48:15.979 [CSSDMONITOR(175447)]CRS-8500: Oracle Clusterware CSSDMONITOR process is starting with operating system process ID 175447
2024-12-10 09:48:16.296 [CSSDAGENT(175482)]CRS-8500: Oracle Clusterware CSSDAGENT process is starting with operating system process ID 175482
2024-12-10 09:48:22.120 [OCSSD(175513)]CRS-8500: Oracle Clusterware OCSSD process is starting with operating system process ID 175513
2024-12-10 09:48:23.159 [OCSSD(175513)]CRS-1713: CSSD daemon is started in hub mode
2024-12-10 09:48:24.619 [OCSSD(175513)]CRS-1707: Lease acquisition for node hannvzdlrasvr02 number 2 completed
2024-12-10 09:48:25.702 [OCSSD(175513)]CRS-1621: The IPMI configuration data for this node stored in the Oracle registry is incomplete; details at (:CSSNK00002:) in /u01/app/oracle/diag/crs/hannvzdlrasvr02/crs/trace/ocssd.trc
2024-12-10 09:48:25.702 [OCSSD(175513)]CRS-1617: The information required to do node kill for node hannvzdlrasvr02 is incomplete; details at (:CSSNM00004:) in /u01/app/oracle/diag/crs/hannvzdlrasvr02/crs/trace/ocssd.trc
2024-12-10 09:48:25.742 [OCSSD(175513)]CRS-1605: CSSD voting file is online: o/10.9.27.33;10.9.27.34/CATALOG_CD_04_hannvzdlracel01; details in /u01/app/oracle/diag/crs/hannvzdlrasvr02/crs/trace/ocssd.trc.
2024-12-10 09:48:25.747 [OCSSD(175513)]CRS-1605: CSSD voting file is online: o/10.9.27.35;10.9.27.36/CATALOG_CD_04_hannvzdlracel02; details in /u01/app/oracle/diag/crs/hannvzdlrasvr02/crs/trace/ocssd.trc.
2024-12-10 09:48:25.751 [OCSSD(175513)]CRS-1605: CSSD voting file is online: o/10.9.27.49;10.9.27.50/CATALOG_CD_04_hannvzdlracel09; details in /u01/app/oracle/diag/crs/hannvzdlrasvr02/crs/trace/ocssd.trc.
2024-12-10 09:48:25.771 [OCSSD(175513)]CRS-1605: CSSD voting file is online: o/10.9.27.51;10.9.27.52/CATALOG_CD_04_hannvzdlracel10; details in /u01/app/oracle/diag/crs/hannvzdlrasvr02/crs/trace/ocssd.trc.
2024-12-10 09:48:25.776 [OCSSD(175513)]CRS-1605: CSSD voting file is online: o/10.9.27.53;10.9.27.54/CATALOG_CD_04_hannvzdlracel11; details in /u01/app/oracle/diag/crs/hannvzdlrasvr02/crs/trace/ocssd.trc.
2024-12-10 09:51:47.969 [OCSSD(175513)]CRS-1601: CSSD Reconfiguration complete. Active nodes are hannvzdlrasvr02 .
2024-12-10 09:51:49.635 [OCTSSD(198060)]CRS-8500: Oracle Clusterware OCTSSD process is starting with operating system process ID 198060
2024-12-10 09:51:50.042 [OCSSD(175513)]CRS-1720: Cluster Synchronization Services daemon (CSSD) is ready for operation.
2024-12-10 09:51:50.479 [OCTSSD(198060)]CRS-2403: The Cluster Time Synchronization Service on host hannvzdlrasvr02 is in observer mode.
2024-12-10 09:51:51.662 [OCTSSD(198060)]CRS-2407: The new Cluster Time Synchronization Service reference node is host hannvzdlrasvr02.
2024-12-10 09:51:51.662 [OCTSSD(198060)]CRS-2401: The Cluster Time Synchronization Service started on host hannvzdlrasvr02.
2024-12-10 09:52:09.409 [ORAROOTAGENT(170840)]CRS-5019: All OCR locations are on ASM disk groups [CATALOG], and none of these disk groups are mounted. Details are at "(:CLSN00140:)" in "/u01/app/oracle/diag/crs/hannvzdlrasvr02/crs/trace/ohasd_orarootagent_root.trc".
2024-12-10 09:52:19.215 [OLOGGERD(203367)]CRS-8500: Oracle Clusterware OLOGGERD process is starting with operating system process ID 203367
2024-12-10 09:52:28.039 [CRSD(203836)]CRS-8500: Oracle Clusterware CRSD process is starting with operating system process ID 203836
2024-12-10 09:52:30.337 [CRSD(203836)]CRS-1012: The OCR service started on node hannvzdlrasvr02.
2024-12-10 09:52:30.361 [CRSD(203836)]CRS-1201: CRSD started on node hannvzdlrasvr02.
2024-12-10 09:52:30.970 [ORAROOTAGENT(203997)]CRS-8500: Oracle Clusterware ORAROOTAGENT process is starting with operating system process ID 203997
2024-12-10 09:52:30.989 [ORAAGENT(204007)]CRS-8500: Oracle Clusterware ORAAGENT process is starting with operating system process ID 204007
2024-12-10 09:52:36.117 [CRSD(203836)]CRS-2772: Server 'hannvzdlrasvr02' has been assigned to pool 'Generic'.
2024-12-10 09:52:36.118 [CRSD(203836)]CRS-2772: Server 'hannvzdlrasvr02' has been assigned to pool 'ora.zdlradb'.
2024-12-10 09:52:41.515 [CLSECHO(205632)]AFD-0654: AFD is not supported on Exadata systems
2024-12-10 09:52:41.698 [CLSECHO(205707)]ACFS-9544: Invalid files or directories found: 'missing[], extra[5.4.17-2136.327.1]'
2024-12-10 09:53:03.095 [CLSECHO(211028)]AFD-0654: AFD is not supported on Exadata systems
2024-12-10 09:53:03.276 [CLSECHO(211138)]ACFS-9544: Invalid files or directories found: 'missing[], extra[5.4.17-2136.327.1]'
2024-12-10 09:57:51.415 [OHASD(170622)]CRS-2791: Starting shutdown of Oracle High Availability Services-managed resources on 'hannvzdlrasvr02'
2024-12-10 09:57:51.425 [ORAROOTAGENT(203997)]CRS-5024: Unmounting file system "/osbcat"
2024-12-10 09:57:51.729 [ORAROOTAGENT(203997)]CRS-5025: File system "/osbcat" unmounted
2024-12-10 09:57:53.619 [ORAROOTAGENT(203997)]CRS-5024: Unmounting file system "/raacfs/raadmin"
2024-12-10 09:57:53.923 [ORAROOTAGENT(203997)]CRS-5025: File system "/raacfs/raadmin" unmounted
2024-12-10 09:58:11.881 [ORAROOTAGENT(203997)]CRS-5822: Agent '/u01/app/19.0.0.0/grid/bin/orarootagent_root' disconnected from server. Details at (:CRSAGF00117:) {0:2:4} in /u01/app/oracle/diag/crs/hannvzdlrasvr02/crs/trace/crsd_orarootagent_root.trc.
2024-12-10 09:58:14.620 [MDNSD(171001)]CRS-5602: mDNS service stopping by request.
2024-12-10 09:58:15.234 [MDNSD(171001)]CRS-8504: Oracle Clusterware MDNSD process with operating system process ID 171001 is exiting
2024-12-10 09:58:51.535 [OCTSSD(198060)]CRS-2405: The Cluster Time Synchronization Service on host hannvzdlrasvr02 is shutdown by user
2024-12-10 09:58:51.535 [OCTSSD(198060)]CRS-8504: Oracle Clusterware OCTSSD process with operating system process ID 198060 is exiting
2024-12-10 09:58:52.543 [OCSSD(175513)]CRS-1603: CSSD on node hannvzdlrasvr02 has been shut down.
2024-12-10 09:58:55.040 [ORAROOTAGENT(261854)]CRS-8500: Oracle Clusterware ORAROOTAGENT process is starting with operating system process ID 261854
2024-12-10 09:58:55.547 [GPNPD(171405)]CRS-2329: GPNPD on node hannvzdlrasvr02 shut down. 
2024-12-10 09:58:56.553 [OHASD(170622)]CRS-2793: Shutdown of Oracle High Availability Services-managed resources on 'hannvzdlrasvr02' has completed
2024-12-10 09:58:56.562 [ORAROOTAGENT(261854)]CRS-5822: Agent '/u01/app/19.0.0.0/grid/bin/orarootagent_root' disconnected from server. Details at (:CRSAGF00117:) {0:8:4} in /u01/app/oracle/diag/crs/hannvzdlrasvr02/crs/trace/ohasd_orarootagent_root.trc.
2024-12-10 10:04:03.484 [CRSCTL(299063)]CRS-1013: The OCR location in an ASM disk group is inaccessible. Details in /u01/app/oracle/diag/crs/hannvzdlrasvr02/crs/trace/crsctl_299063.trc.
2024-12-10 10:04:13.098 [CRSCTL(299442)]CRS-1013: The OCR location in an ASM disk group is inaccessible. Details in /u01/app/oracle/diag/crs/hannvzdlrasvr02/crs/trace/crsctl_299442.trc.
2024-12-10 10:04:22.032 [OCRCONFIG(300043)]CRS-1013: The OCR location in an ASM disk group is inaccessible. Details in /u01/app/oracle/diag/crs/hannvzdlrasvr02/crs/trace/ocrconfig_300043.trc.
2024-12-10 10:04:35.637 [OCRDUMP(306093)]CRS-1013: The OCR location in an ASM disk group is inaccessible. Details in /u01/app/oracle/diag/crs/hannvzdlrasvr02/crs/trace/ocrdump_306093.trc.
2024-12-10 10:04:45.091 [CRSCTL(306848)]CRS-1013: The OCR location in an ASM disk group is inaccessible. Details in /u01/app/oracle/diag/crs/hannvzdlrasvr02/crs/trace/crsctl_306848.trc.
2024-12-10 10:04:54.118 [CRSCTL(307301)]CRS-1013: The OCR location in an ASM disk group is inaccessible. Details in /u01/app/oracle/diag/crs/hannvzdlrasvr02/crs/trace/crsctl_307301.trc.
2024-12-10 10:05:03.369 [CRSCTL(307647)]CRS-1013: The OCR location in an ASM disk group is inaccessible. Details in /u01/app/oracle/diag/crs/hannvzdlrasvr02/crs/trace/crsctl_307647.trc.
2024-12-10 10:09:12.516 [OHASD(338383)]CRS-8500: Oracle Clusterware OHASD process is starting with operating system process ID 338383
2024-12-10 10:09:12.556 [OHASD(338383)]CRS-0714: Oracle Clusterware Release 19.0.0.0.0.
2024-12-10 10:09:12.562 [OHASD(338383)]CRS-2112: The OLR service started on node hannvzdlrasvr02.
2024-12-10 10:09:12.797 [OHASD(338383)]CRS-1301: Oracle High Availability Service started on node hannvzdlrasvr02.
2024-12-10 10:09:12.797 [OHASD(338383)]CRS-8017: location: /etc/oracle/lastgasp has 2 reboot advisory log files, 0 were announced and 0 errors occurred
2024-12-10 10:09:13.121 [ORAROOTAGENT(338573)]CRS-8500: Oracle Clusterware ORAROOTAGENT process is starting with operating system process ID 338573
2024-12-10 10:09:13.129 [CSSDAGENT(338589)]CRS-8500: Oracle Clusterware CSSDAGENT process is starting with operating system process ID 338589
2024-12-10 10:09:13.129 [CSSDMONITOR(338594)]CRS-8500: Oracle Clusterware CSSDMONITOR process is starting with operating system process ID 338594
2024-12-10 10:09:13.136 [ORAAGENT(338583)]CRS-8500: Oracle Clusterware ORAAGENT process is starting with operating system process ID 338583
2024-12-10 10:09:13.680 [ORAAGENT(338698)]CRS-8500: Oracle Clusterware ORAAGENT process is starting with operating system process ID 338698
2024-12-10 10:09:13.905 [MDNSD(338773)]CRS-8500: Oracle Clusterware MDNSD process is starting with operating system process ID 338773
2024-12-10 10:09:13.905 [EVMD(338771)]CRS-8500: Oracle Clusterware EVMD process is starting with operating system process ID 338771
2024-12-10 10:09:14.922 [GPNPD(339249)]CRS-8500: Oracle Clusterware GPNPD process is starting with operating system process ID 339249
2024-12-10 10:09:15.817 [GPNPD(339249)]CRS-2328: GPNPD started on node hannvzdlrasvr02. 
2024-12-10 10:09:15.940 [GIPCD(339370)]CRS-8500: Oracle Clusterware GIPCD process is starting with operating system process ID 339370
2024-12-10 10:09:19.955 [OSYSMOND(339527)]CRS-8500: Oracle Clusterware OSYSMOND process is starting with operating system process ID 339527
2024-12-10 10:09:19.956 [CSSDMONITOR(339525)]CRS-8500: Oracle Clusterware CSSDMONITOR process is starting with operating system process ID 339525
2024-12-10 10:09:20.274 [CSSDAGENT(339568)]CRS-8500: Oracle Clusterware CSSDAGENT process is starting with operating system process ID 339568
2024-12-10 10:09:26.107 [OCSSD(339606)]CRS-8500: Oracle Clusterware OCSSD process is starting with operating system process ID 339606
2024-12-10 10:09:27.151 [OCSSD(339606)]CRS-1713: CSSD daemon is started in hub mode
2024-12-10 10:09:28.609 [OCSSD(339606)]CRS-1707: Lease acquisition for node hannvzdlrasvr02 number 2 completed
2024-12-10 10:09:29.701 [OCSSD(339606)]CRS-1621: The IPMI configuration data for this node stored in the Oracle registry is incomplete; details at (:CSSNK00002:) in /u01/app/oracle/diag/crs/hannvzdlrasvr02/crs/trace/ocssd.trc
2024-12-10 10:09:29.702 [OCSSD(339606)]CRS-1617: The information required to do node kill for node hannvzdlrasvr02 is incomplete; details at (:CSSNM00004:) in /u01/app/oracle/diag/crs/hannvzdlrasvr02/crs/trace/ocssd.trc
2024-12-10 10:09:29.741 [OCSSD(339606)]CRS-1605: CSSD voting file is online: o/10.9.27.33;10.9.27.34/CATALOG_CD_04_hannvzdlracel01; details in /u01/app/oracle/diag/crs/hannvzdlrasvr02/crs/trace/ocssd.trc.
2024-12-10 10:09:29.746 [OCSSD(339606)]CRS-1605: CSSD voting file is online: o/10.9.27.35;10.9.27.36/CATALOG_CD_04_hannvzdlracel02; details in /u01/app/oracle/diag/crs/hannvzdlrasvr02/crs/trace/ocssd.trc.
2024-12-10 10:09:29.751 [OCSSD(339606)]CRS-1605: CSSD voting file is online: o/10.9.27.49;10.9.27.50/CATALOG_CD_04_hannvzdlracel09; details in /u01/app/oracle/diag/crs/hannvzdlrasvr02/crs/trace/ocssd.trc.
2024-12-10 10:09:29.763 [OCSSD(339606)]CRS-1605: CSSD voting file is online: o/10.9.27.51;10.9.27.52/CATALOG_CD_04_hannvzdlracel10; details in /u01/app/oracle/diag/crs/hannvzdlrasvr02/crs/trace/ocssd.trc.
2024-12-10 10:09:29.769 [OCSSD(339606)]CRS-1605: CSSD voting file is online: o/10.9.27.53;10.9.27.54/CATALOG_CD_04_hannvzdlracel11; details in /u01/app/oracle/diag/crs/hannvzdlrasvr02/crs/trace/ocssd.trc.
2024-12-10 10:12:51.967 [OCSSD(339606)]CRS-1601: CSSD Reconfiguration complete. Active nodes are hannvzdlrasvr02 .
2024-12-10 10:12:53.615 [OCTSSD(364764)]CRS-8500: Oracle Clusterware OCTSSD process is starting with operating system process ID 364764
2024-12-10 10:12:54.034 [OCSSD(339606)]CRS-1720: Cluster Synchronization Services daemon (CSSD) is ready for operation.
2024-12-10 10:12:54.462 [OCTSSD(364764)]CRS-2403: The Cluster Time Synchronization Service on host hannvzdlrasvr02 is in observer mode.
2024-12-10 10:12:55.646 [OCTSSD(364764)]CRS-2407: The new Cluster Time Synchronization Service reference node is host hannvzdlrasvr02.
2024-12-10 10:12:55.646 [OCTSSD(364764)]CRS-2401: The Cluster Time Synchronization Service started on host hannvzdlrasvr02.
2024-12-10 10:13:13.198 [ORAROOTAGENT(338573)]CRS-5019: All OCR locations are on ASM disk groups [CATALOG], and none of these disk groups are mounted. Details are at "(:CLSN00140:)" in "/u01/app/oracle/diag/crs/hannvzdlrasvr02/crs/trace/ohasd_orarootagent_root.trc".
2024-12-10 10:13:23.212 [OLOGGERD(366546)]CRS-8500: Oracle Clusterware OLOGGERD process is starting with operating system process ID 366546
2024-12-10 10:13:29.080 [CRSD(369562)]CRS-8500: Oracle Clusterware CRSD process is starting with operating system process ID 369562
2024-12-10 10:13:31.372 [CRSD(369562)]CRS-1012: The OCR service started on node hannvzdlrasvr02.
2024-12-10 10:13:31.392 [CRSD(369562)]CRS-1201: CRSD started on node hannvzdlrasvr02.
2024-12-10 10:13:31.995 [ORAROOTAGENT(371491)]CRS-8500: Oracle Clusterware ORAROOTAGENT process is starting with operating system process ID 371491
2024-12-10 10:13:32.024 [ORAAGENT(371501)]CRS-8500: Oracle Clusterware ORAAGENT process is starting with operating system process ID 371501
2024-12-10 10:13:37.151 [CRSD(369562)]CRS-2772: Server 'hannvzdlrasvr02' has been assigned to pool 'Generic'.
2024-12-10 10:13:37.152 [CRSD(369562)]CRS-2772: Server 'hannvzdlrasvr02' has been assigned to pool 'ora.zdlradb'.
2024-12-10 10:13:39.532 [CLSECHO(372786)]AFD-0654: AFD is not supported on Exadata systems
2024-12-10 10:13:39.709 [CLSECHO(372870)]ACFS-9544: Invalid files or directories found: 'missing[], extra[5.4.17-2136.327.1]'
2024-12-10 10:14:56.081 [CVUD(372215)]CRS-10051: CVU found following errors with Clusterware setup : PRVF-5302 : Failed to execute the exectask command on node "hannvzdlrasvr01" 
/u01/app/19.0.0.0/grid/bin/crsctl check css
PRVG-2043 : Command "/u01/app/19.0.0.0/grid/bin/crsctl check css " failed on node "hannvzdlrasvr01" and produced the following output:
CRS-4639: Could not contact Oracle High Availability Services
CRS-4000: Command Check failed, or completed with errors.

PRVG-6017 : OCR backup is located in the same disk group "+CATALOG" as OCR.
PRVG-10048 : Name "hannvzdlrasvr01" was not resolved to an address of the specified type by name servers "10.9.75.6".
PRVF-4759 : 'lsnodes' execution failed on the node
PRVG-13690 : The state of Oracle Clusterware is not ONLINE on node "hannvzdlrasvr01". [Found state = "OFFLINE"]

2024-12-10 10:14:56.081 [CVUD(372215)]CRS-10051: CVU found following errors with Clusterware setup : PRVG-2043 : Command "/u01/app/19.0.0.0/grid/bin/crsctl stat resource ora.ctssd -init " failed on node "hannvzdlrasvr01" and produced the following output:
CRS-4639: Could not contact Oracle High Availability Services
CRS-4000: Command Status failed, or completed with errors.


2024-12-10 10:27:54.281 [OHASD(338383)]CRS-2791: Starting shutdown of Oracle High Availability Services-managed resources on 'hannvzdlrasvr02'
2024-12-10 10:27:54.295 [ORAROOTAGENT(371491)]CRS-5024: Unmounting file system "/osbcat"
2024-12-10 10:27:54.599 [ORAROOTAGENT(371491)]CRS-5025: File system "/osbcat" unmounted
2024-12-10 10:27:56.475 [ORAROOTAGENT(371491)]CRS-5024: Unmounting file system "/raacfs/raadmin"
2024-12-10 10:27:56.779 [ORAROOTAGENT(371491)]CRS-5025: File system "/raacfs/raadmin" unmounted
2024-12-10 10:28:12.943 [ORAROOTAGENT(371491)]CRS-5822: Agent '/u01/app/19.0.0.0/grid/bin/orarootagent_root' disconnected from server. Details at (:CRSAGF00117:) {0:2:4} in /u01/app/oracle/diag/crs/hannvzdlrasvr02/crs/trace/crsd_orarootagent_root.trc.
2024-12-10 10:28:15.871 [MDNSD(338773)]CRS-5602: mDNS service stopping by request.
2024-12-10 10:28:16.483 [MDNSD(338773)]CRS-8504: Oracle Clusterware MDNSD process with operating system process ID 338773 is exiting
2024-12-10 10:28:55.534 [OCTSSD(364764)]CRS-2405: The Cluster Time Synchronization Service on host hannvzdlrasvr02 is shutdown by user
2024-12-10 10:28:55.534 [OCTSSD(364764)]CRS-8504: Oracle Clusterware OCTSSD process with operating system process ID 364764 is exiting
2024-12-10 10:28:56.540 [OCSSD(339606)]CRS-1603: CSSD on node hannvzdlrasvr02 has been shut down.
2024-12-10 10:28:59.040 [ORAROOTAGENT(89702)]CRS-8500: Oracle Clusterware ORAROOTAGENT process is starting with operating system process ID 89702
2024-12-10 10:28:59.546 [GPNPD(339249)]CRS-2329: GPNPD on node hannvzdlrasvr02 shut down. 
2024-12-10 10:29:00.552 [OHASD(338383)]CRS-2793: Shutdown of Oracle High Availability Services-managed resources on 'hannvzdlrasvr02' has completed
2024-12-10 10:29:00.559 [ORAROOTAGENT(89702)]CRS-5822: Agent '/u01/app/19.0.0.0/grid/bin/orarootagent_root' disconnected from server. Details at (:CRSAGF00117:) {0:8:4} in /u01/app/oracle/diag/crs/hannvzdlrasvr02/crs/trace/ohasd_orarootagent_root.trc.
2024-12-10 10:33:43.157 [OHASD(120560)]CRS-8500: Oracle Clusterware OHASD process is starting with operating system process ID 120560
2024-12-10 10:33:43.196 [OHASD(120560)]CRS-0714: Oracle Clusterware Release 19.0.0.0.0.
2024-12-10 10:33:43.203 [OHASD(120560)]CRS-2112: The OLR service started on node hannvzdlrasvr02.
2024-12-10 10:33:43.370 [OHASD(120560)]CRS-1301: Oracle High Availability Service started on node hannvzdlrasvr02.
2024-12-10 10:33:43.370 [OHASD(120560)]CRS-8017: location: /etc/oracle/lastgasp has 2 reboot advisory log files, 0 were announced and 0 errors occurred
2024-12-10 10:33:43.643 [ORAROOTAGENT(124305)]CRS-8500: Oracle Clusterware ORAROOTAGENT process is starting with operating system process ID 124305
2024-12-10 10:33:43.701 [CSSDMONITOR(124326)]CRS-8500: Oracle Clusterware CSSDMONITOR process is starting with operating system process ID 124326
2024-12-10 10:33:43.703 [CSSDAGENT(124321)]CRS-8500: Oracle Clusterware CSSDAGENT process is starting with operating system process ID 124321
2024-12-10 10:33:43.708 [ORAAGENT(124315)]CRS-8500: Oracle Clusterware ORAAGENT process is starting with operating system process ID 124315
2024-12-10 10:33:44.202 [ORAAGENT(124425)]CRS-8500: Oracle Clusterware ORAAGENT process is starting with operating system process ID 124425
2024-12-10 10:33:44.426 [MDNSD(124449)]CRS-8500: Oracle Clusterware MDNSD process is starting with operating system process ID 124449
2024-12-10 10:33:44.426 [EVMD(124447)]CRS-8500: Oracle Clusterware EVMD process is starting with operating system process ID 124447
2024-12-10 10:33:45.441 [GPNPD(124505)]CRS-8500: Oracle Clusterware GPNPD process is starting with operating system process ID 124505
2024-12-10 10:33:46.336 [GPNPD(124505)]CRS-2328: GPNPD started on node hannvzdlrasvr02. 
2024-12-10 10:33:46.459 [GIPCD(124639)]CRS-8500: Oracle Clusterware GIPCD process is starting with operating system process ID 124639
2024-12-10 10:33:50.480 [OSYSMOND(124764)]CRS-8500: Oracle Clusterware OSYSMOND process is starting with operating system process ID 124764
2024-12-10 10:33:50.482 [CSSDMONITOR(124762)]CRS-8500: Oracle Clusterware CSSDMONITOR process is starting with operating system process ID 124762
2024-12-10 10:33:50.801 [CSSDAGENT(124864)]CRS-8500: Oracle Clusterware CSSDAGENT process is starting with operating system process ID 124864
2024-12-10 10:33:56.638 [OCSSD(124901)]CRS-8500: Oracle Clusterware OCSSD process is starting with operating system process ID 124901
2024-12-10 10:33:57.676 [OCSSD(124901)]CRS-1713: CSSD daemon is started in hub mode
2024-12-10 10:33:59.129 [OCSSD(124901)]CRS-1707: Lease acquisition for node hannvzdlrasvr02 number 2 completed
2024-12-10 10:34:00.213 [OCSSD(124901)]CRS-1621: The IPMI configuration data for this node stored in the Oracle registry is incomplete; details at (:CSSNK00002:) in /u01/app/oracle/diag/crs/hannvzdlrasvr02/crs/trace/ocssd.trc
2024-12-10 10:34:00.214 [OCSSD(124901)]CRS-1617: The information required to do node kill for node hannvzdlrasvr02 is incomplete; details at (:CSSNM00004:) in /u01/app/oracle/diag/crs/hannvzdlrasvr02/crs/trace/ocssd.trc
2024-12-10 10:34:00.253 [OCSSD(124901)]CRS-1605: CSSD voting file is online: o/10.9.27.33;10.9.27.34/CATALOG_CD_04_hannvzdlracel01; details in /u01/app/oracle/diag/crs/hannvzdlrasvr02/crs/trace/ocssd.trc.
2024-12-10 10:34:00.257 [OCSSD(124901)]CRS-1605: CSSD voting file is online: o/10.9.27.35;10.9.27.36/CATALOG_CD_04_hannvzdlracel02; details in /u01/app/oracle/diag/crs/hannvzdlrasvr02/crs/trace/ocssd.trc.
2024-12-10 10:34:00.262 [OCSSD(124901)]CRS-1605: CSSD voting file is online: o/10.9.27.49;10.9.27.50/CATALOG_CD_04_hannvzdlracel09; details in /u01/app/oracle/diag/crs/hannvzdlrasvr02/crs/trace/ocssd.trc.
2024-12-10 10:34:00.279 [OCSSD(124901)]CRS-1605: CSSD voting file is online: o/10.9.27.51;10.9.27.52/CATALOG_CD_04_hannvzdlracel10; details in /u01/app/oracle/diag/crs/hannvzdlrasvr02/crs/trace/ocssd.trc.
2024-12-10 10:34:00.283 [OCSSD(124901)]CRS-1605: CSSD voting file is online: o/10.9.27.53;10.9.27.54/CATALOG_CD_04_hannvzdlracel11; details in /u01/app/oracle/diag/crs/hannvzdlrasvr02/crs/trace/ocssd.trc.
2024-12-10 10:37:22.474 [OCSSD(124901)]CRS-1601: CSSD Reconfiguration complete. Active nodes are hannvzdlrasvr02 .
2024-12-10 10:37:24.139 [OCTSSD(145036)]CRS-8500: Oracle Clusterware OCTSSD process is starting with operating system process ID 145036
2024-12-10 10:37:24.541 [OCSSD(124901)]CRS-1720: Cluster Synchronization Services daemon (CSSD) is ready for operation.
2024-12-10 10:37:24.985 [OCTSSD(145036)]CRS-2403: The Cluster Time Synchronization Service on host hannvzdlrasvr02 is in observer mode.
2024-12-10 10:37:26.166 [OCTSSD(145036)]CRS-2407: The new Cluster Time Synchronization Service reference node is host hannvzdlrasvr02.
2024-12-10 10:37:26.166 [OCTSSD(145036)]CRS-2401: The Cluster Time Synchronization Service started on host hannvzdlrasvr02.
2024-12-10 10:37:43.716 [ORAROOTAGENT(124305)]CRS-5019: All OCR locations are on ASM disk groups [CATALOG], and none of these disk groups are mounted. Details are at "(:CLSN00140:)" in "/u01/app/oracle/diag/crs/hannvzdlrasvr02/crs/trace/ohasd_orarootagent_root.trc".
2024-12-10 10:37:53.719 [OLOGGERD(150259)]CRS-8500: Oracle Clusterware OLOGGERD process is starting with operating system process ID 150259
2024-12-10 10:37:58.633 [CRSD(150418)]CRS-8500: Oracle Clusterware CRSD process is starting with operating system process ID 150418
2024-12-10 10:38:00.938 [CRSD(150418)]CRS-1012: The OCR service started on node hannvzdlrasvr02.
2024-12-10 10:38:00.963 [CRSD(150418)]CRS-1201: CRSD started on node hannvzdlrasvr02.
2024-12-10 10:38:01.575 [ORAROOTAGENT(150577)]CRS-8500: Oracle Clusterware ORAROOTAGENT process is starting with operating system process ID 150577
2024-12-10 10:38:01.604 [ORAAGENT(150587)]CRS-8500: Oracle Clusterware ORAAGENT process is starting with operating system process ID 150587
2024-12-10 10:38:06.696 [CRSD(150418)]CRS-2772: Server 'hannvzdlrasvr02' has been assigned to pool 'Generic'.
2024-12-10 10:38:06.697 [CRSD(150418)]CRS-2772: Server 'hannvzdlrasvr02' has been assigned to pool 'ora.zdlradb'.
2024-12-10 10:38:10.141 [CLSECHO(151991)]AFD-0654: AFD is not supported on Exadata systems
2024-12-10 10:38:10.330 [CLSECHO(152156)]ACFS-9544: Invalid files or directories found: 'missing[], extra[5.4.17-2136.327.1]'
2024-12-10 10:39:42.295 [CVUD(151302)]CRS-10051: CVU found following errors with Clusterware setup : PRVF-5302 : Failed to execute the exectask command on node "hannvzdlrasvr01" 
/u01/app/19.0.0.0/grid/bin/crsctl check css
PRVG-2043 : Command "/u01/app/19.0.0.0/grid/bin/crsctl check css " failed on node "hannvzdlrasvr01" and produced the following output:
CRS-4639: Could not contact Oracle High Availability Services
CRS-4000: Command Check failed, or completed with errors.

PRVG-6017 : OCR backup is located in the same disk group "+CATALOG" as OCR.
PRVF-4759 : 'lsnodes' execution failed on the node
PRVG-13690 : The state of Oracle Clusterware is not ONLINE on node "hannvzdlrasvr01". [Found state = "OFFLINE"]

2024-12-10 10:39:42.295 [CVUD(151302)]CRS-10051: CVU found following errors with Clusterware setup : PRVG-2043 : Command "/u01/app/19.0.0.0/grid/bin/crsctl stat resource ora.ctssd -init " failed on node "hannvzdlrasvr01" and produced the following output:
CRS-4639: Could not contact Oracle High Availability Services
CRS-4000: Command Status failed, or completed with errors.


2024-12-10 11:33:28.225 [OCSSD(124901)]CRS-1601: CSSD Reconfiguration complete. Active nodes are hannvzdlrasvr01 hannvzdlrasvr02 .
2024-12-10 11:34:13.473 [OCSSD(124901)]CRS-1632: Node hannvzdlrasvr01 is being removed from the cluster in cluster incarnation 629293042
2024-12-10 11:34:13.581 [OCSSD(124901)]CRS-1601: CSSD Reconfiguration complete. Active nodes are hannvzdlrasvr02 .
2024-12-10 11:34:19.591 [EVMD(124447)]CRS-7503: The Oracle Grid Infrastructure process 'evmd' observed communication issues between node 'hannvzdlrasvr02' and node 'hannvzdlrasvr01', interface list of local node 'hannvzdlrasvr02' is '10.9.27.31:11340;10.9.27.32:51207;', interface list of remote node 'hannvzdlrasvr01' is '10.9.27.29:48153;10.9.27.30:56608;'.
2024-12-10 11:34:20.796 [GIPCD(124639)]CRS-7503: The Oracle Grid Infrastructure process 'gipcd' observed communication issues between node 'hannvzdlrasvr02' and node 'hannvzdlrasvr01', interface list of local node 'hannvzdlrasvr02' is '10.9.27.31:20383;10.9.27.32:35317;', interface list of remote node 'hannvzdlrasvr01' is '10.9.27.30:62299;10.9.27.29:61057;'.
2024-12-10 11:34:20.797 [GIPCD(124639)]CRS-7503: The Oracle Grid Infrastructure process 'gipcd' observed communication issues between node 'hannvzdlrasvr02' and node 'hannvzdlrasvr01', interface list of local node 'hannvzdlrasvr02' is '10.9.27.31:20383;10.9.27.32:35317;', interface list of remote node 'hannvzdlrasvr01' is '10.9.27.30:62299;10.9.27.29:61057;'.
2024-12-10 11:34:23.216 [OCTSSD(145036)]CRS-7503: The Oracle Grid Infrastructure process 'octssd' observed communication issues between node 'hannvzdlrasvr02' and node 'hannvzdlrasvr01', interface list of local node 'hannvzdlrasvr02' is '10.9.27.31:39444;10.9.27.32:58913;', interface list of remote node 'hannvzdlrasvr01' is '10.9.27.29:15200;10.9.27.30:48649;'.
2024-12-10 11:39:59.681 [CLSECHO(194952)]AFD-0654: AFD is not supported on Exadata systems
2024-12-10 11:39:59.862 [CLSECHO(195034)]ACFS-9544: Invalid files or directories found: 'missing[], extra[5.4.17-2136.327.1]'
2024-12-10 13:05:15.625 [OHASD(120560)]CRS-2791: Starting shutdown of Oracle High Availability Services-managed resources on 'hannvzdlrasvr02'
2024-12-10 13:05:15.638 [ORAROOTAGENT(150577)]CRS-5024: Unmounting file system "/osbcat"
2024-12-10 13:05:15.942 [ORAROOTAGENT(150577)]CRS-5025: File system "/osbcat" unmounted
2024-12-10 13:05:16.657 [ORAROOTAGENT(150577)]CRS-5024: Unmounting file system "/raacfs/raadmin"
2024-12-10 13:05:16.961 [ORAROOTAGENT(150577)]CRS-5025: File system "/raacfs/raadmin" unmounted
2024-12-10 13:05:31.890 [ORAROOTAGENT(150577)]CRS-5822: Agent '/u01/app/19.0.0.0/grid/bin/orarootagent_root' disconnected from server. Details at (:CRSAGF00117:) {0:2:4} in /u01/app/oracle/diag/crs/hannvzdlrasvr02/crs/trace/crsd_orarootagent_root.trc.
2024-12-10 13:05:34.732 [MDNSD(124449)]CRS-5602: mDNS service stopping by request.
2024-12-10 13:05:35.343 [MDNSD(124449)]CRS-8504: Oracle Clusterware MDNSD process with operating system process ID 124449 is exiting
2024-12-10 13:06:07.364 [OCTSSD(145036)]CRS-2405: The Cluster Time Synchronization Service on host hannvzdlrasvr02 is shutdown by user
2024-12-10 13:06:07.364 [OCTSSD(145036)]CRS-8504: Oracle Clusterware OCTSSD process with operating system process ID 145036 is exiting
2024-12-10 13:06:08.370 [OCSSD(124901)]CRS-1603: CSSD on node hannvzdlrasvr02 has been shut down.
2024-12-10 13:06:10.868 [ORAROOTAGENT(392591)]CRS-8500: Oracle Clusterware ORAROOTAGENT process is starting with operating system process ID 392591
2024-12-10 13:06:11.375 [GPNPD(124505)]CRS-2329: GPNPD on node hannvzdlrasvr02 shut down. 
2024-12-10 13:06:12.381 [OHASD(120560)]CRS-2793: Shutdown of Oracle High Availability Services-managed resources on 'hannvzdlrasvr02' has completed
2024-12-10 13:06:12.388 [ORAROOTAGENT(392591)]CRS-5822: Agent '/u01/app/19.0.0.0/grid/bin/orarootagent_root' disconnected from server. Details at (:CRSAGF00117:) {0:8:4} in /u01/app/oracle/diag/crs/hannvzdlrasvr02/crs/trace/ohasd_orarootagent_root.trc.
2024-12-10 13:11:22.186 [CRSCTL(28072)]CRS-1013: The OCR location in an ASM disk group is inaccessible. Details in /u01/app/oracle/diag/crs/hannvzdlrasvr02/crs/trace/crsctl_28072.trc.
2024-12-10 13:11:31.782 [CRSCTL(28988)]CRS-1013: The OCR location in an ASM disk group is inaccessible. Details in /u01/app/oracle/diag/crs/hannvzdlrasvr02/crs/trace/crsctl_28988.trc.
2024-12-10 13:11:40.714 [OCRCONFIG(29270)]CRS-1013: The OCR location in an ASM disk group is inaccessible. Details in /u01/app/oracle/diag/crs/hannvzdlrasvr02/crs/trace/ocrconfig_29270.trc.
2024-12-10 13:11:54.181 [OCRDUMP(34821)]CRS-1013: The OCR location in an ASM disk group is inaccessible. Details in /u01/app/oracle/diag/crs/hannvzdlrasvr02/crs/trace/ocrdump_34821.trc.
2024-12-10 13:12:03.614 [CRSCTL(35211)]CRS-1013: The OCR location in an ASM disk group is inaccessible. Details in /u01/app/oracle/diag/crs/hannvzdlrasvr02/crs/trace/crsctl_35211.trc.
2024-12-10 13:12:12.635 [CRSCTL(35466)]CRS-1013: The OCR location in an ASM disk group is inaccessible. Details in /u01/app/oracle/diag/crs/hannvzdlrasvr02/crs/trace/crsctl_35466.trc.
2024-12-10 13:12:21.873 [CRSCTL(36013)]CRS-1013: The OCR location in an ASM disk group is inaccessible. Details in /u01/app/oracle/diag/crs/hannvzdlrasvr02/crs/trace/crsctl_36013.trc.
2024-12-10 14:03:31.382 [CRSCTL(11822)]CRS-1013: The OCR location in an ASM disk group is inaccessible. Details in /u01/app/oracle/diag/crs/hannvzdlrasvr02/crs/trace/crsctl_11822.trc.
2024-12-10 14:03:40.496 [CRSCTL(13087)]CRS-1013: The OCR location in an ASM disk group is inaccessible. Details in /u01/app/oracle/diag/crs/hannvzdlrasvr02/crs/trace/crsctl_13087.trc.
2024-12-10 14:43:12.858 [OHASD(277510)]CRS-8500: Oracle Clusterware OHASD process is starting with operating system process ID 277510
2024-12-10 14:43:12.896 [OHASD(277510)]CRS-0714: Oracle Clusterware Release 19.0.0.0.0.
2024-12-10 14:43:12.901 [OHASD(277510)]CRS-2112: The OLR service started on node hannvzdlrasvr02.
2024-12-10 14:43:13.043 [OHASD(277510)]CRS-1301: Oracle High Availability Service started on node hannvzdlrasvr02.
2024-12-10 14:43:13.043 [OHASD(277510)]CRS-8017: location: /etc/oracle/lastgasp has 2 reboot advisory log files, 0 were announced and 0 errors occurred
2024-12-10 14:43:13.369 [ORAROOTAGENT(277713)]CRS-8500: Oracle Clusterware ORAROOTAGENT process is starting with operating system process ID 277713
2024-12-10 14:43:13.381 [CSSDMONITOR(277734)]CRS-8500: Oracle Clusterware CSSDMONITOR process is starting with operating system process ID 277734
2024-12-10 14:43:13.382 [CSSDAGENT(277731)]CRS-8500: Oracle Clusterware CSSDAGENT process is starting with operating system process ID 277731
2024-12-10 14:43:13.387 [ORAAGENT(277723)]CRS-8500: Oracle Clusterware ORAAGENT process is starting with operating system process ID 277723
2024-12-10 14:43:13.934 [ORAAGENT(277875)]CRS-8500: Oracle Clusterware ORAAGENT process is starting with operating system process ID 277875
2024-12-10 14:43:14.162 [MDNSD(277922)]CRS-8500: Oracle Clusterware MDNSD process is starting with operating system process ID 277922
2024-12-10 14:43:14.162 [EVMD(277920)]CRS-8500: Oracle Clusterware EVMD process is starting with operating system process ID 277920
2024-12-10 14:43:15.179 [GPNPD(278421)]CRS-8500: Oracle Clusterware GPNPD process is starting with operating system process ID 278421
2024-12-10 14:43:16.073 [GPNPD(278421)]CRS-2328: GPNPD started on node hannvzdlrasvr02. 
2024-12-10 14:43:16.198 [GIPCD(278567)]CRS-8500: Oracle Clusterware GIPCD process is starting with operating system process ID 278567
2024-12-10 14:43:20.015 [OSYSMOND(278732)]CRS-8500: Oracle Clusterware OSYSMOND process is starting with operating system process ID 278732
2024-12-10 14:43:20.014 [CSSDMONITOR(278730)]CRS-8500: Oracle Clusterware CSSDMONITOR process is starting with operating system process ID 278730
2024-12-10 14:43:20.332 [CSSDAGENT(278766)]CRS-8500: Oracle Clusterware CSSDAGENT process is starting with operating system process ID 278766
2024-12-10 14:43:26.159 [OCSSD(278797)]CRS-8500: Oracle Clusterware OCSSD process is starting with operating system process ID 278797
2024-12-10 14:43:27.199 [OCSSD(278797)]CRS-1713: CSSD daemon is started in hub mode
2024-12-10 14:43:28.665 [OCSSD(278797)]CRS-1707: Lease acquisition for node hannvzdlrasvr02 number 2 completed
2024-12-10 14:43:29.751 [OCSSD(278797)]CRS-1621: The IPMI configuration data for this node stored in the Oracle registry is incomplete; details at (:CSSNK00002:) in /u01/app/oracle/diag/crs/hannvzdlrasvr02/crs/trace/ocssd.trc
2024-12-10 14:43:29.751 [OCSSD(278797)]CRS-1617: The information required to do node kill for node hannvzdlrasvr02 is incomplete; details at (:CSSNM00004:) in /u01/app/oracle/diag/crs/hannvzdlrasvr02/crs/trace/ocssd.trc
2024-12-10 14:43:29.792 [OCSSD(278797)]CRS-1605: CSSD voting file is online: o/10.9.27.33;10.9.27.34/CATALOG_CD_04_hannvzdlracel01; details in /u01/app/oracle/diag/crs/hannvzdlrasvr02/crs/trace/ocssd.trc.
2024-12-10 14:43:29.796 [OCSSD(278797)]CRS-1605: CSSD voting file is online: o/10.9.27.35;10.9.27.36/CATALOG_CD_04_hannvzdlracel02; details in /u01/app/oracle/diag/crs/hannvzdlrasvr02/crs/trace/ocssd.trc.
2024-12-10 14:43:29.801 [OCSSD(278797)]CRS-1605: CSSD voting file is online: o/10.9.27.49;10.9.27.50/CATALOG_CD_04_hannvzdlracel09; details in /u01/app/oracle/diag/crs/hannvzdlrasvr02/crs/trace/ocssd.trc.
2024-12-10 14:43:29.818 [OCSSD(278797)]CRS-1605: CSSD voting file is online: o/10.9.27.51;10.9.27.52/CATALOG_CD_04_hannvzdlracel10; details in /u01/app/oracle/diag/crs/hannvzdlrasvr02/crs/trace/ocssd.trc.
2024-12-10 14:43:29.823 [OCSSD(278797)]CRS-1605: CSSD voting file is online: o/10.9.27.53;10.9.27.54/CATALOG_CD_04_hannvzdlracel11; details in /u01/app/oracle/diag/crs/hannvzdlrasvr02/crs/trace/ocssd.trc.
2024-12-10 14:46:52.015 [OCSSD(278797)]CRS-1601: CSSD Reconfiguration complete. Active nodes are hannvzdlrasvr02 .
2024-12-10 14:46:53.677 [OCTSSD(305271)]CRS-8500: Oracle Clusterware OCTSSD process is starting with operating system process ID 305271
2024-12-10 14:46:54.084 [OCSSD(278797)]CRS-1720: Cluster Synchronization Services daemon (CSSD) is ready for operation.
2024-12-10 14:46:54.520 [OCTSSD(305271)]CRS-2403: The Cluster Time Synchronization Service on host hannvzdlrasvr02 is in observer mode.
2024-12-10 14:46:55.699 [OCTSSD(305271)]CRS-2407: The new Cluster Time Synchronization Service reference node is host hannvzdlrasvr02.
2024-12-10 14:46:55.699 [OCTSSD(305271)]CRS-2401: The Cluster Time Synchronization Service started on host hannvzdlrasvr02.
2024-12-10 14:47:13.444 [ORAROOTAGENT(277713)]CRS-5019: All OCR locations are on ASM disk groups [CATALOG], and none of these disk groups are mounted. Details are at "(:CLSN00140:)" in "/u01/app/oracle/diag/crs/hannvzdlrasvr02/crs/trace/ohasd_orarootagent_root.trc".
2024-12-10 14:47:23.265 [OLOGGERD(306832)]CRS-8500: Oracle Clusterware OLOGGERD process is starting with operating system process ID 306832
2024-12-10 14:47:27.855 [CRSD(307185)]CRS-8500: Oracle Clusterware CRSD process is starting with operating system process ID 307185
2024-12-10 14:47:30.161 [CRSD(307185)]CRS-1012: The OCR service started on node hannvzdlrasvr02.
2024-12-10 14:47:30.185 [CRSD(307185)]CRS-1201: CRSD started on node hannvzdlrasvr02.
2024-12-10 14:47:30.796 [ORAROOTAGENT(307410)]CRS-8500: Oracle Clusterware ORAROOTAGENT process is starting with operating system process ID 307410
2024-12-10 14:47:30.824 [ORAAGENT(307420)]CRS-8500: Oracle Clusterware ORAAGENT process is starting with operating system process ID 307420
2024-12-10 14:47:35.939 [CRSD(307185)]CRS-2772: Server 'hannvzdlrasvr02' has been assigned to pool 'Generic'.
2024-12-10 14:47:35.939 [CRSD(307185)]CRS-2772: Server 'hannvzdlrasvr02' has been assigned to pool 'ora.zdlradb'.
2024-12-10 14:47:38.337 [CLSECHO(308912)]AFD-0654: AFD is not supported on Exadata systems
2024-12-10 14:47:38.520 [CLSECHO(308997)]ACFS-9544: Invalid files or directories found: 'missing[], extra[5.4.17-2136.327.1]'
2024-12-10 14:51:32.469 [OCSSD(278797)]CRS-1601: CSSD Reconfiguration complete. Active nodes are hannvzdlrasvr01 hannvzdlrasvr02 .
2024-12-10 14:52:15.488 [OCSSD(278797)]CRS-1632: Node hannvzdlrasvr01 is being removed from the cluster in cluster incarnation 629308012
2024-12-10 14:52:15.601 [OCSSD(278797)]CRS-1601: CSSD Reconfiguration complete. Active nodes are hannvzdlrasvr02 .
2024-12-10 14:52:21.610 [EVMD(277920)]CRS-7503: The Oracle Grid Infrastructure process 'evmd' observed communication issues between node 'hannvzdlrasvr02' and node 'hannvzdlrasvr01', interface list of local node 'hannvzdlrasvr02' is '10.9.27.31:28417;10.9.27.32:53454;', interface list of remote node 'hannvzdlrasvr01' is '10.9.27.29:56747;10.9.27.30:31715;'.
2024-12-10 14:52:24.521 [GIPCD(278567)]CRS-7503: The Oracle Grid Infrastructure process 'gipcd' observed communication issues between node 'hannvzdlrasvr02' and node 'hannvzdlrasvr01', interface list of local node 'hannvzdlrasvr02' is '10.9.27.31:48939;10.9.27.32:65046;', interface list of remote node 'hannvzdlrasvr01' is '10.9.27.30:41945;10.9.27.29:33511;'.
2024-12-10 14:52:25.066 [OCTSSD(305271)]CRS-7503: The Oracle Grid Infrastructure process 'octssd' observed communication issues between node 'hannvzdlrasvr02' and node 'hannvzdlrasvr01', interface list of local node 'hannvzdlrasvr02' is '10.9.27.31:38198;10.9.27.32:37745;', interface list of remote node 'hannvzdlrasvr01' is '10.9.27.29:31123;10.9.27.30:57872;'.
2024-12-10 14:58:00.108 [CLSECHO(399217)]AFD-0654: AFD is not supported on Exadata systems
2024-12-10 14:58:00.292 [CLSECHO(399300)]ACFS-9544: Invalid files or directories found: 'missing[], extra[5.4.17-2136.327.1]'
2024-12-10 15:16:41.674 [OCSSD(278797)]CRS-1601: CSSD Reconfiguration complete. Active nodes are hannvzdlrasvr01 hannvzdlrasvr02 .
2024-12-10 15:17:21.809 [OCSSD(278797)]CRS-1632: Node hannvzdlrasvr01 is being removed from the cluster in cluster incarnation 629308014
2024-12-10 15:17:21.917 [OCSSD(278797)]CRS-1601: CSSD Reconfiguration complete. Active nodes are hannvzdlrasvr02 .
2024-12-10 15:17:27.926 [EVMD(277920)]CRS-7503: The Oracle Grid Infrastructure process 'evmd' observed communication issues between node 'hannvzdlrasvr02' and node 'hannvzdlrasvr01', interface list of local node 'hannvzdlrasvr02' is '10.9.27.31:28417;10.9.27.32:53454;', interface list of remote node 'hannvzdlrasvr01' is '10.9.27.29:52765;10.9.27.30:30922;'.
2024-12-10 15:17:30.544 [GIPCD(278567)]CRS-7503: The Oracle Grid Infrastructure process 'gipcd' observed communication issues between node 'hannvzdlrasvr02' and node 'hannvzdlrasvr01', interface list of local node 'hannvzdlrasvr02' is '10.9.27.31:48939;10.9.27.32:65046;', interface list of remote node 'hannvzdlrasvr01' is '10.9.27.30:31783;10.9.27.29:52861;'.
2024-12-10 15:23:11.242 [CLSECHO(180441)]AFD-0654: AFD is not supported on Exadata systems
2024-12-10 15:23:11.422 [CLSECHO(180516)]ACFS-9544: Invalid files or directories found: 'missing[], extra[5.4.17-2136.327.1]'
2024-12-10 15:29:25.917 [OCSSD(278797)]CRS-1601: CSSD Reconfiguration complete. Active nodes are hannvzdlrasvr01 hannvzdlrasvr02 .
2024-12-10 15:30:10.971 [OCSSD(278797)]CRS-1632: Node hannvzdlrasvr01 is being removed from the cluster in cluster incarnation 629308016
2024-12-10 15:30:11.080 [OCSSD(278797)]CRS-1601: CSSD Reconfiguration complete. Active nodes are hannvzdlrasvr02 .
2024-12-10 15:30:17.089 [EVMD(277920)]CRS-7503: The Oracle Grid Infrastructure process 'evmd' observed communication issues between node 'hannvzdlrasvr02' and node 'hannvzdlrasvr01', interface list of local node 'hannvzdlrasvr02' is '10.9.27.31:28417;10.9.27.32:53454;', interface list of remote node 'hannvzdlrasvr01' is '10.9.27.29:33574;10.9.27.30:60735;'.
2024-12-10 15:30:18.454 [GIPCD(278567)]CRS-7503: The Oracle Grid Infrastructure process 'gipcd' observed communication issues between node 'hannvzdlrasvr02' and node 'hannvzdlrasvr01', interface list of local node 'hannvzdlrasvr02' is '10.9.27.31:48939;10.9.27.32:65046;', interface list of remote node 'hannvzdlrasvr01' is '10.9.27.30:13909;10.9.27.29:60535;'.
2024-12-10 15:30:18.454 [GIPCD(278567)]CRS-7503: The Oracle Grid Infrastructure process 'gipcd' observed communication issues between node 'hannvzdlrasvr02' and node 'hannvzdlrasvr01', interface list of local node 'hannvzdlrasvr02' is '10.9.27.31:48939;10.9.27.32:65046;', interface list of remote node 'hannvzdlrasvr01' is '10.9.27.30:13909;10.9.27.29:60535;'.
2024-12-10 15:30:21.328 [OCTSSD(305271)]CRS-7503: The Oracle Grid Infrastructure process 'octssd' observed communication issues between node 'hannvzdlrasvr02' and node 'hannvzdlrasvr01', interface list of local node 'hannvzdlrasvr02' is '10.9.27.31:38198;10.9.27.32:37745;', interface list of remote node 'hannvzdlrasvr01' is '10.9.27.29:15116;10.9.27.30:59399;'.
2024-12-10 17:44:35.800 [OCSSD(278797)]CRS-1601: CSSD Reconfiguration complete. Active nodes are hannvzdlrasvr01 hannvzdlrasvr02 .
2024-12-10 17:45:16.626 [OCSSD(278797)]CRS-1632: Node hannvzdlrasvr01 is being removed from the cluster in cluster incarnation 629308018
2024-12-10 17:45:16.734 [OCSSD(278797)]CRS-1601: CSSD Reconfiguration complete. Active nodes are hannvzdlrasvr02 .
2024-12-10 17:45:23.743 [EVMD(277920)]CRS-7503: The Oracle Grid Infrastructure process 'evmd' observed communication issues between node 'hannvzdlrasvr02' and node 'hannvzdlrasvr01', interface list of local node 'hannvzdlrasvr02' is '10.9.27.31:28417;10.9.27.32:53454;', interface list of remote node 'hannvzdlrasvr01' is '10.9.27.29:19677;10.9.27.30:43339;'.
2024-12-10 17:45:24.929 [GIPCD(278567)]CRS-7503: The Oracle Grid Infrastructure process 'gipcd' observed communication issues between node 'hannvzdlrasvr02' and node 'hannvzdlrasvr01', interface list of local node 'hannvzdlrasvr02' is '10.9.27.31:48939;10.9.27.32:65046;', interface list of remote node 'hannvzdlrasvr01' is '10.9.27.30:24429;10.9.27.29:43283;'.
2024-12-10 17:45:26.799 [OCTSSD(305271)]CRS-7503: The Oracle Grid Infrastructure process 'octssd' observed communication issues between node 'hannvzdlrasvr02' and node 'hannvzdlrasvr01', interface list of local node 'hannvzdlrasvr02' is '10.9.27.31:38198;10.9.27.32:37745;', interface list of remote node 'hannvzdlrasvr01' is '10.9.27.29:39981;10.9.27.30:36366;'.
2024-12-10 17:51:02.672 [CLSECHO(7783)]AFD-0654: AFD is not supported on Exadata systems
2024-12-10 17:51:02.855 [CLSECHO(7860)]ACFS-9544: Invalid files or directories found: 'missing[], extra[5.4.17-2136.327.1]'
2024-12-10 20:47:38.332 [CLSECHO(33887)]AFD-0654: AFD is not supported on Exadata systems
2024-12-10 20:47:38.513 [CLSECHO(33962)]ACFS-9544: Invalid files or directories found: 'missing[], extra[5.4.17-2136.327.1]'
2024-12-11 02:47:38.360 [CLSECHO(199789)]AFD-0654: AFD is not supported on Exadata systems
2024-12-11 02:47:38.545 [CLSECHO(199864)]ACFS-9544: Invalid files or directories found: 'missing[], extra[5.4.17-2136.327.1]'
2024-12-11 08:47:40.426 [CLSECHO(316438)]AFD-0654: AFD is not supported on Exadata systems
2024-12-11 08:47:40.604 [CLSECHO(316513)]ACFS-9544: Invalid files or directories found: 'missing[], extra[5.4.17-2136.327.1]'
2024-12-11 08:48:55.505 [CVUD(315615)]CRS-10051: CVU found following errors with Clusterware setup : PRVF-5302 : Failed to execute the exectask command on node "hannvzdlrasvr01" 
/u01/app/19.0.0.0/grid/bin/crsctl check css
PRVG-2043 : Command "/u01/app/19.0.0.0/grid/bin/crsctl check css " failed on node "hannvzdlrasvr01" and produced the following output:
CRS-4639: Could not contact Oracle High Availability Services
CRS-4000: Command Check failed, or completed with errors.

PRVG-6017 : OCR backup is located in the same disk group "+CATALOG" as OCR.
PRVG-10048 : Name "hannvzdlrasvr01" was not resolved to an address of the specified type by name servers "10.9.75.6".
PRVF-4759 : 'lsnodes' execution failed on the node
PRVG-13690 : The state of Oracle Clusterware is not ONLINE on node "hannvzdlrasvr01". [Found state = "OFFLINE"]

2024-12-11 08:48:55.506 [CVUD(315615)]CRS-10051: CVU found following errors with Clusterware setup : PRVG-2043 : Command "/u01/app/19.0.0.0/grid/bin/crsctl stat resource ora.ctssd -init " failed on node "hannvzdlrasvr01" and produced the following output:
CRS-4639: Could not contact Oracle High Availability Services
CRS-4000: Command Status failed, or completed with errors.

PRVG-10048 : Name "hannvzdlrasvr02" was not resolved to an address of the specified type by name servers "10.9.75.6".

2024-12-11 14:30:49.034 [CLSECHO(321259)]AFD-0654: AFD is not supported on Exadata systems
2024-12-11 14:30:49.218 [CLSECHO(321350)]ACFS-9544: Invalid files or directories found: 'missing[], extra[5.4.17-2136.327.1]'
2024-12-11 14:45:00.337 [OHASD(277510)]CRS-2791: Starting shutdown of Oracle High Availability Services-managed resources on 'hannvzdlrasvr02'
2024-12-11 14:45:00.347 [ORAROOTAGENT(307410)]CRS-5024: Unmounting file system "/osbcat"
2024-12-11 14:45:00.653 [ORAROOTAGENT(307410)]CRS-5025: File system "/osbcat" unmounted
2024-12-11 14:45:02.532 [ORAROOTAGENT(307410)]CRS-5024: Unmounting file system "/raacfs/raadmin"
2024-12-11 14:45:03.137 [ORAROOTAGENT(307410)]CRS-5025: File system "/raacfs/raadmin" unmounted
2024-12-11 14:45:22.003 [ORAROOTAGENT(307410)]CRS-5822: Agent '/u01/app/19.0.0.0/grid/bin/orarootagent_root' disconnected from server. Details at (:CRSAGF00117:) {0:2:4} in /u01/app/oracle/diag/crs/hannvzdlrasvr02/crs/trace/crsd_orarootagent_root.trc.
2024-12-11 14:45:24.588 [MDNSD(277922)]CRS-5602: mDNS service stopping by request.
2024-12-11 14:45:25.194 [MDNSD(277922)]CRS-8504: Oracle Clusterware MDNSD process with operating system process ID 277922 is exiting
2024-12-11 14:46:02.865 [OCTSSD(305271)]CRS-2405: The Cluster Time Synchronization Service on host hannvzdlrasvr02 is shutdown by user
2024-12-11 14:46:02.865 [OCTSSD(305271)]CRS-8504: Oracle Clusterware OCTSSD process with operating system process ID 305271 is exiting
2024-12-11 14:46:03.873 [OCSSD(278797)]CRS-1603: CSSD on node hannvzdlrasvr02 has been shut down.
2024-12-11 14:46:06.371 [ORAROOTAGENT(36140)]CRS-8500: Oracle Clusterware ORAROOTAGENT process is starting with operating system process ID 36140
2024-12-11 14:46:06.877 [GPNPD(278421)]CRS-2329: GPNPD on node hannvzdlrasvr02 shut down. 
2024-12-11 14:46:07.883 [OHASD(277510)]CRS-2793: Shutdown of Oracle High Availability Services-managed resources on 'hannvzdlrasvr02' has completed
2024-12-11 14:46:07.892 [ORAROOTAGENT(36140)]CRS-5822: Agent '/u01/app/19.0.0.0/grid/bin/orarootagent_root' disconnected from server. Details at (:CRSAGF00117:) {0:8:4} in /u01/app/oracle/diag/crs/hannvzdlrasvr02/crs/trace/ohasd_orarootagent_root.trc.
2024-12-11 14:46:07.892 [ORAAGENT(277875)]CRS-5822: Agent '/u01/app/19.0.0.0/grid/bin/oraagent_oracle' disconnected from server. Details at (:CRSAGF00117:) {0:5:14} in /u01/app/oracle/diag/crs/hannvzdlrasvr02/crs/trace/ohasd_oraagent_oracle.trc.
2024-12-11 14:51:16.468 [CRSCTL(72704)]CRS-1013: The OCR location in an ASM disk group is inaccessible. Details in /u01/app/oracle/diag/crs/hannvzdlrasvr02/crs/trace/crsctl_72704.trc.
2024-12-11 14:51:26.081 [CRSCTL(73768)]CRS-1013: The OCR location in an ASM disk group is inaccessible. Details in /u01/app/oracle/diag/crs/hannvzdlrasvr02/crs/trace/crsctl_73768.trc.
2024-12-11 14:51:35.012 [OCRCONFIG(74043)]CRS-1013: The OCR location in an ASM disk group is inaccessible. Details in /u01/app/oracle/diag/crs/hannvzdlrasvr02/crs/trace/ocrconfig_74043.trc.
2024-12-11 14:51:48.573 [OCRDUMP(75952)]CRS-1013: The OCR location in an ASM disk group is inaccessible. Details in /u01/app/oracle/diag/crs/hannvzdlrasvr02/crs/trace/ocrdump_75952.trc.
2024-12-11 14:51:58.031 [CRSCTL(81449)]CRS-1013: The OCR location in an ASM disk group is inaccessible. Details in /u01/app/oracle/diag/crs/hannvzdlrasvr02/crs/trace/crsctl_81449.trc.
2024-12-11 14:52:07.062 [CRSCTL(81765)]CRS-1013: The OCR location in an ASM disk group is inaccessible. Details in /u01/app/oracle/diag/crs/hannvzdlrasvr02/crs/trace/crsctl_81765.trc.
2024-12-11 14:52:16.323 [CRSCTL(82142)]CRS-1013: The OCR location in an ASM disk group is inaccessible. Details in /u01/app/oracle/diag/crs/hannvzdlrasvr02/crs/trace/crsctl_82142.trc.
2024-12-11 14:56:02.840 [OHASD(110154)]CRS-8500: Oracle Clusterware OHASD process is starting with operating system process ID 110154
2024-12-11 14:56:02.879 [OHASD(110154)]CRS-0714: Oracle Clusterware Release 19.0.0.0.0.
2024-12-11 14:56:02.886 [OHASD(110154)]CRS-2112: The OLR service started on node hannvzdlrasvr02.
2024-12-11 14:56:02.995 [OHASD(110154)]CRS-1301: Oracle High Availability Service started on node hannvzdlrasvr02.
2024-12-11 14:56:02.995 [OHASD(110154)]CRS-8017: location: /etc/oracle/lastgasp has 2 reboot advisory log files, 0 were announced and 0 errors occurred
2024-12-11 14:56:03.321 [ORAROOTAGENT(110265)]CRS-8500: Oracle Clusterware ORAROOTAGENT process is starting with operating system process ID 110265
2024-12-11 14:56:03.332 [CSSDMONITOR(110286)]CRS-8500: Oracle Clusterware CSSDMONITOR process is starting with operating system process ID 110286
2024-12-11 14:56:03.332 [CSSDAGENT(110281)]CRS-8500: Oracle Clusterware CSSDAGENT process is starting with operating system process ID 110281
2024-12-11 14:56:03.339 [ORAAGENT(110275)]CRS-8500: Oracle Clusterware ORAAGENT process is starting with operating system process ID 110275
2024-12-11 14:56:03.882 [ORAAGENT(110394)]CRS-8500: Oracle Clusterware ORAAGENT process is starting with operating system process ID 110394
2024-12-11 14:56:04.107 [MDNSD(110424)]CRS-8500: Oracle Clusterware MDNSD process is starting with operating system process ID 110424
2024-12-11 14:56:04.108 [EVMD(110425)]CRS-8500: Oracle Clusterware EVMD process is starting with operating system process ID 110425
2024-12-11 14:56:05.127 [GPNPD(110550)]CRS-8500: Oracle Clusterware GPNPD process is starting with operating system process ID 110550
2024-12-11 14:56:06.022 [GPNPD(110550)]CRS-2328: GPNPD started on node hannvzdlrasvr02. 
2024-12-11 14:56:06.145 [GIPCD(110615)]CRS-8500: Oracle Clusterware GIPCD process is starting with operating system process ID 110615
2024-12-11 14:56:10.180 [OSYSMOND(110842)]CRS-8500: Oracle Clusterware OSYSMOND process is starting with operating system process ID 110842
2024-12-11 14:56:10.181 [CSSDMONITOR(110840)]CRS-8500: Oracle Clusterware CSSDMONITOR process is starting with operating system process ID 110840
2024-12-11 14:56:10.499 [CSSDAGENT(110874)]CRS-8500: Oracle Clusterware CSSDAGENT process is starting with operating system process ID 110874
2024-12-11 14:56:16.328 [OCSSD(110906)]CRS-8500: Oracle Clusterware OCSSD process is starting with operating system process ID 110906
2024-12-11 14:56:17.368 [OCSSD(110906)]CRS-1713: CSSD daemon is started in hub mode
2024-12-11 14:56:18.834 [OCSSD(110906)]CRS-1707: Lease acquisition for node hannvzdlrasvr02 number 2 completed
2024-12-11 14:56:19.921 [OCSSD(110906)]CRS-1621: The IPMI configuration data for this node stored in the Oracle registry is incomplete; details at (:CSSNK00002:) in /u01/app/oracle/diag/crs/hannvzdlrasvr02/crs/trace/ocssd.trc
2024-12-11 14:56:19.922 [OCSSD(110906)]CRS-1617: The information required to do node kill for node hannvzdlrasvr02 is incomplete; details at (:CSSNM00004:) in /u01/app/oracle/diag/crs/hannvzdlrasvr02/crs/trace/ocssd.trc
2024-12-11 14:56:19.961 [OCSSD(110906)]CRS-1605: CSSD voting file is online: o/10.9.27.33;10.9.27.34/CATALOG_CD_04_hannvzdlracel01; details in /u01/app/oracle/diag/crs/hannvzdlrasvr02/crs/trace/ocssd.trc.
2024-12-11 14:56:19.965 [OCSSD(110906)]CRS-1605: CSSD voting file is online: o/10.9.27.35;10.9.27.36/CATALOG_CD_04_hannvzdlracel02; details in /u01/app/oracle/diag/crs/hannvzdlrasvr02/crs/trace/ocssd.trc.
2024-12-11 14:56:19.970 [OCSSD(110906)]CRS-1605: CSSD voting file is online: o/10.9.27.49;10.9.27.50/CATALOG_CD_04_hannvzdlracel09; details in /u01/app/oracle/diag/crs/hannvzdlrasvr02/crs/trace/ocssd.trc.
2024-12-11 14:56:19.990 [OCSSD(110906)]CRS-1605: CSSD voting file is online: o/10.9.27.51;10.9.27.52/CATALOG_CD_04_hannvzdlracel10; details in /u01/app/oracle/diag/crs/hannvzdlrasvr02/crs/trace/ocssd.trc.
2024-12-11 14:56:19.995 [OCSSD(110906)]CRS-1605: CSSD voting file is online: o/10.9.27.53;10.9.27.54/CATALOG_CD_04_hannvzdlracel11; details in /u01/app/oracle/diag/crs/hannvzdlrasvr02/crs/trace/ocssd.trc.
2024-12-11 14:59:42.180 [OCSSD(110906)]CRS-1601: CSSD Reconfiguration complete. Active nodes are hannvzdlrasvr02 .
2024-12-11 14:59:43.836 [OCTSSD(134162)]CRS-8500: Oracle Clusterware OCTSSD process is starting with operating system process ID 134162
2024-12-11 14:59:44.248 [OCSSD(110906)]CRS-1720: Cluster Synchronization Services daemon (CSSD) is ready for operation.
2024-12-11 14:59:44.681 [OCTSSD(134162)]CRS-2403: The Cluster Time Synchronization Service on host hannvzdlrasvr02 is in observer mode.
2024-12-11 14:59:45.861 [OCTSSD(134162)]CRS-2407: The new Cluster Time Synchronization Service reference node is host hannvzdlrasvr02.
2024-12-11 14:59:45.862 [OCTSSD(134162)]CRS-2401: The Cluster Time Synchronization Service started on host hannvzdlrasvr02.
2024-12-11 15:00:03.394 [ORAROOTAGENT(110265)]CRS-5019: All OCR locations are on ASM disk groups [CATALOG], and none of these disk groups are mounted. Details are at "(:CLSN00140:)" in "/u01/app/oracle/diag/crs/hannvzdlrasvr02/crs/trace/ohasd_orarootagent_root.trc".
2024-12-11 15:00:13.426 [OLOGGERD(140232)]CRS-8500: Oracle Clusterware OLOGGERD process is starting with operating system process ID 140232
2024-12-11 15:00:19.203 [CRSD(140968)]CRS-8500: Oracle Clusterware CRSD process is starting with operating system process ID 140968
2024-12-11 15:00:21.494 [CRSD(140968)]CRS-1012: The OCR service started on node hannvzdlrasvr02.
2024-12-11 15:00:23.525 [CRSD(140968)]CRS-1201: CRSD started on node hannvzdlrasvr02.
2024-12-11 15:00:24.124 [ORAROOTAGENT(141197)]CRS-8500: Oracle Clusterware ORAROOTAGENT process is starting with operating system process ID 141197
2024-12-11 15:00:24.156 [ORAAGENT(141207)]CRS-8500: Oracle Clusterware ORAAGENT process is starting with operating system process ID 141207
2024-12-11 15:00:29.285 [CRSD(140968)]CRS-2772: Server 'hannvzdlrasvr02' has been assigned to pool 'Generic'.
2024-12-11 15:00:29.285 [CRSD(140968)]CRS-2772: Server 'hannvzdlrasvr02' has been assigned to pool 'ora.zdlradb'.
2024-12-11 15:00:34.680 [CLSECHO(142913)]AFD-0654: AFD is not supported on Exadata systems
2024-12-11 15:00:34.861 [CLSECHO(142987)]ACFS-9544: Invalid files or directories found: 'missing[], extra[5.4.17-2136.327.1]'
2024-12-11 15:01:48.365 [CVUD(141945)]CRS-10051: CVU found following errors with Clusterware setup : PRVF-5302 : Failed to execute the exectask command on node "hannvzdlrasvr01" 
/u01/app/19.0.0.0/grid/bin/crsctl check css
PRVG-2043 : Command "/u01/app/19.0.0.0/grid/bin/crsctl check css " failed on node "hannvzdlrasvr01" and produced the following output:
CRS-4639: Could not contact Oracle High Availability Services
CRS-4000: Command Check failed, or completed with errors.

PRVG-6017 : OCR backup is located in the same disk group "+CATALOG" as OCR.
PRVF-4759 : 'lsnodes' execution failed on the node
PRVG-13690 : The state of Oracle Clusterware is not ONLINE on node "hannvzdlrasvr01". [Found state = "OFFLINE"]

2024-12-11 15:01:48.365 [CVUD(141945)]CRS-10051: CVU found following errors with Clusterware setup : PRVG-2043 : Command "/u01/app/19.0.0.0/grid/bin/crsctl stat resource ora.ctssd -init " failed on node "hannvzdlrasvr01" and produced the following output:
CRS-4639: Could not contact Oracle High Availability Services
CRS-4000: Command Status failed, or completed with errors.


2024-12-11 15:01:54.212 [CLSECHO(167340)]AFD-0654: AFD is not supported on Exadata systems
2024-12-11 15:01:54.401 [CLSECHO(167422)]ACFS-9544: Invalid files or directories found: 'missing[], extra[5.4.17-2136.327.1]'
2024-12-11 15:06:08.650 [OCSSD(110906)]CRS-1601: CSSD Reconfiguration complete. Active nodes are hannvzdlrasvr01 hannvzdlrasvr02 .
2024-12-11 15:06:48.693 [OCSSD(110906)]CRS-1632: Node hannvzdlrasvr01 is being removed from the cluster in cluster incarnation 629395182
2024-12-11 15:06:48.802 [OCSSD(110906)]CRS-1601: CSSD Reconfiguration complete. Active nodes are hannvzdlrasvr02 .
2024-12-11 15:06:55.810 [EVMD(110425)]CRS-7503: The Oracle Grid Infrastructure process 'evmd' observed communication issues between node 'hannvzdlrasvr02' and node 'hannvzdlrasvr01', interface list of local node 'hannvzdlrasvr02' is '10.9.27.31:19992;10.9.27.32:52878;', interface list of remote node 'hannvzdlrasvr01' is '10.9.27.29:29306;10.9.27.30:11750;'.
2024-12-11 15:06:57.005 [GIPCD(110615)]CRS-7503: The Oracle Grid Infrastructure process 'gipcd' observed communication issues between node 'hannvzdlrasvr02' and node 'hannvzdlrasvr01', interface list of local node 'hannvzdlrasvr02' is '10.9.27.31:51390;10.9.27.32:58347;', interface list of remote node 'hannvzdlrasvr01' is '10.9.27.30:55492;10.9.27.29:50909;'.
2024-12-11 15:06:58.741 [OCTSSD(134162)]CRS-7503: The Oracle Grid Infrastructure process 'octssd' observed communication issues between node 'hannvzdlrasvr02' and node 'hannvzdlrasvr01', interface list of local node 'hannvzdlrasvr02' is '10.9.27.31:50913;10.9.27.32:64643;', interface list of remote node 'hannvzdlrasvr01' is '10.9.27.29:24700;10.9.27.30:11370;'.
2024-12-11 15:12:35.541 [CLSECHO(244775)]AFD-0654: AFD is not supported on Exadata systems
2024-12-11 15:12:35.730 [CLSECHO(244920)]ACFS-9544: Invalid files or directories found: 'missing[], extra[5.4.17-2136.327.1]'
2024-12-11 21:00:31.666 [CLSECHO(257539)]AFD-0654: AFD is not supported on Exadata systems
2024-12-11 21:00:31.848 [CLSECHO(257676)]ACFS-9544: Invalid files or directories found: 'missing[], extra[5.4.17-2136.327.1]'
2024-12-12 03:00:31.698 [CLSECHO(29616)]AFD-0654: AFD is not supported on Exadata systems
2024-12-12 03:00:31.880 [CLSECHO(29709)]ACFS-9544: Invalid files or directories found: 'missing[], extra[5.4.17-2136.327.1]'
2024-12-12 09:00:31.797 [CLSECHO(139610)]AFD-0654: AFD is not supported on Exadata systems
2024-12-12 09:00:31.984 [CLSECHO(139689)]ACFS-9544: Invalid files or directories found: 'missing[], extra[5.4.17-2136.327.1]'
2024-12-12 09:02:05.698 [CVUD(139140)]CRS-10051: CVU found following errors with Clusterware setup : PRVF-5302 : Failed to execute the exectask command on node "hannvzdlrasvr01" 
/u01/app/19.0.0.0/grid/bin/crsctl check css
PRVG-2043 : Command "/u01/app/19.0.0.0/grid/bin/crsctl check css " failed on node "hannvzdlrasvr01" and produced the following output:
CRS-4639: Could not contact Oracle High Availability Services
CRS-4000: Command Check failed, or completed with errors.

PRVG-6017 : OCR backup is located in the same disk group "+CATALOG" as OCR.
PRVG-10048 : Name "hannvzdlrasvr01" was not resolved to an address of the specified type by name servers "10.9.75.6".
PRVF-4759 : 'lsnodes' execution failed on the node
PRVG-13690 : The state of Oracle Clusterware is not ONLINE on node "hannvzdlrasvr01". [Found state = "OFFLINE"]

2024-12-12 09:02:05.698 [CVUD(139140)]CRS-10051: CVU found following errors with Clusterware setup : PRVG-2043 : Command "/u01/app/19.0.0.0/grid/bin/crsctl stat resource ora.ctssd -init " failed on node "hannvzdlrasvr01" and produced the following output:
CRS-4639: Could not contact Oracle High Availability Services
CRS-4000: Command Status failed, or completed with errors.


2024-12-12 15:00:31.755 [CLSECHO(258215)]AFD-0654: AFD is not supported on Exadata systems
2024-12-12 15:00:31.936 [CLSECHO(258291)]ACFS-9544: Invalid files or directories found: 'missing[], extra[5.4.17-2136.327.1]'
2024-12-12 15:01:42.713 [CVUD(257735)]CRS-10051: CVU found following errors with Clusterware setup : PRVF-5302 : Failed to execute the exectask command on node "hannvzdlrasvr01" 
/u01/app/19.0.0.0/grid/bin/crsctl check css
PRVG-2043 : Command "/u01/app/19.0.0.0/grid/bin/crsctl check css " failed on node "hannvzdlrasvr01" and produced the following output:
CRS-4639: Could not contact Oracle High Availability Services
CRS-4000: Command Check failed, or completed with errors.

PRVG-6017 : OCR backup is located in the same disk group "+CATALOG" as OCR.
PRVF-4759 : 'lsnodes' execution failed on the node
PRVG-13690 : The state of Oracle Clusterware is not ONLINE on node "hannvzdlrasvr01". [Found state = "OFFLINE"]

2024-12-12 15:01:42.714 [CVUD(257735)]CRS-10051: CVU found following errors with Clusterware setup : PRVG-2043 : Command "/u01/app/19.0.0.0/grid/bin/crsctl stat resource ora.ctssd -init " failed on node "hannvzdlrasvr01" and produced the following output:
CRS-4639: Could not contact Oracle High Availability Services
CRS-4000: Command Status failed, or completed with errors.


2024-12-12 21:00:33.881 [CLSECHO(358742)]AFD-0654: AFD is not supported on Exadata systems
2024-12-12 21:00:34.061 [CLSECHO(358821)]ACFS-9544: Invalid files or directories found: 'missing[], extra[5.4.17-2136.327.1]'
2024-12-13 03:00:31.841 [CLSECHO(125387)]AFD-0654: AFD is not supported on Exadata systems
2024-12-13 03:00:32.022 [CLSECHO(125471)]ACFS-9544: Invalid files or directories found: 'missing[], extra[5.4.17-2136.327.1]'
2024-12-13 09:00:31.990 [CLSECHO(235262)]AFD-0654: AFD is not supported on Exadata systems
2024-12-13 09:00:32.177 [CLSECHO(235346)]ACFS-9544: Invalid files or directories found: 'missing[], extra[5.4.17-2136.327.1]'
2024-12-13 14:02:46.452 [OCSSD(110906)]CRS-1601: CSSD Reconfiguration complete. Active nodes are hannvzdlrasvr01 hannvzdlrasvr02 .
2024-12-13 14:03:26.285 [CRSD(140968)]CRS-2772: Server 'hannvzdlrasvr01' has been assigned to pool 'Generic'.
2024-12-13 14:03:26.285 [CRSD(140968)]CRS-2772: Server 'hannvzdlrasvr01' has been assigned to pool 'ora.zdlradb'.
2024-12-13 15:00:33.049 [CLSECHO(354958)]AFD-0654: AFD is not supported on Exadata systems
2024-12-13 15:00:33.227 [CLSECHO(355033)]ACFS-9544: Invalid files or directories found: 'missing[], extra[5.4.17-2136.327.1]'
2024-12-13 15:02:11.641 [CVUD(354496)]CRS-10051: CVU found following errors with Clusterware setup : PRVG-6017 : OCR backup is located in the same disk group "+CATALOG" as OCR.
PRVG-10048 : Name "hannvzdlrasvr02" was not resolved to an address of the specified type by name servers "10.9.75.6".

2024-12-13 17:40:37.504 [CLSECHO(353111)]ACFS-9544: Invalid files or directories found: 'missing[], extra[5.4.17-2136.327.1]'
2024-12-13 17:40:37.860 [CLSECHO(353163)]ACFS-9294: updating file /etc/sysconfig/oracledrivers.conf
2024-12-13 17:40:38.243 [CLSECHO(353855)]AFD-0654: AFD is not supported on Exadata systems
2024-12-13 17:40:42.530 [CLSECHO(357718)]AFD-0654: AFD is not supported on Exadata systems
2024-12-13 17:40:42.707 [CLSECHO(357793)]ACFS-9544: Invalid files or directories found: 'missing[], extra[5.4.17-2136.327.1]'
2024-12-13 21:00:33.055 [CLSECHO(136171)]AFD-0654: AFD is not supported on Exadata systems
2024-12-13 21:00:33.240 [CLSECHO(136243)]ACFS-9544: Invalid files or directories found: 'missing[], extra[5.4.17-2136.327.1]'
2024-12-13 21:01:43.732 [CVUD(135666)]CRS-10051: CVU found following errors with Clusterware setup : PRVG-6017 : OCR backup is located in the same disk group "+CATALOG" as OCR.

2024-12-14 03:00:33.074 [CLSECHO(301181)]AFD-0654: AFD is not supported on Exadata systems
2024-12-14 03:00:33.261 [CLSECHO(301257)]ACFS-9544: Invalid files or directories found: 'missing[], extra[5.4.17-2136.327.1]'
2024-12-14 09:00:32.071 [CLSECHO(1101)]AFD-0654: AFD is not supported on Exadata systems
2024-12-14 09:00:32.257 [CLSECHO(1265)]ACFS-9544: Invalid files or directories found: 'missing[], extra[5.4.17-2136.327.1]'
2024-12-14 15:00:36.052 [CLSECHO(99404)]AFD-0654: AFD is not supported on Exadata systems
2024-12-14 15:00:36.240 [CLSECHO(99484)]ACFS-9544: Invalid files or directories found: 'missing[], extra[5.4.17-2136.327.1]'
2024-12-14 21:00:33.213 [CLSECHO(181994)]AFD-0654: AFD is not supported on Exadata systems
2024-12-14 21:00:33.396 [CLSECHO(182069)]ACFS-9544: Invalid files or directories found: 'missing[], extra[5.4.17-2136.327.1]'
2024-12-15 03:00:33.295 [CLSECHO(291980)]AFD-0654: AFD is not supported on Exadata systems
2024-12-15 03:00:33.484 [CLSECHO(292055)]ACFS-9544: Invalid files or directories found: 'missing[], extra[5.4.17-2136.327.1]'
2024-12-15 03:21:18.017 [CLSECHO(137184)]AFD-0654: AFD is not supported on Exadata systems
2024-12-15 09:00:32.256 [CLSECHO(100208)]AFD-0654: AFD is not supported on Exadata systems
2024-12-15 09:00:32.439 [CLSECHO(100287)]ACFS-9544: Invalid files or directories found: 'missing[], extra[5.4.17-2136.327.1]'
2024-12-15 15:00:32.330 [CLSECHO(208624)]AFD-0654: AFD is not supported on Exadata systems
2024-12-15 15:00:32.510 [CLSECHO(208709)]ACFS-9544: Invalid files or directories found: 'missing[], extra[5.4.17-2136.327.1]'
2024-12-15 21:00:32.359 [CLSECHO(299481)]AFD-0654: AFD is not supported on Exadata systems
2024-12-15 21:00:32.543 [CLSECHO(299556)]ACFS-9544: Invalid files or directories found: 'missing[], extra[5.4.17-2136.327.1]'
2024-12-16 03:00:32.364 [CLSECHO(56892)]AFD-0654: AFD is not supported on Exadata systems
2024-12-16 03:00:32.550 [CLSECHO(56971)]ACFS-9544: Invalid files or directories found: 'missing[], extra[5.4.17-2136.327.1]'
2024-12-16 09:00:32.457 [CLSECHO(159405)]AFD-0654: AFD is not supported on Exadata systems
2024-12-16 09:00:32.641 [CLSECHO(159480)]ACFS-9544: Invalid files or directories found: 'missing[], extra[5.4.17-2136.327.1]'
2024-12-16 15:00:32.567 [CLSECHO(259895)]AFD-0654: AFD is not supported on Exadata systems
2024-12-16 15:00:32.749 [CLSECHO(259971)]ACFS-9544: Invalid files or directories found: 'missing[], extra[5.4.17-2136.327.1]'
2024-12-16 15:01:46.672 [ORAROOTAGENT(141197)]CRS-5024: Unmounting file system "/raacfs/raadmin"
2024-12-16 15:01:47.276 [ORAROOTAGENT(141197)]CRS-5025: File system "/raacfs/raadmin" unmounted
2024-12-16 15:01:47.863 [ORAROOTAGENT(141197)]CRS-5024: Unmounting file system "/osbcat"
2024-12-16 15:01:48.168 [ORAROOTAGENT(141197)]CRS-5025: File system "/osbcat" unmounted
2024-12-16 15:02:09.807 [CVUD(259404)]CRS-10051: CVU found following errors with Clusterware setup : PRVG-6017 : OCR backup is located in the same disk group "+CATALOG" as OCR.
PRVG-10048 : Name "hannvzdlrasvr01" was not resolved to an address of the specified type by name servers "10.9.75.6".
PRVG-10048 : Name "hannvzdlrasvr02" was not resolved to an address of the specified type by name servers "10.9.75.6".
PRVF-5056 : SCAN listener "LISTENER_SCAN1" not running
PRVF-5056 : SCAN listener "LISTENER_SCAN2" not running
PRVF-5056 : SCAN listener "LISTENER_SCAN3" not running

2024-12-16 15:04:08.680 [OCSSD(110906)]CRS-1625: Node hannvzdlrasvr01, number 1, was shut down
2024-12-16 15:04:08.696 [OCSSD(110906)]CRS-1601: CSSD Reconfiguration complete. Active nodes are hannvzdlrasvr02 .
2024-12-16 15:04:08.698 [CRSD(140968)]CRS-5504: Node down event reported for node 'hannvzdlrasvr01'.
2024-12-16 15:04:08.700 [CRSD(140968)]CRS-2773: Server 'hannvzdlrasvr01' has been removed from pool 'Generic'.
2024-12-16 15:04:08.700 [CRSD(140968)]CRS-2773: Server 'hannvzdlrasvr01' has been removed from pool 'ora.zdlradb'.
2024-12-16 15:05:15.221 [OLOGGERD(304963)]CRS-8500: Oracle Clusterware OLOGGERD process is starting with operating system process ID 304963
2024-12-16 15:09:24.052 [OCSSD(110906)]CRS-1601: CSSD Reconfiguration complete. Active nodes are hannvzdlrasvr01 hannvzdlrasvr02 .
2024-12-16 15:10:06.550 [CRSD(140968)]CRS-2772: Server 'hannvzdlrasvr01' has been assigned to pool 'Generic'.
2024-12-16 15:10:06.551 [CRSD(140968)]CRS-2772: Server 'hannvzdlrasvr01' has been assigned to pool 'ora.zdlradb'.
2024-12-16 15:17:35.450 [CLSECHO(387230)]AFD-0654: AFD is not supported on Exadata systems
2024-12-16 15:17:35.631 [CLSECHO(387311)]ACFS-9544: Invalid files or directories found: 'missing[], extra[5.4.17-2136.327.1]'
2024-12-16 15:18:52.022 [OHASD(110154)]CRS-2791: Starting shutdown of Oracle High Availability Services-managed resources on 'hannvzdlrasvr02'
2024-12-16 15:19:05.994 [ORAROOTAGENT(141197)]CRS-5822: Agent '/u01/app/19.0.0.0/grid/bin/orarootagent_root' disconnected from server. Details at (:CRSAGF00117:) {0:2:19} in /u01/app/oracle/diag/crs/hannvzdlrasvr02/crs/trace/crsd_orarootagent_root.trc.
2024-12-16 15:19:08.700 [MDNSD(110424)]CRS-5602: mDNS service stopping by request.
2024-12-16 15:19:09.314 [MDNSD(110424)]CRS-8504: Oracle Clusterware MDNSD process with operating system process ID 110424 is exiting
2024-12-16 15:19:47.342 [OCTSSD(134162)]CRS-2405: The Cluster Time Synchronization Service on host hannvzdlrasvr02 is shutdown by user
2024-12-16 15:19:47.343 [OCTSSD(134162)]CRS-8504: Oracle Clusterware OCTSSD process with operating system process ID 134162 is exiting
2024-12-16 15:19:48.350 [OCSSD(110906)]CRS-1603: CSSD on node hannvzdlrasvr02 has been shut down.
2024-12-16 15:19:50.854 [ORAROOTAGENT(14367)]CRS-8500: Oracle Clusterware ORAROOTAGENT process is starting with operating system process ID 14367
2024-12-16 15:19:51.355 [GPNPD(110550)]CRS-2329: GPNPD on node hannvzdlrasvr02 shut down. 
2024-12-16 15:19:52.362 [OHASD(110154)]CRS-2793: Shutdown of Oracle High Availability Services-managed resources on 'hannvzdlrasvr02' has completed
2024-12-16 15:19:52.371 [ORAAGENT(110394)]CRS-5822: Agent '/u01/app/19.0.0.0/grid/bin/oraagent_oracle' disconnected from server. Details at (:CRSAGF00117:) {0:5:30} in /u01/app/oracle/diag/crs/hannvzdlrasvr02/crs/trace/ohasd_oraagent_oracle.trc.
2024-12-16 15:19:52.371 [ORAROOTAGENT(14367)]CRS-5822: Agent '/u01/app/19.0.0.0/grid/bin/orarootagent_root' disconnected from server. Details at (:CRSAGF00117:) {0:8:4} in /u01/app/oracle/diag/crs/hannvzdlrasvr02/crs/trace/ohasd_orarootagent_root.trc.
2024-12-16 15:24:29.970 [CLSECHO(56057)]ACFS-9155: Checking for existing 'oracleoks.ko' driver installation.
2024-12-16 15:24:30.021 [CLSECHO(56091)]ACFS-9312: Existing ADVM/ACFS installation detected.
2024-12-16 15:24:34.073 [CLSECHO(56389)]ACFS-9314: Removing previous ADVM/ACFS installation.
2024-12-16 15:24:36.180 [CLSECHO(56531)]ACFS-9315: Previous ADVM/ACFS components successfully removed.
2024-12-16 15:24:36.206 [CLSECHO(56545)]ACFS-9294: updating file /etc/sysconfig/oracledrivers.conf
2024-12-16 15:24:37.870 [CLSECHO(57198)]ACFS-9300: ADVM/ACFS distribution files found.
2024-12-16 15:24:38.029 [CLSECHO(57297)]ACFS-9314: Removing previous ADVM/ACFS installation.
2024-12-16 15:24:40.028 [CLSECHO(57462)]ACFS-9315: Previous ADVM/ACFS components successfully removed.
2024-12-16 15:24:40.054 [CLSECHO(57478)]ACFS-9294: updating file /etc/sysconfig/oracledrivers.conf
2024-12-16 15:24:40.101 [CLSECHO(57509)]ACFS-9307: Installing requested ADVM/ACFS software.
2024-12-16 15:24:40.117 [CLSECHO(57529)]ACFS-9503: ADVM and ACFS driver media location is '/u01/app/19.0.0.0/grid/usm/install/Oracle/EL8UEK/x86_64/5.4.17-2136.327.1/5.4.17-2136.327.1-x86_64/bin'
2024-12-16 15:24:40.981 [CLSECHO(58619)]ACFS-9294: updating file /etc/sysconfig/oracledrivers.conf
2024-12-16 15:24:41.000 [CLSECHO(58638)]ACFS-9308: Loading installed ADVM/ACFS drivers.
2024-12-16 15:24:41.015 [CLSECHO(58664)]ACFS-9321: Creating udev for ADVM/ACFS.
2024-12-16 15:24:41.032 [CLSECHO(58699)]ACFS-9323: Creating module dependencies - this may take some time.
2024-12-16 15:24:43.017 [CLSECHO(59464)]ACFS-9154: Loading 'oracleoks.ko' driver.
2024-12-16 15:24:43.215 [CLSECHO(59498)]ACFS-9154: Loading 'oracleadvm.ko' driver.
2024-12-16 15:24:43.537 [CLSECHO(59678)]ACFS-9154: Loading 'oracleacfs.ko' driver.
2024-12-16 15:24:44.314 [CLSECHO(59833)]ACFS-9327: Verifying ADVM/ACFS devices.
2024-12-16 15:24:44.379 [CLSECHO(59865)]ACFS-9156: Detecting control device '/dev/asm/.asm_ctl_spec'.
2024-12-16 15:24:44.417 [CLSECHO(59885)]ACFS-9156: Detecting control device '/dev/ofsctl'.
2024-12-16 15:24:46.237 [CLSECHO(60959)]ACFS-9309: ADVM/ACFS installation correctness verified.
2024-12-16 15:24:46.448 [CRSCTL(61060)]CRS-41074: Oracle High Availability Services autostart was enabled.
2024-12-16 15:24:47.373 [CLSECHO(61371)]OKA-9294: updating file /etc/sysconfig/oracledrivers.conf
2024-12-16 15:24:47.660 [CLSCFG(61460)]CRS-1810: Node-specific configuration for node hannvzdlrasvr02 in Oracle Local Registry was patched to patch level 3669234883.
2024-12-16 15:24:50.846 [OHASD(61542)]CRS-8500: Oracle Clusterware OHASD process is starting with operating system process ID 61542
2024-12-16 15:24:50.891 [OHASD(61542)]CRS-0714: Oracle Clusterware Release 19.0.0.0.0.
2024-12-16 15:24:50.898 [OHASD(61542)]CRS-2112: The OLR service started on node hannvzdlrasvr02.
2024-12-16 15:24:50.979 [OHASD(61542)]CRS-1301: Oracle High Availability Service started on node hannvzdlrasvr02.
2024-12-16 15:24:50.979 [OHASD(61542)]CRS-8017: location: /etc/oracle/lastgasp has 2 reboot advisory log files, 0 were announced and 0 errors occurred
2024-12-16 15:24:51.146 [ORAROOTAGENT(61717)]CRS-8500: Oracle Clusterware ORAROOTAGENT process is starting with operating system process ID 61717
2024-12-16 15:24:51.164 [CSSDMONITOR(61738)]CRS-8500: Oracle Clusterware CSSDMONITOR process is starting with operating system process ID 61738
2024-12-16 15:24:51.164 [CSSDAGENT(61734)]CRS-8500: Oracle Clusterware CSSDAGENT process is starting with operating system process ID 61734
2024-12-16 15:24:51.166 [ORAAGENT(61727)]CRS-8500: Oracle Clusterware ORAAGENT process is starting with operating system process ID 61727
2024-12-16 15:24:51.575 [ORAAGENT(61828)]CRS-8500: Oracle Clusterware ORAAGENT process is starting with operating system process ID 61828
2024-12-16 15:24:51.661 [MDNSD(61851)]CRS-8500: Oracle Clusterware MDNSD process is starting with operating system process ID 61851
2024-12-16 15:24:51.663 [EVMD(61852)]CRS-8500: Oracle Clusterware EVMD process is starting with operating system process ID 61852
2024-12-16 15:24:52.682 [GPNPD(61897)]CRS-8500: Oracle Clusterware GPNPD process is starting with operating system process ID 61897
2024-12-16 15:24:53.708 [GPNPD(61897)]CRS-2328: Grid Plug and Play Daemon(GPNPD) started on node hannvzdlrasvr02. 
2024-12-16 15:24:53.700 [GIPCD(61976)]CRS-8500: Oracle Clusterware GIPCD process is starting with operating system process ID 61976
2024-12-16 15:24:55.995 [OSYSMOND(62111)]CRS-8500: Oracle Clusterware OSYSMOND process is starting with operating system process ID 62111
2024-12-16 15:24:55.995 [CSSDMONITOR(62109)]CRS-8500: Oracle Clusterware CSSDMONITOR process is starting with operating system process ID 62109
2024-12-16 15:24:56.184 [CSSDAGENT(62148)]CRS-8500: Oracle Clusterware CSSDAGENT process is starting with operating system process ID 62148
2024-12-16 15:25:01.879 [OCSSD(62194)]CRS-8500: Oracle Clusterware OCSSD process is starting with operating system process ID 62194
2024-12-16 15:25:02.924 [OCSSD(62194)]CRS-1713: CSSD daemon is started in hub mode
2024-12-16 15:25:04.199 [OCSSD(62194)]CRS-1707: Lease acquisition for node hannvzdlrasvr02 number 2 completed
2024-12-16 15:25:05.275 [OCSSD(62194)]CRS-1621: The IPMI configuration data for this node stored in the Oracle registry is incomplete; details at (:CSSNK00002:) in /u01/app/oracle/diag/crs/hannvzdlrasvr02/crs/trace/ocssd.trc
2024-12-16 15:25:05.276 [OCSSD(62194)]CRS-1617: The information required to do node kill for node hannvzdlrasvr02 is incomplete; details at (:CSSNM00004:) in /u01/app/oracle/diag/crs/hannvzdlrasvr02/crs/trace/ocssd.trc
2024-12-16 15:25:05.292 [OCSSD(62194)]CRS-1605: CSSD voting file is online: o/10.9.27.33;10.9.27.34/CATALOG_CD_04_hannvzdlracel01; details in /u01/app/oracle/diag/crs/hannvzdlrasvr02/crs/trace/ocssd.trc.
2024-12-16 15:25:05.297 [OCSSD(62194)]CRS-1605: CSSD voting file is online: o/10.9.27.35;10.9.27.36/CATALOG_CD_04_hannvzdlracel02; details in /u01/app/oracle/diag/crs/hannvzdlrasvr02/crs/trace/ocssd.trc.
2024-12-16 15:25:05.314 [OCSSD(62194)]CRS-1605: CSSD voting file is online: o/10.9.27.49;10.9.27.50/CATALOG_CD_04_hannvzdlracel09; details in /u01/app/oracle/diag/crs/hannvzdlrasvr02/crs/trace/ocssd.trc.
2024-12-16 15:25:05.319 [OCSSD(62194)]CRS-1605: CSSD voting file is online: o/10.9.27.51;10.9.27.52/CATALOG_CD_04_hannvzdlracel10; details in /u01/app/oracle/diag/crs/hannvzdlrasvr02/crs/trace/ocssd.trc.
2024-12-16 15:25:05.324 [OCSSD(62194)]CRS-1605: CSSD voting file is online: o/10.9.27.53;10.9.27.54/CATALOG_CD_04_hannvzdlracel11; details in /u01/app/oracle/diag/crs/hannvzdlrasvr02/crs/trace/ocssd.trc.
2024-12-16 15:25:06.851 [OCSSD(62194)]CRS-1601: CSSD Reconfiguration complete. Active nodes are hannvzdlrasvr01 hannvzdlrasvr02 .
2024-12-16 15:25:07.903 [OCSSD(62194)]CRS-1720: Cluster Synchronization Services daemon (CSSD) is ready for operation.
2024-12-16 15:25:08.380 [OCTSSD(62620)]CRS-8500: Oracle Clusterware OCTSSD process is starting with operating system process ID 62620
2024-12-16 15:25:09.371 [OCTSSD(62620)]CRS-2403: The Cluster Time Synchronization Service on host hannvzdlrasvr02 is in observer mode.
2024-12-16 15:25:10.553 [OCTSSD(62620)]CRS-2407: The new Cluster Time Synchronization Service reference node is host hannvzdlrasvr01.
2024-12-16 15:25:10.553 [OCTSSD(62620)]CRS-2401: The Cluster Time Synchronization Service started on host hannvzdlrasvr02.
2024-12-16 15:25:42.119 [CRSD(68004)]CRS-8500: Oracle Clusterware CRSD process is starting with operating system process ID 68004
2024-12-16 15:25:44.367 [CRSD(68004)]CRS-1012: The OCR service started on node hannvzdlrasvr02.
2024-12-16 15:25:44.391 [CRSD(68004)]CRS-1201: CRSD started on node hannvzdlrasvr02.
2024-12-16 15:25:44.537 [ORAROOTAGENT(68113)]CRS-8500: Oracle Clusterware ORAROOTAGENT process is starting with operating system process ID 68113
2024-12-16 15:25:44.566 [ORAAGENT(68126)]CRS-8500: Oracle Clusterware ORAAGENT process is starting with operating system process ID 68126
2024-12-16 15:26:08.681 [CLSCFG(69947)]CRS-1811: Node hannvzdlrasvr02 patched to patch level 3669234883.
2024-12-16 15:28:43.234 [CLSECHO(102647)]AFD-0654: AFD is not supported on Exadata systems
2024-12-16 15:34:56.432 [OHASD(61542)]CRS-2791: Starting shutdown of Oracle High Availability Services-managed resources on 'hannvzdlrasvr02'
2024-12-16 15:34:56.445 [ORAROOTAGENT(68113)]CRS-5024: Unmounting file system "/raacfs/raadmin"
2024-12-16 15:34:56.445 [ORAROOTAGENT(68113)]CRS-5024: Unmounting file system "/osbcat"
2024-12-16 15:34:56.749 [ORAROOTAGENT(68113)]CRS-5025: File system "/raacfs/raadmin" unmounted
2024-12-16 15:34:56.751 [ORAROOTAGENT(68113)]CRS-5025: File system "/osbcat" unmounted
2024-12-16 15:35:09.438 [ORAROOTAGENT(68113)]CRS-5822: Agent '/u01/app/19.0.0.0/grid/bin/orarootagent_root' disconnected from server. Details at (:CRSAGF00117:) {0:1:4} in /u01/app/oracle/diag/crs/hannvzdlrasvr02/crs/trace/crsd_orarootagent_root.trc.
2024-12-16 15:35:12.393 [MDNSD(61851)]CRS-5602: mDNS service stopping by request.
2024-12-16 15:35:13.003 [MDNSD(61851)]CRS-8504: Oracle Clusterware MDNSD process with operating system process ID 61851 is exiting
2024-12-16 15:35:41.108 [OCTSSD(62620)]CRS-2405: The Cluster Time Synchronization Service on host hannvzdlrasvr02 is shutdown by user
2024-12-16 15:35:41.108 [OCTSSD(62620)]CRS-8504: Oracle Clusterware OCTSSD process with operating system process ID 62620 is exiting
2024-12-16 15:35:42.116 [OCSSD(62194)]CRS-1603: CSSD on node hannvzdlrasvr02 has been shut down.
2024-12-16 15:35:45.120 [GPNPD(61897)]CRS-2329: Grid Plug and Play Daemon(GPNPD) on node hannvzdlrasvr02 shut down. 
2024-12-16 15:35:48.124 [OHASD(61542)]CRS-2793: Shutdown of Oracle High Availability Services-managed resources on 'hannvzdlrasvr02' has completed
2024-12-16 15:35:48.132 [ORAROOTAGENT(61717)]CRS-5822: Agent '/u01/app/19.0.0.0/grid/bin/orarootagent_root' disconnected from server. Details at (:CRSAGF00117:) {0:1:9} in /u01/app/oracle/diag/crs/hannvzdlrasvr02/crs/trace/ohasd_orarootagent_root.trc.
2024-12-16 15:55:34.710 [CLSECHO(304969)]ACFS-9155: Checking for existing 'oracleoks.ko' driver installation.
2024-12-16 15:55:34.761 [CLSECHO(304996)]ACFS-9312: Existing ADVM/ACFS installation detected.
2024-12-16 15:55:38.711 [CLSECHO(305641)]ACFS-9314: Removing previous ADVM/ACFS installation.
2024-12-16 15:55:40.831 [CLSECHO(305877)]ACFS-9315: Previous ADVM/ACFS components successfully removed.
2024-12-16 15:55:40.858 [CLSECHO(305892)]ACFS-9294: updating file /etc/sysconfig/oracledrivers.conf
2024-12-16 15:55:42.559 [CLSECHO(306715)]ACFS-9300: ADVM/ACFS distribution files found.
2024-12-16 15:55:42.728 [CLSECHO(306871)]ACFS-9314: Removing previous ADVM/ACFS installation.
2024-12-16 15:55:44.722 [CLSECHO(306966)]ACFS-9315: Previous ADVM/ACFS components successfully removed.
2024-12-16 15:55:44.750 [CLSECHO(306980)]ACFS-9294: updating file /etc/sysconfig/oracledrivers.conf
2024-12-16 15:55:44.797 [CLSECHO(307006)]ACFS-9307: Installing requested ADVM/ACFS software.
2024-12-16 15:55:44.814 [CLSECHO(307021)]ACFS-9503: ADVM and ACFS driver media location is '/u01/app/19.0.0.0/grid/usm/install/Oracle/EL8UEK/x86_64/5.4.17-2136.327.1/5.4.17-2136.327.1-x86_64/bin'
2024-12-16 15:55:45.654 [CLSECHO(307331)]ACFS-9294: updating file /etc/sysconfig/oracledrivers.conf
2024-12-16 15:55:45.675 [CLSECHO(307341)]ACFS-9308: Loading installed ADVM/ACFS drivers.
2024-12-16 15:55:45.689 [CLSECHO(307349)]ACFS-9321: Creating udev for ADVM/ACFS.
2024-12-16 15:55:45.704 [CLSECHO(307357)]ACFS-9323: Creating module dependencies - this may take some time.
2024-12-16 15:55:47.673 [CLSECHO(307476)]ACFS-9154: Loading 'oracleoks.ko' driver.
2024-12-16 15:55:47.870 [CLSECHO(307559)]ACFS-9154: Loading 'oracleadvm.ko' driver.
2024-12-16 15:55:48.185 [CLSECHO(307746)]ACFS-9154: Loading 'oracleacfs.ko' driver.
2024-12-16 15:55:48.950 [CLSECHO(307884)]ACFS-9327: Verifying ADVM/ACFS devices.
2024-12-16 15:55:49.014 [CLSECHO(307916)]ACFS-9156: Detecting control device '/dev/asm/.asm_ctl_spec'.
2024-12-16 15:55:49.054 [CLSECHO(307936)]ACFS-9156: Detecting control device '/dev/ofsctl'.
2024-12-16 15:55:51.005 [CLSECHO(309231)]ACFS-9309: ADVM/ACFS installation correctness verified.
2024-12-16 15:55:51.225 [CRSCTL(309332)]CRS-41074: Oracle High Availability Services autostart was enabled.
2024-12-16 15:55:52.168 [CLSECHO(309654)]OKA-9294: updating file /etc/sysconfig/oracledrivers.conf
2024-12-16 15:55:52.468 [CLSCFG(309742)]CRS-1810: Node-specific configuration for node hannvzdlrasvr02 in Oracle Local Registry was patched to patch level 2251015017.
2024-12-16 15:55:55.420 [CLSECHO(310695)]AFD-0654: AFD is not supported on Exadata systems
2024-12-16 15:55:55.661 [OHASD(310284)]CRS-8500: Oracle Clusterware OHASD process is starting with operating system process ID 310284
2024-12-16 15:55:55.706 [OHASD(310284)]CRS-0714: Oracle Clusterware Release 19.0.0.0.0.
2024-12-16 15:55:55.713 [OHASD(310284)]CRS-2112: The OLR service started on node hannvzdlrasvr02.
2024-12-16 15:55:55.839 [OHASD(310284)]CRS-1301: Oracle High Availability Service started on node hannvzdlrasvr02.
2024-12-16 15:55:55.839 [OHASD(310284)]CRS-8017: location: /etc/oracle/lastgasp has 2 reboot advisory log files, 0 were announced and 0 errors occurred
2024-12-16 15:55:56.009 [ORAROOTAGENT(310990)]CRS-8500: Oracle Clusterware ORAROOTAGENT process is starting with operating system process ID 310990
2024-12-16 15:55:56.028 [CSSDMONITOR(311011)]CRS-8500: Oracle Clusterware CSSDMONITOR process is starting with operating system process ID 311011
2024-12-16 15:55:56.028 [CSSDAGENT(311007)]CRS-8500: Oracle Clusterware CSSDAGENT process is starting with operating system process ID 311007
2024-12-16 15:55:56.033 [ORAAGENT(311000)]CRS-8500: Oracle Clusterware ORAAGENT process is starting with operating system process ID 311000
2024-12-16 15:55:56.436 [ORAAGENT(311102)]CRS-8500: Oracle Clusterware ORAAGENT process is starting with operating system process ID 311102
2024-12-16 15:55:56.521 [MDNSD(311125)]CRS-8500: Oracle Clusterware MDNSD process is starting with operating system process ID 311125
2024-12-16 15:55:56.522 [EVMD(311126)]CRS-8500: Oracle Clusterware EVMD process is starting with operating system process ID 311126
2024-12-16 15:55:57.540 [GPNPD(311390)]CRS-8500: Oracle Clusterware GPNPD process is starting with operating system process ID 311390
2024-12-16 15:55:58.566 [GPNPD(311390)]CRS-2328: Grid Plug and Play Daemon(GPNPD) started on node hannvzdlrasvr02. 
2024-12-16 15:55:58.557 [GIPCD(311663)]CRS-8500: Oracle Clusterware GIPCD process is starting with operating system process ID 311663
2024-12-16 15:56:00.856 [OSYSMOND(311751)]CRS-8500: Oracle Clusterware OSYSMOND process is starting with operating system process ID 311751
2024-12-16 15:56:00.859 [CSSDMONITOR(311749)]CRS-8500: Oracle Clusterware CSSDMONITOR process is starting with operating system process ID 311749
2024-12-16 15:56:01.049 [CSSDAGENT(311823)]CRS-8500: Oracle Clusterware CSSDAGENT process is starting with operating system process ID 311823
2024-12-16 15:56:06.746 [OCSSD(311859)]CRS-8500: Oracle Clusterware OCSSD process is starting with operating system process ID 311859
2024-12-16 15:56:07.793 [OCSSD(311859)]CRS-1713: CSSD daemon is started in hub mode
2024-12-16 15:56:09.086 [OCSSD(311859)]CRS-1707: Lease acquisition for node hannvzdlrasvr02 number 2 completed
2024-12-16 15:56:10.162 [OCSSD(311859)]CRS-1621: The IPMI configuration data for this node stored in the Oracle registry is incomplete; details at (:CSSNK00002:) in /u01/app/oracle/diag/crs/hannvzdlrasvr02/crs/trace/ocssd.trc
2024-12-16 15:56:10.163 [OCSSD(311859)]CRS-1617: The information required to do node kill for node hannvzdlrasvr02 is incomplete; details at (:CSSNM00004:) in /u01/app/oracle/diag/crs/hannvzdlrasvr02/crs/trace/ocssd.trc
2024-12-16 15:56:10.178 [OCSSD(311859)]CRS-1605: CSSD voting file is online: o/10.9.27.33;10.9.27.34/CATALOG_CD_04_hannvzdlracel01; details in /u01/app/oracle/diag/crs/hannvzdlrasvr02/crs/trace/ocssd.trc.
2024-12-16 15:56:10.183 [OCSSD(311859)]CRS-1605: CSSD voting file is online: o/10.9.27.35;10.9.27.36/CATALOG_CD_04_hannvzdlracel02; details in /u01/app/oracle/diag/crs/hannvzdlrasvr02/crs/trace/ocssd.trc.
2024-12-16 15:56:10.202 [OCSSD(311859)]CRS-1605: CSSD voting file is online: o/10.9.27.49;10.9.27.50/CATALOG_CD_04_hannvzdlracel09; details in /u01/app/oracle/diag/crs/hannvzdlrasvr02/crs/trace/ocssd.trc.
2024-12-16 15:56:10.207 [OCSSD(311859)]CRS-1605: CSSD voting file is online: o/10.9.27.51;10.9.27.52/CATALOG_CD_04_hannvzdlracel10; details in /u01/app/oracle/diag/crs/hannvzdlrasvr02/crs/trace/ocssd.trc.
2024-12-16 15:56:10.212 [OCSSD(311859)]CRS-1605: CSSD voting file is online: o/10.9.27.53;10.9.27.54/CATALOG_CD_04_hannvzdlracel11; details in /u01/app/oracle/diag/crs/hannvzdlrasvr02/crs/trace/ocssd.trc.
2024-12-16 15:56:11.372 [OCSSD(311859)]CRS-1601: CSSD Reconfiguration complete. Active nodes are hannvzdlrasvr01 hannvzdlrasvr02 .
2024-12-16 15:56:13.242 [OCTSSD(312542)]CRS-8500: Oracle Clusterware OCTSSD process is starting with operating system process ID 312542
2024-12-16 15:56:13.428 [OCSSD(311859)]CRS-1720: Cluster Synchronization Services daemon (CSSD) is ready for operation.
2024-12-16 15:56:14.234 [OCTSSD(312542)]CRS-2403: The Cluster Time Synchronization Service on host hannvzdlrasvr02 is in observer mode.
2024-12-16 15:56:15.426 [OCTSSD(312542)]CRS-2407: The new Cluster Time Synchronization Service reference node is host hannvzdlrasvr01.
2024-12-16 15:56:15.427 [OCTSSD(312542)]CRS-2401: The Cluster Time Synchronization Service started on host hannvzdlrasvr02.
2024-12-16 15:56:43.380 [CRSD(317828)]CRS-8500: Oracle Clusterware CRSD process is starting with operating system process ID 317828
2024-12-16 15:56:45.649 [CRSD(317828)]CRS-1012: The OCR service started on node hannvzdlrasvr02.
2024-12-16 15:56:45.672 [CRSD(317828)]CRS-1201: CRSD started on node hannvzdlrasvr02.
2024-12-16 15:56:45.821 [ORAROOTAGENT(317963)]CRS-8500: Oracle Clusterware ORAROOTAGENT process is starting with operating system process ID 317963
2024-12-16 15:56:45.854 [ORAAGENT(317973)]CRS-8500: Oracle Clusterware ORAAGENT process is starting with operating system process ID 317973
2024-12-16 15:57:09.929 [CLSCFG(319590)]CRS-1811: Node hannvzdlrasvr02 patched to patch level 2251015017.
2024-12-16 17:00:42.682 [CLSECHO(394472)]AFD-0654: AFD is not supported on Exadata systems
2024-12-16 17:01:24.954 [OCTSSD(312542)]CRS-2407: The new Cluster Time Synchronization Service reference node is host hannvzdlrasvr02.
2024-12-16 17:01:27.798 [OCSSD(311859)]CRS-1625: Node hannvzdlrasvr01, number 1, was shut down
2024-12-16 17:01:27.808 [OCSSD(311859)]CRS-1601: CSSD Reconfiguration complete. Active nodes are hannvzdlrasvr02 .
2024-12-16 17:01:27.811 [CRSD(317828)]CRS-5504: Node down event reported for node 'hannvzdlrasvr01'.
2024-12-16 17:01:27.812 [CRSD(317828)]CRS-2773: Server 'hannvzdlrasvr01' has been removed from pool 'Generic'.
2024-12-16 17:01:27.813 [CRSD(317828)]CRS-2773: Server 'hannvzdlrasvr01' has been removed from pool 'ora.zdlradb'.
2024-12-16 17:01:34.327 [CVUD(393716)]CRS-10051: CVU found following errors with Clusterware setup : PRVG-6056 : Insufficient ASM instances found.  Expected 2 but found 1, on nodes "hannvzdlrasvr02".
PRVG-6056 : Insufficient ASM instances found.  Expected 2 but found 1, on nodes "hannvzdlrasvr02".
PRVG-2019 : Check for equivalence of user "oracle" from node "hannvzdlrasvr02" to node "hannvzdlrasvr01" failed

PRKC-1191 : Remote command execution setup check for node hannvzdlrasvr01 using shell /usr/bin/ssh failed.
ssh: connect to host hannvzdlrasvr01 port 22: Connection refused
PRVH-0186 : Path "/etc/oracle/cell/network-config/cellinit.ora" is not owned by user "oracle(1001)" and user is not the member of group "dbmusers(11140)" of the path on node "hannvzdlrasvr02".
PRVF-5056 : SCAN listener "LISTENER_SCAN1" not running

2024-12-16 17:01:34.328 [CVUD(393716)]CRS-10051: CVU found following errors with Clusterware setup : PRVF-5056 : SCAN listener "LISTENER_SCAN2" not running
PRVF-5056 : SCAN listener "LISTENER_SCAN3" not running
PRVH-0186 : Path "/etc/oracle/cell/network-config/cellinit.ora" is not owned by user "oracle(1001)" and user is not the member of group "dbmusers(11140)" of the path on node "hannvzdlrasvr02".

2024-12-16 17:01:40.108 [GIPCD(311663)]CRS-7503: The Oracle Grid Infrastructure process 'gipcd' observed communication issues between node 'hannvzdlrasvr02' and node 'hannvzdlrasvr01', interface list of local node 'hannvzdlrasvr02' is '10.9.27.31:33360;10.9.27.32:53660;', interface list of remote node 'hannvzdlrasvr01' is '10.9.27.30:24380;10.9.27.29:63788;'.
2024-12-16 17:02:20.075 [OLOGGERD(17467)]CRS-8500: Oracle Clusterware OLOGGERD process is starting with operating system process ID 17467
2024-12-16 17:04:47.157 [OCSSD(311859)]CRS-1601: CSSD Reconfiguration complete. Active nodes are hannvzdlrasvr01 hannvzdlrasvr02 .
2024-12-16 17:05:26.435 [CRSD(317828)]CRS-2772: Server 'hannvzdlrasvr01' has been assigned to pool 'Generic'.
2024-12-16 17:05:26.435 [CRSD(317828)]CRS-2772: Server 'hannvzdlrasvr01' has been assigned to pool 'ora.zdlradb'.
2024-12-16 17:09:09.317 [ORAROOTAGENT(317963)]CRS-5024: Unmounting file system "/raacfs/raadmin"
2024-12-16 17:09:09.319 [ORAROOTAGENT(317963)]CRS-5024: Unmounting file system "/osbcat"
2024-12-16 17:09:09.308 [OHASD(310284)]CRS-2791: Starting shutdown of Oracle High Availability Services-managed resources on 'hannvzdlrasvr02'
2024-12-16 17:09:10.023 [ORAROOTAGENT(317963)]CRS-5025: File system "/raacfs/raadmin" unmounted
2024-12-16 17:09:10.025 [ORAROOTAGENT(317963)]CRS-5025: File system "/osbcat" unmounted
2024-12-16 17:09:23.963 [ORAROOTAGENT(317963)]CRS-5822: Agent '/u01/app/19.0.0.0/grid/bin/orarootagent_root' disconnected from server. Details at (:CRSAGF00117:) {0:1:8} in /u01/app/oracle/diag/crs/hannvzdlrasvr02/crs/trace/crsd_orarootagent_root.trc.
2024-12-16 17:09:26.509 [MDNSD(311125)]CRS-5602: mDNS service stopping by request.
2024-12-16 17:09:27.124 [MDNSD(311125)]CRS-8504: Oracle Clusterware MDNSD process with operating system process ID 311125 is exiting
2024-12-16 17:09:53.570 [OCTSSD(312542)]CRS-2405: The Cluster Time Synchronization Service on host hannvzdlrasvr02 is shutdown by user
2024-12-16 17:09:53.571 [OCTSSD(312542)]CRS-8504: Oracle Clusterware OCTSSD process with operating system process ID 312542 is exiting
2024-12-16 17:09:54.577 [OCSSD(311859)]CRS-1603: CSSD on node hannvzdlrasvr02 has been shut down.
2024-12-16 17:09:57.581 [GPNPD(311390)]CRS-2329: Grid Plug and Play Daemon(GPNPD) on node hannvzdlrasvr02 shut down. 
2024-12-16 17:10:00.084 [OHASD(310284)]CRS-2793: Shutdown of Oracle High Availability Services-managed resources on 'hannvzdlrasvr02' has completed
2024-12-16 17:10:00.092 [ORAROOTAGENT(310990)]CRS-5822: Agent '/u01/app/19.0.0.0/grid/bin/orarootagent_root' disconnected from server. Details at (:CRSAGF00117:) {0:1:12} in /u01/app/oracle/diag/crs/hannvzdlrasvr02/crs/trace/ohasd_orarootagent_root.trc.
2024-12-16 17:12:59.096 [OHASD(52415)]CRS-8500: Oracle Clusterware OHASD process is starting with operating system process ID 52415
2024-12-16 17:12:59.147 [OHASD(52415)]CRS-0714: Oracle Clusterware Release 19.0.0.0.0.
2024-12-16 17:12:59.155 [OHASD(52415)]CRS-2112: The OLR service started on node hannvzdlrasvr02.
2024-12-16 17:12:59.270 [OHASD(52415)]CRS-1301: Oracle High Availability Service started on node hannvzdlrasvr02.
2024-12-16 17:12:59.270 [OHASD(52415)]CRS-8017: location: /etc/oracle/lastgasp has 2 reboot advisory log files, 0 were announced and 0 errors occurred
2024-12-16 17:12:59.493 [ORAROOTAGENT(65511)]CRS-8500: Oracle Clusterware ORAROOTAGENT process is starting with operating system process ID 65511
2024-12-16 17:12:59.513 [ORAAGENT(65562)]CRS-8500: Oracle Clusterware ORAAGENT process is starting with operating system process ID 65562
2024-12-16 17:12:59.535 [CSSDMONITOR(65581)]CRS-8500: Oracle Clusterware CSSDMONITOR process is starting with operating system process ID 65581
2024-12-16 17:12:59.535 [CSSDAGENT(65577)]CRS-8500: Oracle Clusterware CSSDAGENT process is starting with operating system process ID 65577
2024-12-16 17:12:59.773 [ORAAGENT(66166)]CRS-8500: Oracle Clusterware ORAAGENT process is starting with operating system process ID 66166
2024-12-16 17:12:59.859 [MDNSD(66412)]CRS-8500: Oracle Clusterware MDNSD process is starting with operating system process ID 66412
2024-12-16 17:12:59.845 [ORAROOTAGENT(65511)]CRS-5016: Process "/u01/app/19.0.0.0/grid/bin/acfsload" spawned by agent "ORAROOTAGENT" for action "check" failed: details at "(:CLSN00010:)" in "/u01/app/oracle/diag/crs/hannvzdlrasvr02/crs/trace/ohasd_orarootagent_root.trc"
2024-12-16 17:12:59.861 [EVMD(66410)]CRS-8500: Oracle Clusterware EVMD process is starting with operating system process ID 66410
2024-12-16 17:13:00.876 [GPNPD(67782)]CRS-8500: Oracle Clusterware GPNPD process is starting with operating system process ID 67782
2024-12-16 17:13:01.903 [GPNPD(67782)]CRS-2328: Grid Plug and Play Daemon(GPNPD) started on node hannvzdlrasvr02. 
2024-12-16 17:13:01.895 [GIPCD(68905)]CRS-8500: Oracle Clusterware GIPCD process is starting with operating system process ID 68905
2024-12-16 17:13:04.460 [CLSECHO(71523)]ACFS-9391: Checking for existing ADVM/ACFS installation.
2024-12-16 17:13:04.486 [CLSECHO(71585)]ACFS-9392: Validating ADVM/ACFS installation files for operating system.
2024-12-16 17:13:04.502 [CLSECHO(71606)]ACFS-9393: Verifying ASM Administrator setup.
2024-12-16 17:13:04.520 [CLSECHO(71628)]ACFS-9308: Loading installed ADVM/ACFS drivers.
2024-12-16 17:13:05.089 [CLSECHO(72240)]ACFS-9154: Loading 'oracleoks.ko' driver.
2024-12-16 17:13:05.588 [CLSECHO(72430)]ACFS-9154: Loading 'oracleadvm.ko' driver.
2024-12-16 17:13:05.910 [CLSECHO(72611)]ACFS-9154: Loading 'oracleacfs.ko' driver.
2024-12-16 17:13:07.163 [CLSECHO(73863)]CRS-10001: ACFS-9325:     Driver OS kernel version = 5.4.17-2136.327.1.el8uek.x86_64.
ACFS-9326:     Driver build number = 240620.
ACFS-9231:     Driver build version = 19.0.0.0.0 (19.24.0.0.0).
ACFS-9547:     Driver available build number = 240620.
ACFS-9232:     Driver available build version = 19.0.0.0.0 (19.24.0.0.0).
ACFS-9549:     Kernel and command versions.
Kernel:
    Build version: 19.0.0.0.0
    Build full version: 19.24.0.0.0
    Build hash:    9256567290
    Bug numbers:   NoTransactionInformation
Commands:
    Build version: 19.0.0.0.0
    Build full version: 19.24.0.0.0
    Build hash:    9256567290
    Bug numbers:   NoTransactionInformation
2024-12-16 17:13:07.222 [CLSECHO(73909)]ACFS-9327: Verifying ADVM/ACFS devices.
2024-12-16 17:13:07.238 [CLSECHO(73917)]ACFS-9156: Detecting control device '/dev/asm/.asm_ctl_spec'.
2024-12-16 17:13:07.259 [CLSECHO(73931)]ACFS-9156: Detecting control device '/dev/ofsctl'.
2024-12-16 17:13:07.299 [CLSECHO(73949)]ACFS-9294: updating file /etc/sysconfig/oracledrivers.conf
2024-12-16 17:13:07.317 [CLSECHO(73959)]ACFS-9322: completed
2024-12-16 17:13:09.410 [OSYSMOND(74307)]CRS-8500: Oracle Clusterware OSYSMOND process is starting with operating system process ID 74307
2024-12-16 17:13:09.411 [CSSDMONITOR(74305)]CRS-8500: Oracle Clusterware CSSDMONITOR process is starting with operating system process ID 74305
2024-12-16 17:13:09.601 [CSSDAGENT(74344)]CRS-8500: Oracle Clusterware CSSDAGENT process is starting with operating system process ID 74344
2024-12-16 17:13:15.400 [OCSSD(74408)]CRS-8500: Oracle Clusterware OCSSD process is starting with operating system process ID 74408
2024-12-16 17:13:16.445 [OCSSD(74408)]CRS-1713: CSSD daemon is started in hub mode
2024-12-16 17:13:17.716 [OCSSD(74408)]CRS-1707: Lease acquisition for node hannvzdlrasvr02 number 2 completed
2024-12-16 17:13:18.803 [OCSSD(74408)]CRS-1621: The IPMI configuration data for this node stored in the Oracle registry is incomplete; details at (:CSSNK00002:) in /u01/app/oracle/diag/crs/hannvzdlrasvr02/crs/trace/ocssd.trc
2024-12-16 17:13:18.804 [OCSSD(74408)]CRS-1617: The information required to do node kill for node hannvzdlrasvr02 is incomplete; details at (:CSSNM00004:) in /u01/app/oracle/diag/crs/hannvzdlrasvr02/crs/trace/ocssd.trc
2024-12-16 17:13:18.820 [OCSSD(74408)]CRS-1605: CSSD voting file is online: o/10.9.27.33;10.9.27.34/CATALOG_CD_04_hannvzdlracel01; details in /u01/app/oracle/diag/crs/hannvzdlrasvr02/crs/trace/ocssd.trc.
2024-12-16 17:13:18.824 [OCSSD(74408)]CRS-1605: CSSD voting file is online: o/10.9.27.35;10.9.27.36/CATALOG_CD_04_hannvzdlracel02; details in /u01/app/oracle/diag/crs/hannvzdlrasvr02/crs/trace/ocssd.trc.
2024-12-16 17:13:18.841 [OCSSD(74408)]CRS-1605: CSSD voting file is online: o/10.9.27.49;10.9.27.50/CATALOG_CD_04_hannvzdlracel09; details in /u01/app/oracle/diag/crs/hannvzdlrasvr02/crs/trace/ocssd.trc.
2024-12-16 17:13:18.846 [OCSSD(74408)]CRS-1605: CSSD voting file is online: o/10.9.27.51;10.9.27.52/CATALOG_CD_04_hannvzdlracel10; details in /u01/app/oracle/diag/crs/hannvzdlrasvr02/crs/trace/ocssd.trc.
2024-12-16 17:13:18.850 [OCSSD(74408)]CRS-1605: CSSD voting file is online: o/10.9.27.53;10.9.27.54/CATALOG_CD_04_hannvzdlracel11; details in /u01/app/oracle/diag/crs/hannvzdlrasvr02/crs/trace/ocssd.trc.
2024-12-16 17:13:20.026 [OCSSD(74408)]CRS-1601: CSSD Reconfiguration complete. Active nodes are hannvzdlrasvr01 hannvzdlrasvr02 .
2024-12-16 17:13:21.790 [OCTSSD(94498)]CRS-8500: Oracle Clusterware OCTSSD process is starting with operating system process ID 94498
2024-12-16 17:13:22.079 [OCSSD(74408)]CRS-1720: Cluster Synchronization Services daemon (CSSD) is ready for operation.
2024-12-16 17:13:22.782 [OCTSSD(94498)]CRS-2403: The Cluster Time Synchronization Service on host hannvzdlrasvr02 is in observer mode.
2024-12-16 17:13:23.965 [OCTSSD(94498)]CRS-2407: The new Cluster Time Synchronization Service reference node is host hannvzdlrasvr01.
2024-12-16 17:13:23.965 [OCTSSD(94498)]CRS-2401: The Cluster Time Synchronization Service started on host hannvzdlrasvr02.
2024-12-16 17:13:51.651 [CRSD(100997)]CRS-8500: Oracle Clusterware CRSD process is starting with operating system process ID 100997
2024-12-16 17:13:53.920 [CRSD(100997)]CRS-1012: The OCR service started on node hannvzdlrasvr02.
2024-12-16 17:13:53.943 [CRSD(100997)]CRS-1201: CRSD started on node hannvzdlrasvr02.
2024-12-16 17:13:55.094 [ORAROOTAGENT(101404)]CRS-8500: Oracle Clusterware ORAROOTAGENT process is starting with operating system process ID 101404
2024-12-16 17:13:55.122 [ORAAGENT(101414)]CRS-8500: Oracle Clusterware ORAAGENT process is starting with operating system process ID 101414
2024-12-16 17:25:10.014 [CLSECHO(202962)]AFD-0654: AFD is not supported on Exadata systems
2024-12-16 17:32:38.610 [CLSECHO(290577)]AFD-0654: AFD is not supported on Exadata systems
2024-12-16T18:55:29.434876+07:00
Non critical error DIA-48113 caught while writing to trace file "/u01/app/oracle/diag/crs/hannvzdlrasvr02/crs/trace/ohasd.trc"
Error message: 
Writing to the above trace file is disabled for now...
2024-12-16T18:55:30.542628+07:00
Non critical error DIA-48113 caught while writing to trace metadata file (.trm)
Trace file name: "/u01/app/oracle/diag/crs/hannvzdlrasvr02/crs/trace/crsd.trc"
Error message: 
Writing to trace metadata is disabled for now...
2024-12-16T18:55:31.627843+07:00
Non critical error DIA-48113 caught while writing to trace file "/u01/app/oracle/diag/crs/hannvzdlrasvr02/crs/trace/ocssd.trc"
Error message: 
Writing to the above trace file is disabled for now...
2024-12-16T18:55:31.736587+07:00
Non critical error DIA-48113 caught while writing to trace file "/u01/app/oracle/diag/crs/hannvzdlrasvr02/crs/trace/diskmon.trc"
Error message: 
Writing to the above trace file is disabled for now...
2024-12-16T18:55:35.783278+07:00
Non critical error DIA-48113 caught while writing to trace metadata file (.trm)
Trace file name: "/u01/app/oracle/diag/crs/hannvzdlrasvr02/crs/trace/osysmond.trc"
Error message: 
Writing to trace metadata is disabled for now...
2024-12-16T18:55:38.242378+07:00
Non critical error DIA-48113 caught while writing to trace file "/u01/app/oracle/diag/crs/hannvzdlrasvr02/crs/trace/gipcd.trc"
Error message: 
Writing to the above trace file is disabled for now...
2024-12-16T18:55:41.438819+07:00
Non critical error DIA-48113 caught while writing to trace file "/u01/app/oracle/diag/crs/hannvzdlrasvr02/crs/trace/octssd.trc"
Error message: 
Writing to the above trace file is disabled for now...
2024-12-16T18:55:45.111357+07:00
Non critical error DIA-48113 caught while writing to trace file "/u01/app/oracle/diag/crs/hannvzdlrasvr02/crs/trace/osysmond.trc"
Error message: 
W2024-12-17 16:04:58.594 [CRSCTL(313873)]CRS-41075: Oracle High Availability Services autostart was disabled.
2024-12-17 16:19:23.913 [CLSECHO(41374)]Can't find message for prod[has] fac[CRS] & msg id [41076]
2024-12-17 16:21:43.360 [CRSCTL(121614)]CRS-41074: Oracle High Availability Services autostart was enabled.
2024-12-17 16:22:27.158 [CRSCTL(137356)]CRS-1013: The OCR location in an ASM disk group is inaccessible. Details in /u01/app/oracle/diag/crs/hannvzdlrasvr02/crs/trace/crsctl_137356.trc.
2024-12-17 16:22:36.426 [CRSCTL(141395)]CRS-1013: The OCR location in an ASM disk group is inaccessible. Details in /u01/app/oracle/diag/crs/hannvzdlrasvr02/crs/trace/crsctl_141395.trc.
2024-12-17 16:22:45.065 [OCRCONFIG(141951)]CRS-1013: The OCR location in an ASM disk group is inaccessible. Details in /u01/app/oracle/diag/crs/hannvzdlrasvr02/crs/trace/ocrconfig_141951.trc.
2024-12-17 16:22:55.905 [OCRDUMP(143706)]CRS-1013: The OCR location in an ASM disk group is inaccessible. Details in /u01/app/oracle/diag/crs/hannvzdlrasvr02/crs/trace/ocrdump_143706.trc.
2024-12-17 16:23:05.039 [CRSCTL(144436)]CRS-1013: The OCR location in an ASM disk group is inaccessible. Details in /u01/app/oracle/diag/crs/hannvzdlrasvr02/crs/trace/crsctl_144436.trc.
2024-12-17 16:23:13.791 [CRSCTL(145416)]CRS-1013: The OCR location in an ASM disk group is inaccessible. Details in /u01/app/oracle/diag/crs/hannvzdlrasvr02/crs/trace/crsctl_145416.trc.
2024-12-17 16:23:22.763 [CRSCTL(147387)]CRS-1013: The OCR location in an ASM disk group is inaccessible. Details in /u01/app/oracle/diag/crs/hannvzdlrasvr02/crs/trace/crsctl_147387.trc.
2024-12-17 16:24:37.418 [OHASD(164491)]CRS-8500: Oracle Clusterware OHASD process is starting with operating system process ID 164491
2024-12-17 16:24:37.465 [OHASD(164491)]CRS-0714: Oracle Clusterware Release 19.0.0.0.0.
2024-12-17 16:24:37.472 [OHASD(164491)]CRS-2112: The OLR service started on node hannvzdlrasvr02.
2024-12-17 16:24:37.595 [OHASD(164491)]CRS-1301: Oracle High Availability Service started on node hannvzdlrasvr02.
2024-12-17 16:24:37.595 [OHASD(164491)]CRS-8017: location: /etc/oracle/lastgasp has 2 reboot advisory log files, 0 were announced and 0 errors occurred
2024-12-17 16:24:37.801 [ORAROOTAGENT(164606)]CRS-8500: Oracle Clusterware ORAROOTAGENT process is starting with operating system process ID 164606
2024-12-17 16:24:37.821 [ORAAGENT(164616)]CRS-8500: Oracle Clusterware ORAAGENT process is starting with operating system process ID 164616
2024-12-17 16:24:37.857 [CSSDAGENT(164622)]CRS-8500: Oracle Clusterware CSSDAGENT process is starting with operating system process ID 164622
2024-12-17 16:24:37.857 [CSSDMONITOR(164627)]CRS-8500: Oracle Clusterware CSSDMONITOR process is starting with operating system process ID 164627
2024-12-17 16:24:38.090 [ORAAGENT(165008)]CRS-8500: Oracle Clusterware ORAAGENT process is starting with operating system process ID 165008
2024-12-17 16:24:38.163 [ORAROOTAGENT(164606)]CRS-5016: Process "/u01/app/19.0.0.0/grid/bin/acfsload" spawned by agent "ORAROOTAGENT" for action "check" failed: details at "(:CLSN00010:)" in "/u01/app/oracle/diag/crs/hannvzdlrasvr02/crs/trace/ohasd_orarootagent_root.trc"
2024-12-17 16:24:38.174 [MDNSD(165195)]CRS-8500: Oracle Clusterware MDNSD process is starting with operating system process ID 165195
2024-12-17 16:24:38.177 [EVMD(165198)]CRS-8500: Oracle Clusterware EVMD process is starting with operating system process ID 165198
2024-12-17 16:24:39.188 [GPNPD(165445)]CRS-8500: Oracle Clusterware GPNPD process is starting with operating system process ID 165445
2024-12-17 16:24:40.218 [GPNPD(165445)]CRS-2328: Grid Plug and Play Daemon(GPNPD) started on node hannvzdlrasvr02. 
2024-12-17 16:24:40.206 [GIPCD(165538)]CRS-8500: Oracle Clusterware GIPCD process is starting with operating system process ID 165538
2024-12-17 16:24:43.117 [CLSECHO(165656)]ACFS-9391: Checking for existing ADVM/ACFS installation.
2024-12-17 16:24:43.138 [CLSECHO(165667)]ACFS-9392: Validating ADVM/ACFS installation files for operating system.
2024-12-17 16:24:43.153 [CLSECHO(165675)]ACFS-9393: Verifying ASM Administrator setup.
2024-12-17 16:24:43.171 [CLSECHO(165686)]ACFS-9308: Loading installed ADVM/ACFS drivers.
2024-12-17 16:24:43.720 [CLSECHO(165816)]ACFS-9154: Loading 'oracleoks.ko' driver.
2024-12-17 16:24:44.227 [CLSECHO(165946)]ACFS-9154: Loading 'oracleadvm.ko' driver.
2024-12-17 16:24:44.564 [CLSECHO(166133)]ACFS-9154: Loading 'oracleacfs.ko' driver.
2024-12-17 16:24:45.817 [CLSECHO(166401)]CRS-10001: ACFS-9325:     Driver OS kernel version = 5.4.17-2136.327.1.el8uek.x86_64.
ACFS-9326:     Driver build number = 240620.
ACFS-9231:     Driver build version = 19.0.0.0.0 (19.24.0.0.0).
ACFS-9547:     Driver available build number = 240620.
ACFS-9232:     Driver available build version = 19.0.0.0.0 (19.24.0.0.0).
ACFS-9549:     Kernel and command versions.
Kernel:
    Build version: 19.0.0.0.0
    Build full version: 19.24.0.0.0
    Build hash:    9256567290
    Bug numbers:   NoTransactionInformation
Commands:
    Build version: 19.0.0.0.0
    Build full version: 19.24.0.0.0
    Build hash:    9256567290
    Bug numbers:   NoTransactionInformation
2024-12-17 16:24:45.874 [CLSECHO(166409)]ACFS-9327: Verifying ADVM/ACFS devices.
2024-12-17 16:24:45.891 [CLSECHO(166417)]ACFS-9156: Detecting control device '/dev/asm/.asm_ctl_spec'.
2024-12-17 16:24:45.911 [CLSECHO(166436)]ACFS-9156: Detecting control device '/dev/ofsctl'.
2024-12-17 16:24:45.952 [CLSECHO(166454)]ACFS-9294: updating file /etc/sysconfig/oracledrivers.conf
2024-12-17 16:24:45.969 [CLSECHO(166464)]ACFS-9322: completed
2024-12-17 16:24:48.025 [OSYSMOND(166823)]CRS-8500: Oracle Clusterware OSYSMOND process is starting with operating system process ID 166823
2024-12-17 16:24:48.028 [CSSDMONITOR(166821)]CRS-8500: Oracle Clusterware CSSDMONITOR process is starting with operating system process ID 166821
2024-12-17 16:24:48.217 [CSSDAGENT(166863)]CRS-8500: Oracle Clusterware CSSDAGENT process is starting with operating system process ID 166863
2024-12-17 16:24:53.920 [OCSSD(166905)]CRS-8500: Oracle Clusterware OCSSD process is starting with operating system process ID 166905
2024-12-17 16:24:54.965 [OCSSD(166905)]CRS-1713: CSSD daemon is started in hub mode
2024-12-17 16:24:56.549 [OCSSD(166905)]CRS-1707: Lease acquisition for node hannvzdlrasvr02 number 2 completed
2024-12-17 16:24:57.717 [OCSSD(166905)]CRS-1621: The IPMI configuration data for this node stored in the Oracle registry is incomplete; details at (:CSSNK00002:) in /u01/app/oracle/diag/crs/hannvzdlrasvr02/crs/trace/ocssd.trc
2024-12-17 16:24:57.717 [OCSSD(166905)]CRS-1617: The information required to do node kill for node hannvzdlrasvr02 is incomplete; details at (:CSSNM00004:) in /u01/app/oracle/diag/crs/hannvzdlrasvr02/crs/trace/ocssd.trc
2024-12-17 16:24:57.749 [OCSSD(166905)]CRS-1605: CSSD voting file is online: o/10.9.27.33;10.9.27.34/CATALOG_CD_04_hannvzdlracel01; details in /u01/app/oracle/diag/crs/hannvzdlrasvr02/crs/trace/ocssd.trc.
2024-12-17 16:24:57.773 [OCSSD(166905)]CRS-1605: CSSD voting file is online: o/10.9.27.35;10.9.27.36/CATALOG_CD_04_hannvzdlracel02; details in /u01/app/oracle/diag/crs/hannvzdlrasvr02/crs/trace/ocssd.trc.
2024-12-17 16:24:57.799 [OCSSD(166905)]CRS-1605: CSSD voting file is online: o/10.9.27.49;10.9.27.50/CATALOG_CD_04_hannvzdlracel09; details in /u01/app/oracle/diag/crs/hannvzdlrasvr02/crs/trace/ocssd.trc.
2024-12-17 16:24:57.821 [OCSSD(166905)]CRS-1605: CSSD voting file is online: o/10.9.27.51;10.9.27.52/CATALOG_CD_04_hannvzdlracel10; details in /u01/app/oracle/diag/crs/hannvzdlrasvr02/crs/trace/ocssd.trc.
2024-12-17 16:24:57.826 [OCSSD(166905)]CRS-1605: CSSD voting file is online: o/10.9.27.53;10.9.27.54/CATALOG_CD_04_hannvzdlracel11; details in /u01/app/oracle/diag/crs/hannvzdlrasvr02/crs/trace/ocssd.trc.
2024-12-17 16:25:07.901 [GIPCD(165538)]CRS-7503: The Oracle Grid Infrastructure process 'gipcd' observed communication issues between node 'hannvzdlrasvr02' and node 'hannvzdlrasvr01', interface list of local node 'hannvzdlrasvr02' is '10.9.27.31:27173;10.9.27.32:13428;', interface list of remote node 'hannvzdlrasvr01' is '10.9.27.30:19587;10.9.27.29:9007;'.
2024-12-17 16:25:27.889 [OCSSD(166905)]CRS-7500: The Oracle Grid Infrastructure process 'ocssd' failed to establish Oracle Grid Interprocess Communication (GIPC) high availability connection with remote node 'hannvzdlrasvr01'.
2024-12-17 16:25:38.818 [OCSSD(166905)]CRS-7503: The Oracle Grid Infrastructure process 'ocssd' observed communication issues between node 'hannvzdlrasvr02' and node 'hannvzdlrasvr01', interface list of local node 'hannvzdlrasvr02' is '10.9.27.31:49672;10.9.27.32:18832;', interface list of remote node 'hannvzdlrasvr01' is '10.9.27.29:27931;10.9.27.30:55887;'.
2024-12-17 16:32:50.125 [OHASD(164491)]CRS-2791: Starting shutdown of Oracle High Availability Services-managed resources on 'hannvzdlrasvr02'
2024-12-17 16:32:51.713 [MDNSD(165195)]CRS-5602: mDNS service stopping by request.
2024-12-17 16:32:52.321 [MDNSD(165195)]CRS-8504: Oracle Clusterware MDNSD process with operating system process ID 165195 is exiting
2024-12-17 16:34:48.382 [OCSSD(166905)]CRS-1609: This node is unable to communicate with other nodes in the cluster and is going down to preserve cluster integrity; details at (:CSSNM00086:) in /u01/app/oracle/diag/crs/hannvzdlrasvr02/crs/trace/ocssd.trc.
2024-12-17 16:34:48.381 [CSSDAGENT(166863)]CRS-5818: Aborted command 'start' for resource 'ora.cssd'. Details at (:CRSAGF00113:) {0:5:3} in /u01/app/oracle/diag/crs/hannvzdlrasvr02/crs/trace/ohasd_cssdagent_root.trc.
2024-12-17 16:34:48.429 [OHASD(164491)]CRS-2757: Command 'Start' timed out waiting for response from the resource 'ora.cssd'. Details at (:CRSPE00221:) {0:5:3} in /u01/app/oracle/diag/crs/hannvzdlrasvr02/crs/trace/ohasd.trc.
2024-12-17 16:34:49.382 [OCSSD(166905)]CRS-1656: The CSS daemon is terminating due to a fatal error; Details at (:CSSSC00012:) in /u01/app/oracle/diag/crs/hannvzdlrasvr02/crs/trace/ocssd.trc
2024-12-17 16:34:49.383 [OCSSD(166905)]CRS-1603: CSSD on node hannvzdlrasvr02 has been shut down.
2024-12-17 16:34:49.947 [OCSSD(166905)]CRS-1609: This node is unable to communicate with other nodes in the cluster and is going down to preserve cluster integrity; details at (:CSSNM00086:) in /u01/app/oracle/diag/crs/hannvzdlrasvr02/crs/trace/ocssd.trc.
2024-12-17T16:34:54.387112+07:00
Errors in file /u01/app/oracle/diag/crs/hannvzdlrasvr02/crs/trace/ocssd.trc  (incident=25):
CRS-8503 [] [] [] [] [] [] [] [] [] [] [] []
Incident details in: /u01/app/oracle/diag/crs/hannvzdlrasvr02/crs/incident/incdir_25/ocssd_i25.trc

2024-12-17 16:34:54.383 [OCSSD(166905)]CRS-8503: Oracle Clusterware process OCSSD with operating system process ID 166905 experienced fatal signal or exception code 6.
2024-12-17 16:34:58.584 [OCRCONFIG(224229)]CRS-1013: The OCR location in an ASM disk group is inaccessible. Details in /u01/app/oracle/diag/crs/hannvzdlrasvr02/crs/trace/ocrconfig_224229.trc.
2024-12-17 16:34:58.720 [CRSCTL(223891)]CRS-1013: The OCR location in an ASM disk group is inaccessible. Details in /u01/app/oracle/diag/crs/hannvzdlrasvr02/crs/trace/crsctl_223891.trc.
2024-12-17 16:34:58.726 [CRSCTL(213613)]CRS-1013: The OCR location in an ASM disk group is inaccessible. Details in /u01/app/oracle/diag/crs/hannvzdlrasvr02/crs/trace/crsctl_213613.trc.
2024-12-17 16:34:58.730 [CRSCTL(182982)]CRS-1013: The OCR location in an ASM disk group is inaccessible. Details in /u01/app/oracle/diag/crs/hannvzdlrasvr02/crs/trace/crsctl_182982.trc.
2024-12-17 16:35:02.056 [OCRDUMP(236835)]CRS-1013: The OCR location in an ASM disk group is inaccessible. Details in /u01/app/oracle/diag/crs/hannvzdlrasvr02/crs/trace/ocrdump_236835.trc.
2024-12-17 16:35:05.150 [CSSDAGENT(237475)]CRS-8500: Oracle Clusterware CSSDAGENT process is starting with operating system process ID 237475
2024-12-17 16:35:05.322 [GPNPD(165445)]CRS-2329: Grid Plug and Play Daemon(GPNPD) on node hannvzdlrasvr02 shut down. 
2024-12-17 16:35:07.951 [CRSCTL(237399)]CRS-1013: The OCR location in an ASM disk group is inaccessible. Details in /u01/app/oracle/diag/crs/hannvzdlrasvr02/crs/trace/crsctl_237399.trc.
2024-12-17 16:35:08.375 [ORAROOTAGENT(237674)]CRS-8500: Oracle Clusterware ORAROOTAGENT process is starting with operating system process ID 237674
2024-12-17 16:35:08.430 [OHASD(164491)]CRS-2793: Shutdown of Oracle High Availability Services-managed resources on 'hannvzdlrasvr02' has completed
2024-12-17 16:35:08.437 [ORAROOTAGENT(237674)]CRS-5822: Agent '/u01/app/19.0.0.0/grid/bin/orarootagent_root' disconnected from server. Details at (:CRSAGF00117:) {0:9:4} in /u01/app/oracle/diag/crs/hannvzdlrasvr02/crs/trace/ohasd_orarootagent_root.trc.
2024-12-17 16:35:17.399 [CRSCTL(237747)]CRS-1013: The OCR location in an ASM disk group is inaccessible. Details in /u01/app/oracle/diag/crs/hannvzdlrasvr02/crs/trace/crsctl_237747.trc.
2024-12-17 16:35:53.562 [OHASD(245988)]CRS-8500: Oracle Clusterware OHASD process is starting with operating system process ID 245988
2024-12-17 16:35:53.605 [OHASD(245988)]CRS-0714: Oracle Clusterware Release 19.0.0.0.0.
2024-12-17 16:35:53.612 [OHASD(245988)]CRS-2112: The OLR service started on node hannvzdlrasvr02.
2024-12-17 16:35:53.721 [OHASD(245988)]CRS-1301: Oracle High Availability Service started on node hannvzdlrasvr02.
2024-12-17 16:35:53.721 [OHASD(245988)]CRS-8017: location: /etc/oracle/lastgasp has 2 reboot advisory log files, 0 were announced and 0 errors occurred
2024-12-17 16:35:53.883 [ORAROOTAGENT(246102)]CRS-8500: Oracle Clusterware ORAROOTAGENT process is starting with operating system process ID 246102
2024-12-17 16:35:53.898 [CSSDAGENT(246119)]CRS-8500: Oracle Clusterware CSSDAGENT process is starting with operating system process ID 246119
2024-12-17 16:35:53.898 [CSSDMONITOR(246123)]CRS-8500: Oracle Clusterware CSSDMONITOR process is starting with operating system process ID 246123
2024-12-17 16:35:53.903 [ORAAGENT(246112)]CRS-8500: Oracle Clusterware ORAAGENT process is starting with operating system process ID 246112
2024-12-17 16:35:54.310 [ORAAGENT(246221)]CRS-8500: Oracle Clusterware ORAAGENT process is starting with operating system process ID 246221
2024-12-17 16:35:54.390 [MDNSD(246245)]CRS-8500: Oracle Clusterware MDNSD process is starting with operating system process ID 246245
2024-12-17 16:35:54.391 [EVMD(246243)]CRS-8500: Oracle Clusterware EVMD process is starting with operating system process ID 246243
2024-12-17 16:35:55.408 [GPNPD(246328)]CRS-8500: Oracle Clusterware GPNPD process is starting with operating system process ID 246328
2024-12-17 16:35:56.439 [GPNPD(246328)]CRS-2328: Grid Plug and Play Daemon(GPNPD) started on node hannvzdlrasvr02. 
2024-12-17 16:35:56.426 [GIPCD(246520)]CRS-8500: Oracle Clusterware GIPCD process is starting with operating system process ID 246520
2024-12-17 16:35:58.676 [OSYSMOND(247371)]CRS-8500: Oracle Clusterware OSYSMOND process is starting with operating system process ID 247371
2024-12-17 16:35:58.680 [CSSDMONITOR(247369)]CRS-8500: Oracle Clusterware CSSDMONITOR process is starting with operating system process ID 247369
2024-12-17 16:35:58.868 [CSSDAGENT(247475)]CRS-8500: Oracle Clusterware CSSDAGENT process is starting with operating system process ID 247475
2024-12-17 16:36:04.563 [OCSSD(247512)]CRS-8500: Oracle Clusterware OCSSD process is starting with operating system process ID 247512
2024-12-17 16:36:05.607 [OCSSD(247512)]CRS-1713: CSSD daemon is started in hub mode
2024-12-17 16:36:07.171 [OCSSD(247512)]CRS-1707: Lease acquisition for node hannvzdlrasvr02 number 2 completed
2024-12-17 16:36:08.248 [OCSSD(247512)]CRS-1621: The IPMI configuration data for this node stored in the Oracle registry is incomplete; details at (:CSSNK00002:) in /u01/app/oracle/diag/crs/hannvzdlrasvr02/crs/trace/ocssd.trc
2024-12-17 16:36:08.248 [OCSSD(247512)]CRS-1617: The information required to do node kill for node hannvzdlrasvr02 is incomplete; details at (:CSSNM00004:) in /u01/app/oracle/diag/crs/hannvzdlrasvr02/crs/trace/ocssd.trc
2024-12-17 16:36:08.264 [OCSSD(247512)]CRS-1605: CSSD voting file is online: o/10.9.27.33;10.9.27.34/CATALOG_CD_04_hannvzdlracel01; details in /u01/app/oracle/diag/crs/hannvzdlrasvr02/crs/trace/ocssd.trc.
2024-12-17 16:36:08.269 [OCSSD(247512)]CRS-1605: CSSD voting file is online: o/10.9.27.35;10.9.27.36/CATALOG_CD_04_hannvzdlracel02; details in /u01/app/oracle/diag/crs/hannvzdlrasvr02/crs/trace/ocssd.trc.
2024-12-17 16:36:08.282 [OCSSD(247512)]CRS-1605: CSSD voting file is online: o/10.9.27.49;10.9.27.50/CATALOG_CD_04_hannvzdlracel09; details in /u01/app/oracle/diag/crs/hannvzdlrasvr02/crs/trace/ocssd.trc.
2024-12-17 16:36:08.287 [OCSSD(247512)]CRS-1605: CSSD voting file is online: o/10.9.27.51;10.9.27.52/CATALOG_CD_04_hannvzdlracel10; details in /u01/app/oracle/diag/crs/hannvzdlrasvr02/crs/trace/ocssd.trc.
2024-12-17 16:36:08.292 [OCSSD(247512)]CRS-1605: CSSD voting file is online: o/10.9.27.53;10.9.27.54/CATALOG_CD_04_hannvzdlracel11; details in /u01/app/oracle/diag/crs/hannvzdlrasvr02/crs/trace/ocssd.trc.
2024-12-17 16:36:17.373 [GIPCD(246520)]CRS-7503: The Oracle Grid Infrastructure process 'gipcd' observed communication issues between node 'hannvzdlrasvr02' and node 'hannvzdlrasvr01', interface list of local node 'hannvzdlrasvr02' is '10.9.27.31:54985;10.9.27.32:18347;', interface list of remote node 'hannvzdlrasvr01' is '10.9.27.30:19587;10.9.27.29:9007;'.
2024-12-17 16:36:38.361 [OCSSD(247512)]CRS-7500: The Oracle Grid Infrastructure process 'ocssd' failed to establish Oracle Grid Interprocess Communication (GIPC) high availability connection with remote node 'hannvzdlrasvr01'.
2024-12-17 16:36:49.339 [OCSSD(247512)]CRS-7503: The Oracle Grid Infrastructure process 'ocssd' observed communication issues between node 'hannvzdlrasvr02' and node 'hannvzdlrasvr01', interface list of local node 'hannvzdlrasvr02' is '10.9.27.31:40277;10.9.27.32:30164;', interface list of remote node 'hannvzdlrasvr01' is '10.9.27.29:27931;10.9.27.30:55887;'.
2024-12-17 16:45:59.032 [CSSDAGENT(247475)]CRS-5818: Aborted command 'start' for resource 'ora.cssd'. Details at (:CRSAGF00113:) {0:5:3} in /u01/app/oracle/diag/crs/hannvzdlrasvr02/crs/trace/ohasd_cssdagent_root.trc.
2024-12-17 16:45:59.033 [OCSSD(247512)]CRS-1609: This node is unable to communicate with other nodes in the cluster and is going down to preserve cluster integrity; details at (:CSSNM00086:) in /u01/app/oracle/diag/crs/hannvzdlrasvr02/crs/trace/ocssd.trc.
2024-12-17 16:45:59.078 [OHASD(245988)]CRS-2757: Command 'Start' timed out waiting for response from the resource 'ora.cssd'. Details at (:CRSPE00221:) {0:5:3} in /u01/app/oracle/diag/crs/hannvzdlrasvr02/crs/trace/ohasd.trc.
2024-12-17 16:46:00.034 [OCSSD(247512)]CRS-1656: The CSS daemon is terminating due to a fatal error; Details at (:CSSSC00012:) in /u01/app/oracle/diag/crs/hannvzdlrasvr02/crs/trace/ocssd.trc
2024-12-17 16:46:00.034 [OCSSD(247512)]CRS-1603: CSSD on node hannvzdlrasvr02 has been shut down.
2024-12-17 16:46:00.414 [OCSSD(247512)]CRS-1609: This node is unable to communicate with other nodes in the cluster and is going down to preserve cluster integrity; details at (:CSSNM00086:) in /u01/app/oracle/diag/crs/hannvzdlrasvr02/crs/trace/ocssd.trc.
2024-12-17T16:46:05.039185+07:00
Errors in file /u01/app/oracle/diag/crs/hannvzdlrasvr02/crs/trace/ocssd.trc  (incident=33):
CRS-8503 [] [] [] [] [] [] [] [] [] [] [] []
Incident details in: /u01/app/oracle/diag/crs/hannvzdlrasvr02/crs/incident/incdir_33/ocssd_i33.trc

2024-12-17 16:46:05.035 [OCSSD(247512)]CRS-8503: Oracle Clusterware process OCSSD with operating system process ID 247512 experienced fatal signal or exception code 6.
2024-12-17 16:46:05.337 [CSSDMONITOR(315474)]CRS-8500: Oracle Clusterware CSSDMONITOR process is starting with operating system process ID 315474
2024-12-17 16:46:10.718 [CRSCTL(315531)]CRS-1013: The OCR location in an ASM disk group is inaccessible. Details in /u01/app/oracle/diag/crs/hannvzdlrasvr02/crs/trace/crsctl_315531.trc.
2024-12-17 16:46:15.820 [CSSDAGENT(316098)]CRS-8500: Oracle Clusterware CSSDAGENT process is starting with operating system process ID 316098
2024-12-17 16:46:16.393 [CRSCTL(315775)]CRS-1013: The OCR location in an ASM disk group is inaccessible. Details in /u01/app/oracle/diag/crs/hannvzdlrasvr02/crs/trace/crsctl_315775.trc.
2024-12-17 16:46:16.590 [CLSECHO(316550)]AFD-0654: AFD is not supported on Exadata systems
2024-12-17 16:46:24.749 [OCRCONFIG(316446)]CRS-1013: The OCR location in an ASM disk group is inaccessible. Details in /u01/app/oracle/diag/crs/hannvzdlrasvr02/crs/trace/ocrconfig_316446.trc.
2024-12-17 16:46:36.592 [OCRDUMP(318924)]CRS-1013: The OCR location in an ASM disk group is inaccessible. Details in /u01/app/oracle/diag/crs/hannvzdlrasvr02/crs/trace/ocrdump_318924.trc.
2024-12-17 16:46:42.347 [CRSCTL(319344)]CRS-1013: The OCR location in an ASM disk group is inaccessible. Details in /u01/app/oracle/diag/crs/hannvzdlrasvr02/crs/trace/crsctl_319344.trc.
2024-12-17 16:46:47.492 [CRSCTL(323661)]CRS-1013: The OCR location in an ASM disk group is inaccessible. Details in /u01/app/oracle/diag/crs/hannvzdlrasvr02/crs/trace/crsctl_323661.trc.
2024-12-17 16:46:52.860 [CRSCTL(323867)]CRS-1013: The OCR location in an ASM disk group is inaccessible. Details in /u01/app/oracle/diag/crs/hannvzdlrasvr02/crs/trace/crsctl_323867.trc.
2024-12-17 16:51:46.563 [CRSCTL(354616)]CRS-1013: The OCR location in an ASM disk group is inaccessible. Details in /u01/app/oracle/diag/crs/hannvzdlrasvr02/crs/trace/crsctl_354616.trc.
2024-12-17 16:51:52.243 [CRSCTL(356767)]CRS-1013: The OCR location in an ASM disk group is inaccessible. Details in /u01/app/oracle/diag/crs/hannvzdlrasvr02/crs/trace/crsctl_356767.trc.
2024-12-17 16:51:58.413 [OCRCONFIG(356930)]CRS-1013: The OCR location in an ASM disk group is inaccessible. Details in /u01/app/oracle/diag/crs/hannvzdlrasvr02/crs/trace/ocrconfig_356930.trc.
2024-12-17 16:52:09.209 [OCRDUMP(360112)]CRS-1013: The OCR location in an ASM disk group is inaccessible. Details in /u01/app/oracle/diag/crs/hannvzdlrasvr02/crs/trace/ocrdump_360112.trc.
2024-12-17 16:52:14.896 [CRSCTL(360607)]CRS-1013: The OCR location in an ASM disk group is inaccessible. Details in /u01/app/oracle/diag/crs/hannvzdlrasvr02/crs/trace/crsctl_360607.trc.
2024-12-17 16:52:20.087 [CRSCTL(360784)]CRS-1013: The OCR location in an ASM disk group is inaccessible. Details in /u01/app/oracle/diag/crs/hannvzdlrasvr02/crs/trace/crsctl_360784.trc.
2024-12-17 16:52:26.519 [CRSCTL(360999)]CRS-1013: The OCR location in an ASM disk group is inaccessible. Details in /u01/app/oracle/diag/crs/hannvzdlrasvr02/crs/trace/crsctl_360999.trc.
2024-12-17 17:22:50.340 [CRSCTL(168281)]CRS-1013: The OCR location in an ASM disk group is inaccessible. Details in /u01/app/oracle/diag/crs/hannvzdlrasvr02/crs/trace/crsctl_168281.trc.
2024-12-17 17:22:55.947 [CRSCTL(168554)]CRS-1013: The OCR location in an ASM disk group is inaccessible. Details in /u01/app/oracle/diag/crs/hannvzdlrasvr02/crs/trace/crsctl_168554.trc.
2024-12-17 17:28:16.849 [OHASD(245988)]CRS-2791: Starting shutdown of Oracle High Availability Services-managed resources on 'hannvzdlrasvr02'
2024-12-17 17:28:18.797 [GPNPD(246328)]CRS-2329: Grid Plug and Play Daemon(GPNPD) on node hannvzdlrasvr02 shut down. 
2024-12-17 17:28:18.796 [MDNSD(246245)]CRS-5602: mDNS service stopping by request.
2024-12-17 17:28:18.802 [MDNSD(246245)]CRS-8504: Oracle Clusterware MDNSD process with operating system process ID 246245 is exiting
2024-12-17 17:28:18.901 [ORAROOTAGENT(209350)]CRS-8500: Oracle Clusterware ORAROOTAGENT process is starting with operating system process ID 209350
2024-12-17 17:28:19.804 [OHASD(245988)]CRS-2793: Shutdown of Oracle High Availability Services-managed resources on 'hannvzdlrasvr02' has completed
2024-12-17 17:28:19.810 [ORAROOTAGENT(209350)]CRS-5822: Agent '/u01/app/19.0.0.0/grid/bin/orarootagent_root' disconnected from server. Details at (:CRSAGF00117:) {0:10:5} in /u01/app/oracle/diag/crs/hannvzdlrasvr02/crs/trace/ohasd_orarootagent_root.trc.
2024-12-17 17:31:55.231 [OHASD(38971)]CRS-8500: Oracle Clusterware OHASD process is starting with operating system process ID 38971
2024-12-17 17:31:55.280 [OHASD(38971)]CRS-0714: Oracle Clusterware Release 19.0.0.0.0.
2024-12-17 17:31:55.286 [OHASD(38971)]CRS-2112: The OLR service started on node hannvzdlrasvr02.
2024-12-17 17:31:55.374 [OHASD(38971)]CRS-1301: Oracle High Availability Service started on node hannvzdlrasvr02.
2024-12-17 17:31:55.374 [OHASD(38971)]CRS-8017: location: /etc/oracle/lastgasp has 2 reboot advisory log files, 0 were announced and 0 errors occurred
2024-12-17 17:31:55.588 [ORAROOTAGENT(55499)]CRS-8500: Oracle Clusterware ORAROOTAGENT process is starting with operating system process ID 55499
2024-12-17 17:31:55.609 [ORAAGENT(55562)]CRS-8500: Oracle Clusterware ORAAGENT process is starting with operating system process ID 55562
2024-12-17 17:31:55.633 [CSSDAGENT(55577)]CRS-8500: Oracle Clusterware CSSDAGENT process is starting with operating system process ID 55577
2024-12-17 17:31:55.633 [CSSDMONITOR(55586)]CRS-8500: Oracle Clusterware CSSDMONITOR process is starting with operating system process ID 55586
2024-12-17 17:31:55.864 [ORAAGENT(56203)]CRS-8500: Oracle Clusterware ORAAGENT process is starting with operating system process ID 56203
2024-12-17 17:31:55.947 [MDNSD(56441)]CRS-8500: Oracle Clusterware MDNSD process is starting with operating system process ID 56441
2024-12-17 17:31:55.937 [ORAROOTAGENT(55499)]CRS-5016: Process "/u01/app/19.0.0.0/grid/bin/acfsload" spawned by agent "ORAROOTAGENT" for action "check" failed: details at "(:CLSN00010:)" in "/u01/app/oracle/diag/crs/hannvzdlrasvr02/crs/trace/ohasd_orarootagent_root.trc"
2024-12-17 17:31:55.949 [EVMD(56440)]CRS-8500: Oracle Clusterware EVMD process is starting with operating system process ID 56440
2024-12-17 17:31:56.043 [CLSECHO(56620)]ACFS-9391: Checking for existing ADVM/ACFS installation.
2024-12-17 17:31:56.066 [CLSECHO(56658)]ACFS-9392: Validating ADVM/ACFS installation files for operating system.
2024-12-17 17:31:56.082 [CLSECHO(56695)]ACFS-9393: Verifying ASM Administrator setup.
2024-12-17 17:31:56.102 [CLSECHO(56745)]ACFS-9308: Loading installed ADVM/ACFS drivers.
2024-12-17 17:31:56.670 [CLSECHO(57449)]ACFS-9154: Loading 'oracleoks.ko' driver.
2024-12-17 17:31:56.964 [GPNPD(57723)]CRS-8500: Oracle Clusterware GPNPD process is starting with operating system process ID 57723
2024-12-17 17:31:57.187 [CLSECHO(58134)]ACFS-9154: Loading 'oracleadvm.ko' driver.
2024-12-17 17:31:57.526 [CLSECHO(58624)]ACFS-9154: Loading 'oracleacfs.ko' driver.
2024-12-17 17:31:57.981 [GIPCD(59174)]CRS-8500: Oracle Clusterware GIPCD process is starting with operating system process ID 59174
2024-12-17 17:31:58.225 [GPNPD(57723)]CRS-2328: Grid Plug and Play Daemon(GPNPD) started on node hannvzdlrasvr02. 
2024-12-17 17:31:58.806 [CLSECHO(63499)]CRS-10001: ACFS-9325:     Driver OS kernel version = 5.4.17-2136.327.1.el8uek.x86_64.
ACFS-9326:     Driver build number = 240620.
ACFS-9231:     Driver build version = 19.0.0.0.0 (19.24.0.0.0).
ACFS-9547:     Driver available build number = 240620.
ACFS-9232:     Driver available build version = 19.0.0.0.0 (19.24.0.0.0).
ACFS-9549:     Kernel and command versions.
Kernel:
    Build version: 19.0.0.0.0
    Build full version: 19.24.0.0.0
    Build hash:    9256567290
    Bug numbers:   NoTransactionInformation
Commands:
    Build version: 19.0.0.0.0
    Build full version: 19.24.0.0.0
    Build hash:    9256567290
    Bug numbers:   NoTransactionInformation
2024-12-17 17:31:58.862 [CLSECHO(63528)]ACFS-9327: Verifying ADVM/ACFS devices.
2024-12-17 17:31:58.878 [CLSECHO(63543)]ACFS-9156: Detecting control device '/dev/asm/.asm_ctl_spec'.
2024-12-17 17:31:58.900 [CLSECHO(63575)]ACFS-9156: Detecting control device '/dev/ofsctl'.
2024-12-17 17:31:58.942 [CLSECHO(63667)]ACFS-9294: updating file /etc/sysconfig/oracledrivers.conf
2024-12-17 17:31:58.959 [CLSECHO(63694)]ACFS-9322: completed
2024-12-17 17:32:01.097 [OSYSMOND(66151)]CRS-8500: Oracle Clusterware OSYSMOND process is starting with operating system process ID 66151
2024-12-17 17:32:01.097 [CSSDMONITOR(66149)]CRS-8500: Oracle Clusterware CSSDMONITOR process is starting with operating system process ID 66149
2024-12-17 17:32:01.283 [CSSDAGENT(66211)]CRS-8500: Oracle Clusterware CSSDAGENT process is starting with operating system process ID 66211
2024-12-17 17:32:06.982 [OCSSD(66411)]CRS-8500: Oracle Clusterware OCSSD process is starting with operating system process ID 66411
2024-12-17 17:32:08.028 [OCSSD(66411)]CRS-1713: CSSD daemon is started in hub mode
2024-12-17 17:32:09.490 [OCSSD(66411)]CRS-1707: Lease acquisition for node hannvzdlrasvr02 number 2 completed
2024-12-17 17:32:10.582 [OCSSD(66411)]CRS-1621: The IPMI configuration data for this node stored in the Oracle registry is incomplete; details at (:CSSNK00002:) in /u01/app/oracle/diag/crs/hannvzdlrasvr02/crs/trace/ocssd.trc
2024-12-17 17:32:10.582 [OCSSD(66411)]CRS-1617: The information required to do node kill for node hannvzdlrasvr02 is incomplete; details at (:CSSNM00004:) in /u01/app/oracle/diag/crs/hannvzdlrasvr02/crs/trace/ocssd.trc
2024-12-17 17:32:10.599 [OCSSD(66411)]CRS-1605: CSSD voting file is online: o/10.9.27.33;10.9.27.34/CATALOG_CD_04_hannvzdlracel01; details in /u01/app/oracle/diag/crs/hannvzdlrasvr02/crs/trace/ocssd.trc.
2024-12-17 17:32:10.603 [OCSSD(66411)]CRS-1605: CSSD voting file is online: o/10.9.27.35;10.9.27.36/CATALOG_CD_04_hannvzdlracel02; details in /u01/app/oracle/diag/crs/hannvzdlrasvr02/crs/trace/ocssd.trc.
2024-12-17 17:32:10.621 [OCSSD(66411)]CRS-1605: CSSD voting file is online: o/10.9.27.49;10.9.27.50/CATALOG_CD_04_hannvzdlracel09; details in /u01/app/oracle/diag/crs/hannvzdlrasvr02/crs/trace/ocssd.trc.
2024-12-17 17:32:10.626 [OCSSD(66411)]CRS-1605: CSSD voting file is online: o/10.9.27.51;10.9.27.52/CATALOG_CD_04_hannvzdlracel10; details in /u01/app/oracle/diag/crs/hannvzdlrasvr02/crs/trace/ocssd.trc.
2024-12-17 17:32:10.632 [OCSSD(66411)]CRS-1605: CSSD voting file is online: o/10.9.27.53;10.9.27.54/CATALOG_CD_04_hannvzdlracel11; details in /u01/app/oracle/diag/crs/hannvzdlrasvr02/crs/trace/ocssd.trc.
2024-12-17 17:32:19.712 [GIPCD(59174)]CRS-7503: The Oracle Grid Infrastructure process 'gipcd' observed communication issues between node 'hannvzdlrasvr02' and node 'hannvzdlrasvr01', interface list of local node 'hannvzdlrasvr02' is '10.9.27.31:19608;10.9.27.32:9943;', interface list of remote node 'hannvzdlrasvr01' is '10.9.27.30:19587;10.9.27.29:9007;'.
2024-12-17 17:32:19.713 [GIPCD(59174)]CRS-7503: The Oracle Grid Infrastructure process 'gipcd' observed communication issues between node 'hannvzdlrasvr02' and node 'hannvzdlrasvr01', interface list of local node 'hannvzdlrasvr02' is '10.9.27.31:19608;10.9.27.32:9943;', interface list of remote node 'hannvzdlrasvr01' is '10.9.27.30:19587;10.9.27.29:9007;'.
2024-12-17 17:32:40.704 [OCSSD(66411)]CRS-7500: The Oracle Grid Infrastructure process 'ocssd' failed to establish Oracle Grid Interprocess Communication (GIPC) high availability connection with remote node 'hannvzdlrasvr01'.
2024-12-17 17:32:51.676 [OCSSD(66411)]CRS-7503: The Oracle Grid Infrastructure process 'ocssd' observed communication issues between node 'hannvzdlrasvr02' and node 'hannvzdlrasvr01', interface list of local node 'hannvzdlrasvr02' is '10.9.27.31:54427;10.9.27.32:63056;', interface list of remote node 'hannvzdlrasvr01' is '10.9.27.29:27931;10.9.27.30:55887;'.
2024-12-17 17:42:01.446 [CSSDAGENT(66211)]CRS-5818: Aborted command 'start' for resource 'ora.cssd'. Details at (:CRSAGF00113:) {0:5:3} in /u01/app/oracle/diag/crs/hannvzdlrasvr02/crs/trace/ohasd_cssdagent_root.trc.
2024-12-17 17:42:01.446 [OCSSD(66411)]CRS-1609: This node is unable to communicate with other nodes in the cluster and is going down to preserve cluster integrity; details at (:CSSNM00086:) in /u01/app/oracle/diag/crs/hannvzdlrasvr02/crs/trace/ocssd.trc.
2024-12-17 17:42:01.490 [OHASD(38971)]CRS-2757: Command 'Start' timed out waiting for response from the resource 'ora.cssd'. Details at (:CRSPE00221:) {0:5:3} in /u01/app/oracle/diag/crs/hannvzdlrasvr02/crs/trace/ohasd.trc.
2024-12-17 17:42:02.447 [OCSSD(66411)]CRS-1656: The CSS daemon is terminating due to a fatal error; Details at (:CSSSC00012:) in /u01/app/oracle/diag/crs/hannvzdlrasvr02/crs/trace/ocssd.trc
2024-12-17 17:42:02.447 [OCSSD(66411)]CRS-1603: CSSD on node hannvzdlrasvr02 has been shut down.
2024-12-17 17:42:02.761 [OCSSD(66411)]CRS-1609: This node is unable to communicate with other nodes in the cluster and is going down to preserve cluster integrity; details at (:CSSNM00086:) in /u01/app/oracle/diag/crs/hannvzdlrasvr02/crs/trace/ocssd.trc.
2024-12-17T17:42:07.451520+07:00
Errors in file /u01/app/oracle/diag/crs/hannvzdlrasvr02/crs/trace/ocssd.trc  (incident=41):
CRS-8503 [] [] [] [] [] [] [] [] [] [] [] []
Incident details in: /u01/app/oracle/diag/crs/hannvzdlrasvr02/crs/incident/incdir_41/ocssd_i41.trc

2024-12-17 17:42:07.448 [OCSSD(66411)]CRS-8503: Oracle Clusterware process OCSSD with operating system process ID 66411 experienced fatal signal or exception code 6.
2024-12-17 17:42:07.728 [CSSDMONITOR(148726)]CRS-8500: Oracle Clusterware CSSDMONITOR process is starting with operating system process ID 148726
2024-12-17 17:42:11.610 [OCRCONFIG(127777)]CRS-1013: The OCR location in an ASM disk group is inaccessible. Details in /u01/app/oracle/diag/crs/hannvzdlrasvr02/crs/trace/ocrconfig_127777.trc.
2024-12-17 17:42:11.762 [CRSCTL(123333)]CRS-1013: The OCR location in an ASM disk group is inaccessible. Details in /u01/app/oracle/diag/crs/hannvzdlrasvr02/crs/trace/crsctl_123333.trc.
2024-12-17 17:42:11.766 [CRSCTL(106059)]CRS-1013: The OCR location in an ASM disk group is inaccessible. Details in /u01/app/oracle/diag/crs/hannvzdlrasvr02/crs/trace/crsctl_106059.trc.
2024-12-17 17:42:11.769 [CRSCTL(115286)]CRS-1013: The OCR location in an ASM disk group is inaccessible. Details in /u01/app/oracle/diag/crs/hannvzdlrasvr02/crs/trace/crsctl_115286.trc.
2024-12-17 17:42:15.119 [OCRDUMP(149507)]CRS-1013: The OCR location in an ASM disk group is inaccessible. Details in /u01/app/oracle/diag/crs/hannvzdlrasvr02/crs/trace/ocrdump_149507.trc.
2024-12-17 17:42:18.211 [CSSDAGENT(150200)]CRS-8500: Oracle Clusterware CSSDAGENT process is starting with operating system process ID 150200
2024-12-17 17:42:21.063 [CRSCTL(150063)]CRS-1013: The OCR location in an ASM disk group is inaccessible. Details in /u01/app/oracle/diag/crs/hannvzdlrasvr02/crs/trace/crsctl_150063.trc.
2024-12-17 17:42:26.388 [CRSCTL(150270)]CRS-1013: The OCR location in an ASM disk group is inaccessible. Details in /u01/app/oracle/diag/crs/hannvzdlrasvr02/crs/trace/crsctl_150270.trc.
2024-12-17 17:42:31.975 [CRSCTL(150583)]CRS-1013: The OCR location in an ASM disk group is inaccessible. Details in /u01/app/oracle/diag/crs/hannvzdlrasvr02/crs/trace/crsctl_150583.trc.
2024-12-17 17:47:51.784 [CRSCTL(190300)]CRS-1013: The OCR location in an ASM disk group is inaccessible. Details in /u01/app/oracle/diag/crs/hannvzdlrasvr02/crs/trace/crsctl_190300.trc.
2024-12-17 17:47:57.552 [CRSCTL(190588)]CRS-1013: The OCR location in an ASM disk group is inaccessible. Details in /u01/app/oracle/diag/crs/hannvzdlrasvr02/crs/trace/crsctl_190588.trc.
2024-12-17 17:48:02.685 [OCRCONFIG(190812)]CRS-1013: The OCR location in an ASM disk group is inaccessible. Details in /u01/app/oracle/diag/crs/hannvzdlrasvr02/crs/trace/ocrconfig_190812.trc.
2024-12-17 17:48:10.240 [OCRDUMP(191417)]CRS-1013: The OCR location in an ASM disk group is inaccessible. Details in /u01/app/oracle/diag/crs/hannvzdlrasvr02/crs/trace/ocrdump_191417.trc.
2024-12-17 17:48:16.146 [CRSCTL(195858)]CRS-1013: The OCR location in an ASM disk group is inaccessible. Details in /u01/app/oracle/diag/crs/hannvzdlrasvr02/crs/trace/crsctl_195858.trc.
2024-12-17 17:48:21.408 [CRSCTL(196035)]CRS-1013: The OCR location in an ASM disk group is inaccessible. Details in /u01/app/oracle/diag/crs/hannvzdlrasvr02/crs/trace/crsctl_196035.trc.
2024-12-17 17:48:26.916 [CRSCTL(196272)]CRS-1013: The OCR location in an ASM disk group is inaccessible. Details in /u01/app/oracle/diag/crs/hannvzdlrasvr02/crs/trace/crsctl_196272.trc.
2024-12-17 18:21:33.646 [OHASD(38971)]CRS-2791: Starting shutdown of Oracle High Availability Services-managed resources on 'hannvzdlrasvr02'
2024-12-17 18:21:35.172 [GPNPD(57723)]CRS-2329: Grid Plug and Play Daemon(GPNPD) on node hannvzdlrasvr02 shut down. 
2024-12-17 18:21:35.170 [MDNSD(56441)]CRS-5602: mDNS service stopping by request.
2024-12-17 18:21:35.178 [MDNSD(56441)]CRS-8504: Oracle Clusterware MDNSD process with operating system process ID 56441 is exiting
2024-12-17 18:21:36.700 [ORAROOTAGENT(95925)]CRS-8500: Oracle Clusterware ORAROOTAGENT process is starting with operating system process ID 95925
2024-12-17 18:21:36.759 [OHASD(38971)]CRS-2793: Shutdown of Oracle High Availability Services-managed resources on 'hannvzdlrasvr02' has completed
2024-12-17 18:21:36.766 [ORAROOTAGENT(95925)]CRS-5822: Agent '/u01/app/19.0.0.0/grid/bin/orarootagent_root' disconnected from server. Details at (:CRSAGF00117:) {0:10:4} in /u01/app/oracle/diag/crs/hannvzdlrasvr02/crs/trace/ohasd_orarootagent_root.trc.
2024-12-17 18:21:54.969 [OHASD(96600)]CRS-8500: Oracle Clusterware OHASD process is starting with operating system process ID 96600
2024-12-17 18:21:55.014 [OHASD(96600)]CRS-0714: Oracle Clusterware Release 19.0.0.0.0.
2024-12-17 18:21:55.020 [OHASD(96600)]CRS-2112: The OLR service started on node hannvzdlrasvr02.
2024-12-17 18:21:55.100 [OHASD(96600)]CRS-8017: location: /etc/oracle/lastgasp has 2 reboot advisory log files, 0 were announced and 0 errors occurred
2024-12-17 18:21:55.100 [OHASD(96600)]CRS-1301: Oracle High Availability Service started on node hannvzdlrasvr02.
2024-12-17 18:21:55.262 [ORAROOTAGENT(96773)]CRS-8500: Oracle Clusterware ORAROOTAGENT process is starting with operating system process ID 96773
2024-12-17 18:21:55.278 [CSSDMONITOR(96794)]CRS-8500: Oracle Clusterware CSSDMONITOR process is starting with operating system process ID 96794
2024-12-17 18:21:55.279 [CSSDAGENT(96789)]CRS-8500: Oracle Clusterware CSSDAGENT process is starting with operating system process ID 96789
2024-12-17 18:21:55.283 [ORAAGENT(96783)]CRS-8500: Oracle Clusterware ORAAGENT process is starting with operating system process ID 96783
2024-12-17 18:21:55.683 [ORAAGENT(96893)]CRS-8500: Oracle Clusterware ORAAGENT process is starting with operating system process ID 96893
2024-12-17 18:21:55.763 [MDNSD(96919)]CRS-8500: Oracle Clusterware MDNSD process is starting with operating system process ID 96919
2024-12-17 18:21:55.765 [EVMD(96920)]CRS-8500: Oracle Clusterware EVMD process is starting with operating system process ID 96920
2024-12-17 18:21:56.782 [GPNPD(96988)]CRS-8500: Oracle Clusterware GPNPD process is starting with operating system process ID 96988
2024-12-17 18:21:57.810 [GPNPD(96988)]CRS-2328: Grid Plug and Play Daemon(GPNPD) started on node hannvzdlrasvr02. 
2024-12-17 18:21:57.799 [GIPCD(97072)]CRS-8500: Oracle Clusterware GIPCD process is starting with operating system process ID 97072
2024-12-17 18:21:59.822 [OSYSMOND(97226)]CRS-8500: Oracle Clusterware OSYSMOND process is starting with operating system process ID 97226
2024-12-17 18:21:59.825 [CSSDMONITOR(97224)]CRS-8500: Oracle Clusterware CSSDMONITOR process is starting with operating system process ID 97224
2024-12-17 18:22:00.010 [CSSDAGENT(97266)]CRS-8500: Oracle Clusterware CSSDAGENT process is starting with operating system process ID 97266
2024-12-17 18:22:05.706 [OCSSD(97304)]CRS-8500: Oracle Clusterware OCSSD process is starting with operating system process ID 97304
2024-12-17 18:22:06.750 [OCSSD(97304)]CRS-1713: CSSD daemon is started in hub mode
2024-12-17 18:22:08.303 [OCSSD(97304)]CRS-1707: Lease acquisition for node hannvzdlrasvr02 number 2 completed
2024-12-17 18:22:09.380 [OCSSD(97304)]CRS-1621: The IPMI configuration data for this node stored in the Oracle registry is incomplete; details at (:CSSNK00002:) in /u01/app/oracle/diag/crs/hannvzdlrasvr02/crs/trace/ocssd.trc
2024-12-17 18:22:09.381 [OCSSD(97304)]CRS-1617: The information required to do node kill for node hannvzdlrasvr02 is incomplete; details at (:CSSNM00004:) in /u01/app/oracle/diag/crs/hannvzdlrasvr02/crs/trace/ocssd.trc
2024-12-17 18:22:09.396 [OCSSD(97304)]CRS-1605: CSSD voting file is online: o/10.9.27.33;10.9.27.34/CATALOG_CD_04_hannvzdlracel01; details in /u01/app/oracle/diag/crs/hannvzdlrasvr02/crs/trace/ocssd.trc.
2024-12-17 18:22:09.401 [OCSSD(97304)]CRS-1605: CSSD voting file is online: o/10.9.27.35;10.9.27.36/CATALOG_CD_04_hannvzdlracel02; details in /u01/app/oracle/diag/crs/hannvzdlrasvr02/crs/trace/ocssd.trc.
2024-12-17 18:22:09.414 [OCSSD(97304)]CRS-1605: CSSD voting file is online: o/10.9.27.49;10.9.27.50/CATALOG_CD_04_hannvzdlracel09; details in /u01/app/oracle/diag/crs/hannvzdlrasvr02/crs/trace/ocssd.trc.
2024-12-17 18:22:09.418 [OCSSD(97304)]CRS-1605: CSSD voting file is online: o/10.9.27.51;10.9.27.52/CATALOG_CD_04_hannvzdlracel10; details in /u01/app/oracle/diag/crs/hannvzdlrasvr02/crs/trace/ocssd.trc.
2024-12-17 18:22:09.425 [OCSSD(97304)]CRS-1605: CSSD voting file is online: o/10.9.27.53;10.9.27.54/CATALOG_CD_04_hannvzdlracel11; details in /u01/app/oracle/diag/crs/hannvzdlrasvr02/crs/trace/ocssd.trc.
2024-12-17 18:22:19.502 [GIPCD(97072)]CRS-7503: The Oracle Grid Infrastructure process 'gipcd' observed communication issues between node 'hannvzdlrasvr02' and node 'hannvzdlrasvr01', interface list of local node 'hannvzdlrasvr02' is '10.9.27.31:9771;10.9.27.32:20107;', interface list of remote node 'hannvzdlrasvr01' is '10.9.27.30:19587;10.9.27.29:9007;'.
2024-12-17 18:22:19.503 [GIPCD(97072)]CRS-7503: The Oracle Grid Infrastructure process 'gipcd' observed communication issues between node 'hannvzdlrasvr02' and node 'hannvzdlrasvr01', interface list of local node 'hannvzdlrasvr02' is '10.9.27.31:9771;10.9.27.32:20107;', interface list of remote node 'hannvzdlrasvr01' is '10.9.27.30:19587;10.9.27.29:9007;'.
2024-12-17 18:22:39.491 [OCSSD(97304)]CRS-7500: The Oracle Grid Infrastructure process 'ocssd' failed to establish Oracle Grid Interprocess Communication (GIPC) high availability connection with remote node 'hannvzdlrasvr01'.
2024-12-17 18:22:50.482 [OCSSD(97304)]CRS-7503: The Oracle Grid Infrastructure process 'ocssd' observed communication issues between node 'hannvzdlrasvr02' and node 'hannvzdlrasvr01', interface list of local node 'hannvzdlrasvr02' is '10.9.27.31:27003;10.9.27.32:25931;', interface list of remote node 'hannvzdlrasvr01' is '10.9.27.29:27931;10.9.27.30:55887;'.
2024-12-17 18:32:00.174 [CSSDAGENT(97266)]CRS-5818: Aborted command 'start' for resource 'ora.cssd'. Details at (:CRSAGF00113:) {0:5:3} in /u01/app/oracle/diag/crs/hannvzdlrasvr02/crs/trace/ohasd_cssdagent_root.trc.
2024-12-17 18:32:00.174 [OCSSD(97304)]CRS-1609: This node is unable to communicate with other nodes in the cluster and is going down to preserve cluster integrity; details at (:CSSNM00086:) in /u01/app/oracle/diag/crs/hannvzdlrasvr02/crs/trace/ocssd.trc.
2024-12-17 18:32:00.217 [OHASD(96600)]CRS-2757: Command 'Start' timed out waiting for response from the resource 'ora.cssd'. Details at (:CRSPE00221:) {0:5:3} in /u01/app/oracle/diag/crs/hannvzdlrasvr02/crs/trace/ohasd.trc.
2024-12-17 18:32:01.175 [OCSSD(97304)]CRS-1656: The CSS daemon is terminating due to a fatal error; Details at (:CSSSC00012:) in /u01/app/oracle/diag/crs/hannvzdlrasvr02/crs/trace/ocssd.trc
2024-12-17 18:32:01.175 [OCSSD(97304)]CRS-1603: CSSD on node hannvzdlrasvr02 has been shut down.
2024-12-17 18:32:01.552 [OCSSD(97304)]CRS-1609: This node is unable to communicate with other nodes in the cluster and is going down to preserve cluster integrity; details at (:CSSNM00086:) in /u01/app/oracle/diag/crs/hannvzdlrasvr02/crs/trace/ocssd.trc.
2024-12-17T18:32:06.179431+07:00
Errors in file /u01/app/oracle/diag/crs/hannvzdlrasvr02/crs/trace/ocssd.trc  (incident=49):
CRS-8503 [] [] [] [] [] [] [] [] [] [] [] []
Incident details in: /u01/app/oracle/diag/crs/hannvzdlrasvr02/crs/incident/incdir_49/ocssd_i49.trc

2024-12-17 18:32:06.176 [OCSSD(97304)]CRS-8503: Oracle Clusterware process OCSSD with operating system process ID 97304 experienced fatal signal or exception code 6.
2024-12-17 18:32:06.455 [CSSDMONITOR(168245)]CRS-8500: Oracle Clusterware CSSDMONITOR process is starting with operating system process ID 168245
2024-12-17 18:32:10.326 [OCRCONFIG(150484)]CRS-1013: The OCR location in an ASM disk group is inaccessible. Details in /u01/app/oracle/diag/crs/hannvzdlrasvr02/crs/trace/ocrconfig_150484.trc.
2024-12-17 18:32:10.452 [CRSCTL(146478)]CRS-1013: The OCR location in an ASM disk group is inaccessible. Details in /u01/app/oracle/diag/crs/hannvzdlrasvr02/crs/trace/crsctl_146478.trc.
2024-12-17 18:32:10.450 [CRSCTL(138181)]CRS-1013: The OCR location in an ASM disk group is inaccessible. Details in /u01/app/oracle/diag/crs/hannvzdlrasvr02/crs/trace/crsctl_138181.trc.
2024-12-17 18:32:12.310 [CRSCTL(168486)]CRS-1013: The OCR location in an ASM disk group is inaccessible. Details in /u01/app/oracle/diag/crs/hannvzdlrasvr02/crs/trace/crsctl_168486.trc.
2024-12-17 18:32:13.861 [OCRDUMP(168767)]CRS-1013: The OCR location in an ASM disk group is inaccessible. Details in /u01/app/oracle/diag/crs/hannvzdlrasvr02/crs/trace/ocrdump_168767.trc.
2024-12-17 18:32:16.938 [CSSDAGENT(169372)]CRS-8500: Oracle Clusterware CSSDAGENT process is starting with operating system process ID 169372
2024-12-17 18:32:17.720 [CLSECHO(169865)]AFD-0654: AFD is not supported on Exadata systems
2024-12-17 18:32:17.978 [CRSCTL(168972)]CRS-1013: The OCR location in an ASM disk group is inaccessible. Details in /u01/app/oracle/diag/crs/hannvzdlrasvr02/crs/trace/crsctl_168972.trc.
2024-12-17 18:32:19.849 [CRSCTL(169126)]CRS-1013: The OCR location in an ASM disk group is inaccessible. Details in /u01/app/oracle/diag/crs/hannvzdlrasvr02/crs/trace/crsctl_169126.trc.
2024-12-17 18:32:25.187 [CRSCTL(170306)]CRS-1013: The OCR location in an ASM disk group is inaccessible. Details in /u01/app/oracle/diag/crs/hannvzdlrasvr02/crs/trace/crsctl_170306.trc.
2024-12-17 18:32:30.782 [CRSCTL(171453)]CRS-1013: The OCR location in an ASM disk group is inaccessible. Details in /u01/app/oracle/diag/crs/hannvzdlrasvr02/crs/trace/crsctl_171453.trc.
2024-12-17 19:32:28.689 [CRSCTL(179538)]CRS-1013: The OCR location in an ASM disk group is inaccessible. Details in /u01/app/oracle/diag/crs/hannvzdlrasvr02/crs/trace/crsctl_179538.trc.
2024-12-17 19:32:34.200 [CRSCTL(179778)]CRS-1013: The OCR location in an ASM disk group is inaccessible. Details in /u01/app/oracle/diag/crs/hannvzdlrasvr02/crs/trace/crsctl_179778.trc.
2024-12-17 20:32:44.742 [CRSCTL(184082)]CRS-1013: The OCR location in an ASM disk group is inaccessible. Details in /u01/app/oracle/diag/crs/hannvzdlrasvr02/crs/trace/crsctl_184082.trc.
2024-12-17 20:32:50.345 [CRSCTL(184312)]CRS-1013: The OCR location in an ASM disk group is inaccessible. Details in /u01/app/oracle/diag/crs/hannvzdlrasvr02/crs/trace/crsctl_184312.trc.
2024-12-17 21:33:00.882 [CRSCTL(190167)]CRS-1013: The OCR location in an ASM disk group is inaccessible. Details in /u01/app/oracle/diag/crs/hannvzdlrasvr02/crs/trace/crsctl_190167.trc.
2024-12-17 21:33:06.555 [CRSCTL(191844)]CRS-1013: The OCR location in an ASM disk group is inaccessible. Details in /u01/app/oracle/diag/crs/hannvzdlrasvr02/crs/trace/crsctl_191844.trc.
2024-12-17 22:33:17.215 [CRSCTL(195066)]CRS-1013: The OCR location in an ASM disk group is inaccessible. Details in /u01/app/oracle/diag/crs/hannvzdlrasvr02/crs/trace/crsctl_195066.trc.
2024-12-17 22:33:22.949 [CRSCTL(195375)]CRS-1013: The OCR location in an ASM disk group is inaccessible. Details in /u01/app/oracle/diag/crs/hannvzdlrasvr02/crs/trace/crsctl_195375.trc.
2024-12-17 23:33:33.568 [CRSCTL(202389)]CRS-1013: The OCR location in an ASM disk group is inaccessible. Details in /u01/app/oracle/diag/crs/hannvzdlrasvr02/crs/trace/crsctl_202389.trc.
2024-12-17 23:33:39.345 [CRSCTL(202646)]CRS-1013: The OCR location in an ASM disk group is inaccessible. Details in /u01/app/oracle/diag/crs/hannvzdlrasvr02/crs/trace/crsctl_202646.trc.
2024-12-17 23:42:25.706 [CRSCTL(264322)]CRS-1013: The OCR location in an ASM disk group is inaccessible. Details in /u01/app/oracle/diag/crs/hannvzdlrasvr02/crs/trace/crsctl_264322.trc.
2024-12-18 00:33:49.944 [CRSCTL(207579)]CRS-1013: The OCR location in an ASM disk group is inaccessible. Details in /u01/app/oracle/diag/crs/hannvzdlrasvr02/crs/trace/crsctl_207579.trc.
2024-12-18 00:33:55.602 [CRSCTL(211512)]CRS-1013: The OCR location in an ASM disk group is inaccessible. Details in /u01/app/oracle/diag/crs/hannvzdlrasvr02/crs/trace/crsctl_211512.trc.
2024-12-18 01:34:06.182 [CRSCTL(215089)]CRS-1013: The OCR location in an ASM disk group is inaccessible. Details in /u01/app/oracle/diag/crs/hannvzdlrasvr02/crs/trace/crsctl_215089.trc.
2024-12-18 01:34:11.781 [CRSCTL(215840)]CRS-1013: The OCR location in an ASM disk group is inaccessible. Details in /u01/app/oracle/diag/crs/hannvzdlrasvr02/crs/trace/crsctl_215840.trc.
2024-12-18 02:34:22.503 [CRSCTL(225255)]CRS-1013: The OCR location in an ASM disk group is inaccessible. Details in /u01/app/oracle/diag/crs/hannvzdlrasvr02/crs/trace/crsctl_225255.trc.
2024-12-18 02:34:28.229 [CRSCTL(225493)]CRS-1013: The OCR location in an ASM disk group is inaccessible. Details in /u01/app/oracle/diag/crs/hannvzdlrasvr02/crs/trace/crsctl_225493.trc.
2024-12-18 03:34:38.790 [CRSCTL(259288)]CRS-1013: The OCR location in an ASM disk group is inaccessible. Details in /u01/app/oracle/diag/crs/hannvzdlrasvr02/crs/trace/crsctl_259288.trc.
2024-12-18 03:34:44.483 [CRSCTL(263161)]CRS-1013: The OCR location in an ASM disk group is inaccessible. Details in /u01/app/oracle/diag/crs/hannvzdlrasvr02/crs/trace/crsctl_263161.trc.
2024-12-18 04:34:55.116 [CRSCTL(266718)]CRS-1013: The OCR location in an ASM disk group is inaccessible. Details in /u01/app/oracle/diag/crs/hannvzdlrasvr02/crs/trace/crsctl_266718.trc.
2024-12-18 04:35:00.826 [CRSCTL(266974)]CRS-1013: The OCR location in an ASM disk group is inaccessible. Details in /u01/app/oracle/diag/crs/hannvzdlrasvr02/crs/trace/crsctl_266974.trc.
2024-12-18 05:35:11.370 [CRSCTL(288846)]CRS-1013: The OCR location in an ASM disk group is inaccessible. Details in /u01/app/oracle/diag/crs/hannvzdlrasvr02/crs/trace/crsctl_288846.trc.
2024-12-18 05:35:16.979 [CRSCTL(289169)]CRS-1013: The OCR location in an ASM disk group is inaccessible. Details in /u01/app/oracle/diag/crs/hannvzdlrasvr02/crs/trace/crsctl_289169.trc.
2024-12-18 05:42:25.656 [CRSCTL(338929)]CRS-1013: The OCR location in an ASM disk group is inaccessible. Details in /u01/app/oracle/diag/crs/hannvzdlrasvr02/crs/trace/crsctl_338929.trc.
2024-12-18 06:35:27.655 [CRSCTL(292866)]CRS-1013: The OCR location in an ASM disk group is inaccessible. Details in /u01/app/oracle/diag/crs/hannvzdlrasvr02/crs/trace/crsctl_292866.trc.
2024-12-18 06:35:33.429 [CRSCTL(293113)]CRS-1013: The OCR location in an ASM disk group is inaccessible. Details in /u01/app/oracle/diag/crs/hannvzdlrasvr02/crs/trace/crsctl_293113.trc.
2024-12-18 07:35:44.074 [CRSCTL(300138)]CRS-1013: The OCR location in an ASM disk group is inaccessible. Details in /u01/app/oracle/diag/crs/hannvzdlrasvr02/crs/trace/crsctl_300138.trc.
2024-12-18 07:35:49.827 [CRSCTL(300363)]CRS-1013: The OCR location in an ASM disk group is inaccessible. Details in /u01/app/oracle/diag/crs/hannvzdlrasvr02/crs/trace/crsctl_300363.trc.
2024-12-18 08:36:00.313 [CRSCTL(303786)]CRS-1013: The OCR location in an ASM disk group is inaccessible. Details in /u01/app/oracle/diag/crs/hannvzdlrasvr02/crs/trace/crsctl_303786.trc.
2024-12-18 08:36:05.828 [CRSCTL(304076)]CRS-1013: The OCR location in an ASM disk group is inaccessible. Details in /u01/app/oracle/diag/crs/hannvzdlrasvr02/crs/trace/crsctl_304076.trc.
2024-12-18 09:36:16.381 [CRSCTL(312295)]CRS-1013: The OCR location in an ASM disk group is inaccessible. Details in /u01/app/oracle/diag/crs/hannvzdlrasvr02/crs/trace/crsctl_312295.trc.
2024-12-18 09:36:21.970 [CRSCTL(312516)]CRS-1013: The OCR location in an ASM disk group is inaccessible. Details in /u01/app/oracle/diag/crs/hannvzdlrasvr02/crs/trace/crsctl_312516.trc.
2024-12-18 10:36:32.566 [CRSCTL(316053)]CRS-1013: The OCR location in an ASM disk group is inaccessible. Details in /u01/app/oracle/diag/crs/hannvzdlrasvr02/crs/trace/crsctl_316053.trc.
2024-12-18 10:36:38.284 [CRSCTL(319904)]CRS-1013: The OCR location in an ASM disk group is inaccessible. Details in /u01/app/oracle/diag/crs/hannvzdlrasvr02/crs/trace/crsctl_319904.trc.
2024-12-18 11:36:48.756 [CRSCTL(324244)]CRS-1013: The OCR location in an ASM disk group is inaccessible. Details in /u01/app/oracle/diag/crs/hannvzdlrasvr02/crs/trace/crsctl_324244.trc.
2024-12-18 11:36:54.342 [CRSCTL(324491)]CRS-1013: The OCR location in an ASM disk group is inaccessible. Details in /u01/app/oracle/diag/crs/hannvzdlrasvr02/crs/trace/crsctl_324491.trc.
2024-12-18 11:42:25.696 [CRSCTL(363195)]CRS-1013: The OCR location in an ASM disk group is inaccessible. Details in /u01/app/oracle/diag/crs/hannvzdlrasvr02/crs/trace/crsctl_363195.trc.
2024-12-18 12:37:04.842 [CRSCTL(331833)]CRS-1013: The OCR location in an ASM disk group is inaccessible. Details in /u01/app/oracle/diag/crs/hannvzdlrasvr02/crs/trace/crsctl_331833.trc.
2024-12-18 12:37:10.477 [CRSCTL(332157)]CRS-1013: The OCR location in an ASM disk group is inaccessible. Details in /u01/app/oracle/diag/crs/hannvzdlrasvr02/crs/trace/crsctl_332157.trc.
2024-12-18 13:37:21.133 [CRSCTL(336056)]CRS-1013: The OCR location in an ASM disk group is inaccessible. Details in /u01/app/oracle/diag/crs/hannvzdlrasvr02/crs/trace/crsctl_336056.trc.
2024-12-18 13:37:26.800 [CRSCTL(336282)]CRS-1013: The OCR location in an ASM disk group is inaccessible. Details in /u01/app/oracle/diag/crs/hannvzdlrasvr02/crs/trace/crsctl_336282.trc.
